id,industrial_certificate_number
1,KZ.7500651.01.01.06223
7,KZ.7500651.01.01.06224
8,KZ.7500651.24.01.01772
9,KZ.7500651.01.01.06219
11,KZ.7500651.01.01.06220
13,KZ.7500651.01.01.06222
14,KZ.7500651.01.01.06221
16,KZ.7500651.01.01.06214
18,KZ.7500651.01.01.06215
20,KZ.7500651.01.01.06216
21,KZ.7500651.01.01.06213
27,KZ.7500651.01.01.06218
28,KZ.7500651.01.01.06217
29,KZ.7100317.24.01.03404
31,KZ.7100317.24.01.03403
32,KZ.7100317.22.01.00148
33,KZ.7100317.22.01.00149
37,-
44,TC N RU Д-KZ.АЛ16.В.51299
45,TC N RU Д-KZ.АЛ16.В.54993
46,ТС N RU KZ.АУ40.В.27941
47,KZ.5910317.22.01.00040
62,KZ.5910317.22.01.00041
85,Сертификат соответствия №KZ.7100749.01.01.00667
105,ТС N RU Д-KZ. ОМО2.В.21145
106,ТС RU C-KZAB24.B.04706
109,ТС RU L-KZ. Б32.В.03349
126,KZ.7500995.22.01.20038
131,KZ.7500995.22.01.20037
137,KZ.7500995.22.01.20024
143,KZ.7500995.22.01.20025
170,Сертификат соответствия № ЕАЭС KZ.7500091.21.01.38333 Серия KZ № 0149245
173,сертификат соответствия №KZ.7500551.01.01.00569
180,сертификат соответствия №KZ.7500551.01.01.00568
186,сертификат соответствия №KZ.7500551.01.01.00573
189,сертификат соответствия №KZ.7500551.01.01.00628
195,сертификат соответствия №KZ.7500551.01.01.00572
196,сертификат соответствия №KZ.7500551.01.01.00567
207,сертификат соответствия №KZ.7500551.01.01.00570
209,30.12.2020 №22-2/3076
227,Сертификат соответствия: ЕАЭСKZ.3510317.22.01.00231. Серия KZ №0162008
231,Декларация о соответствия: ЕАЭСKZ.3510317.24.01.03360
233,Сертификат соответствия: ЕАЭСKZ.3510317.22.01.00239. Серия KZ №0162013
237,Сертификат соответствия: ЕАЭСKZ.KZ.3510317.22.01.00240. Серия KZ №0162014
238,Сертификат соответствия: ЕАЭСKZ.3510317.22.01.00240. Серия KZ №0162014
240,Сертификат соответствия: ЕАЭСKZ.3510317.22.01.00238. Серия KZ №0162011
241,Сертификат соответствия: ЕАЭСKZ.3510317.22.01.00237 Серия KZ №0162012
242,Сертификат соответствия: ЕАЭСKZ.3510317.22.01.00235. Серия KZ №0162009
244,Сертификат соответствия: ЕАЭСKZ.3510317.22.01.00236. Серия KZ №0162010
251,KZ.7500317.01.01.22664
420,KZ.7500317.01.01.22757
463,Декларация №KZ7100317.24.01.03119
480,KZ.7100317.24.01.01371
493,Сертификат соответствия  №KZ.7700.02.01.00683013
494,Сертификат соответствия № KZ.7700.02.01.00682310
495,Сертификат соответствия № KZ.7700.02.01.00691718
498,KZ.7500361.24.01.05505
500,KZ.7500361.24.01.05506
501,KZ.1910317.24.01.02026
507,KZ.7500986.24.01.00674
508,KZ.7500986/24/01/00675
509,KZ.7500986.22.01.00864
511,KZ7500986.22.01.00864
513,KZ.1900193.22.01.30152
516,KZ.1900193.22.01.30153
518,KZ.1900193.22.01.30154
519,_
521,№KZ.7500317.01.01.22604
522,№KZ.7500317.01.01.22605
524,KZ.7500995.01.01.00380
526,KZ.7500995.01.01.00381
527,KZ.7500995.01.01.00382
528,KZ.7500995.01.01.00383
529,KZ.7500995.01.01.00384
530,KZ.7500995.01.01.00385
531,KZ.7500995.01.01.00386
532,KZ.7500995.01.01.00387
533,KZ.7500995.01.01.00388
534,KZ.7500995.01.01.00389
535,KZ.7500995.01.01.00390
538,KZ.7500995.01.01.00391
539,KZ.7500995.01.01.00392
540,KZ.7500995.01.01.00393
544,KZ.7100749.01.01.00816
579,№ ЕАЭС KZ.7500986.22.01.02021 Cерия KZ № 0178506
593,KZ.7500985.01.01.01988
594,KZ.7500317.01.01.22808
595,KZ.7500985.01.01.01868
596,KZ.7500985.01.01.01871
597,KZ.7500985.01.01.01870
598,KZ.7500985.01.01.01869
599,KZ.7500985.01.01.01995
600,Сертификат соответствия ЕАЭС № KZ.7500986.22.014005
603,№ЕАЭС KZ.7500851.22.01.02862
605,№ЕАЭС KZ.7500851.22.01.02863
606,№ЕАЭС KZ.7500851.22.01.02864
608,№ЕАЭС KZ.7500851.22.01.02865
609,№ЕАЭС KZ.7500851.22.01.02866
611,№ЕАЭС KZ.7500851.22.01.02868
612,№ЕАЭС KZ.7500851.22.01.02829
613,№ЕАЭС KZ.7500851.22.01.30
614,№ЕАЭС KZ.7500851.22.01.02830
615,№ЕАЭС KZ.7500851.22.01.02831
617,№ЕАЭС KZ.7500851.22.01.02832
618,№ЕАЭС KZ.7500851.22.01.02833
619,№ЕАЭС KZ.7500851.22.01.02834
621,№ЕАЭС KZ.7500851.22.01.02835
623,№ЕАЭС KZ.7500851.22.01.02836
625,№ЕАЭС KZ.7500851.22.01.02837
626,№ЕАЭС KZ.7500851.22.01.02838
629,№ЕАЭС KZ.7500851.22.01.02822
630,№ЕАЭС KZ.7500851.01.01.03328
632,№ЕАЭС KZ.7500851.01.01.03329
634,№ЕАЭС KZ.7500851.01.01.03330
635,№ЕАЭС KZ.7500851.01.01.03331
638,№ЕАЭС KZ.7500851.01.01.03332
639,№ЕАЭС KZ.7500851.01.01.03333
641,№KZ.7500851.24.01.21527
643,№KZ.7500851.24.01.21528
659,№ KZ2710317.24.01.01609
664,№ KZ2710317.24.01.01610
666,KZ2710317.24.01.01611
676,№ KZ.7100317.01.01.10357
701,№ KZ.7100317.01.01.10047
727,№ KZ.7100749.01.01.00794
738,№ KZ.7100841.01.01.05420
747,№ KZ.7100841.01.01.05430
750,№ KZ.7100317.01.01.10050
768,№ KZ.7100317.01.01.10049
782,№ KZ.7100317.01.01.10375
786,№ KZ.7100317.05.01.36429
787,№ KZ.7100317.01.01.10377
801,№ KZ.7100317.01.01.10342
811,№ KZ.7100317.01.01.10341
826,№ KZ.7100317.01.01.10048
831,№ KZ.7100749.01.01.00787
832,№ KZ.7100841.01.01.05425
833,№ KZ.7100317.01.01.10367
834,№ KZ.7100749.01.01.00782
836,№ KZ.7100317.01.01.10374
837,№ KZ.7100317.01.01.10051
841,№ KZ.7100841.01.01.05417
844,№ KZ.1110317.01.01.15164
847,№ KZ.7100841.01.01.05416
854,№ KZ.7100317.01.01.10363
858,№ KZ.7100317.01.01.10356
859,№ KZ.7100317.01.01.10359
860,№ KZ.7100841.01.01.05177
862,№ KZ.7100841.01.01.05424
863,№ KZ.7100749.01.01.00795
866,№ KZ.7100317.01.01.10392
872,№ KZ.7100317.05.01.36434
882,ЕАЭС № KZ.7100317.24.01.01368
884,ЕАЭС № KZ.7100317.22.01.00100
885,ЕАЭС № KZ.7100317.24.01.01367
971,ЕАЭС № KZ.7100317.22.01.00101
972,ЕАЭС № KZ.7100317.22.01.00102
974,ЕАЭС № KZ.7100317.22.01.00103
984,ЕАЭС № KZ.7100317.22.01.00104
996,Сертификат соответствия № ЕАЭС KZ.7500651.22.01.00815
998,Сертификат соответствия № ЕАЭС KZ.7500651.22.01.00816
1000,Сертификат соответствия № ЕАЭС KZ.7500651.22.01.00856
1001,Декларация о соответствии ЕАЭС №KZ.7500651.24.01.01282
1002,Декларация о соответствии ЕАЭС №KZ.7500651.24.01.01283
1003,Сертификат соответствия № ЕАЭС KZ.7500651.22.01.00858
1005,Декларация о соответствии ЕАЭС №KZ.7500651.24.01.01368
1008,Сертификат соответствия № ЕАЭС KZ.7500651.22.01.00857
1009,Декларация о соответствии ЕАЭС №KZ.7500651.24.01.01366
1010,Декларация о соответствии ЕАЭС №KZ.7500651.24.01.01367
1012,Сертификат соответствия № ЕАЭС KZ.7500651.22.01.00819
1022,Декларация о соответствии ЕАЭС №KZ.7500651.24.01.01286
1023,Сертификат соответствия № ЕАЭС KZ.7500651.22.01.01451
1024,Декларация о соответствии ЕАЭС №KZ.7500651.24.01.01860
1025,Декларация о соответствии ЕАЭС №KZ.7500651.24.01.01861
1026,Декларация о соответствии ЕАЭС №KZ.7500651.24.01.01862
1028,Декларация о соответствии ЕАЭС №KZ.7500651.24.01.01863
1031,Декларация о соответствии ЕАЭС №KZ.7500651.24.01.01864
1041,Декларация о соответствии ЕАЭС №KZ.7500651.24.01.01288
1043,сертификат соответствия  EAЭC KZ.7500986.21.01.04402
1057,Сертификат соответствия № ЕАЭС KZ.7100628.01.01.04699
1058,Сертификат соответствия № ЕАЭС KZ.7100628.01.01.04700
1059,Сертификат соответствия № ЕАЭС KZ.7100628.01.01.04701
1060,Сертификат соответствия № ЕАЭС KZ.7100628.01.01.04702
1069,Декларация о соответствии ЕАЭС № KZ.7100628.24.01.00191
1078,№ KZ.7700.02.01.00719971 РУ  РК-ИМН-5№015042
1079,KZ.7700.02.01.00719977  РУ  РК-ИМН-5№015045
1080,KZ.7700.02.01.00719976 РУ  РК-ИМН-5№015041
1081,KZ.7700.02.01.00750655  РК-ИМН-5№016446
1082,KZ.7700.02.01.00719970 РУ  РК-ИМН-5№015043
1083,"KZ.7700.02.01.00726484 , РУ  РК-ИМН-5№016441"
1084,KZ.7700.02.01.00705652  РУ РК-ИМН-5№016443
1085,KZ.7700.02.01.00705672  РУ  РК-ИМН- 5№020630
1086,KZ.7700.02.01.00705668  РУ  РК-ИМН-5№021585
1087,Декларация соответствия  ЕАЭС KZ.7500802.24.01.01182
1088,Декларация соответствия  ЕАЭС KZ.7500802.24.01.01180
1089,Декларация соответствия ЕАЭС KZ.7500802.24.01.01181
1091,Декларация соответствия ЕАЭС KZ.7500802.24.01.01179
1093,Декларация соответствия ЕАЭС KZ.7500802.24.01.01178
1102,Сертификат соответствия ЕАЭС №KZ7500802.22.01.00258
1103,Сертификат соответствия ЕАЭС №KZ7500802.22.01.00259
1104,Декларация соответствия ЕАЭС №KZ7500802.24.01.01258
1105,Декларация соответствия ЕАЭС №KZ7500802.24.01.01259
1106,Декларация соответствия ЕАЭС №KZ7500802.24.01.01260
1107,Декларация соответствия ЕАЭС №KZ7500802.24.01.01261
1108,Декларация соответствия ЕАЭС №KZ7500802.24.01.01262
1109,Декларация соответствия ЕАЭС №KZ7500802.24.01.01263
1110,Декларация соответствия ЕАЭС №KZ7500802.24.01.01264
1112,Декларация соответствия ЕАЭС №KZ7500802.24.01.01265
1113,Декларация соответствия ЕАЭС №KZ7500802.24.01.01266
1114,Декларация соответствия ЕАЭС №KZ7500802.24.01.01267
1116,Декларация соответствия ЕАЭС №KZ7500802.24.01.01268
1117,Декларация соответствия ЕАЭС №KZ7500802.24.01.01269
1118,Декларация соответствия ЕАЭС №KZ7500802.24.01.01270
1119,Декларация соответствия ЕАЭС №KZ7500802.24.01.01334
1121,Декларация соответствия ЕАЭС №KZ7500802.24.01.01335
1122,Сертификат соответствия ЕАЭС №KZ7500995.22.01.20046
1124,Сертификат соответствия ЕАЭС №KZ7500995.22.01.20041
1126,Декларация соответствия ЕАЭС №KZ7500802.24.01.01336
1127,Декларация соответствия ЕАЭС №KZ7500802.24.01.01337
1128,Декларация соответствия ЕАЭС №KZ7500802.24.01.01338
1129,Декларация соответствия ЕАЭС №KZ7500995.24.01.20209
1130,Декларация соответствия ЕАЭС №KZ7500995.24.01.20210
1133,Декларация соответствия ЕАЭС №KZ7500802.24.01.01354
1135,№ЕАЭС KZ.1900193.22.01.70014
1159,декларация соответствия KZ.7500986.24.01.50017
1161,сертификат соответствия KZ.7500995.01.01.00374
1163,сертификат соответствия KZ.7500995.01.01.00375
1167,"Декларация о соответствии
KZ.7500651.24.01.01377"
1168,Сертификат о соответствии КZ.7500651.22.01.00989
1169,"Декларация о соответствии
KZ.7500651.24.01.01378"
1170,"Декларация о соответствии
KZ.7500651.24.01.01380"
1171,Сертификат о соответствии КZ.7500651.01.01.0681
1172,Сертификат о соответствии КZ.7500651.01.01.06810
1173,"Декларация о соответствии
KZ.7500651.24.01.01381"
1174,Сертификат о соответствии КZ.7500651.01.01.06811
1176,"Декларация о соответствии
KZ.7500651.24.01.01382"
1177,"Декларация о соответствии
KZ.7500651.24.01.01379"
1178,"Декларация о соответствии
KZ.7500651.24.01.01383"
1179,"Декларация о соответствии
KZ.7500651.24.01.01384"
1180,"Декларация о соответствии
KZ.7500651.24.01.01385"
1181,"Декларация о соответствии
KZ.7500651.24.01.01386"
1182,"Декларация о соответствии
KZ.7500651.24.01.01387"
1183,Сертификат о соответствии КZ.7500651.22.01.00990
1184,"Декларация о соответствии
KZ.7500651.24.01.01388"
1185,Сертификат о соответствии КZ.7500651.01.01.06812
1186,Сертификат о соответствии КZ.7500651.22.01.00991
1187,"Декларация о соответствии
KZ.7500651.24.01.01389"
1188,Сертификат о соответствии КZ.7500651.01.01.06813
1215,Сертификат соответствия № KZ.5510317.01.01.16142
1218,Сертификат соответствия № KZ.5510317.01.01.16143
1220,№ KZ.2710317.24.01.02111
1239,KZ.3510317.22.01.00501
1244,KZ 7500986.22.01.00834
1246,KZ 7500986.22.01.00837
1253,KZ 7500986.22.01.00838
1271,KZ 7500986.22.01.00839
1285,166547
1325,№ ТС KZ.3510317.22.01.00104
1326,"№ ТС KZ.3510317.22.01.00104


№ ТС KZ.3510317.22.01.00105"
1329,№ ТС KZ.3510317.22.01.00105
1338,№ ТС KZ.3510317.01.01.14035
1350,Сертификат соответствия продукции №KZ.7700.02.01.00730412
1360,KZ.7500651.01.01.06779
1361,KZ.7500651.01.01.06780
1362,KZ.7500651.01.01.06781
1363,KZ.7500651.01.01.06782
1364,KZ.7500651.01.01.06783
1365,KZ.7500651.01.01.06784
1367,KZ.7500651.01.01.06785
1368,KZ.7500651.01.01.06786
1370,KZ.7500651.01.01.06787
1371,KZ.7500651.01.01.06788
1372,KZ.7500651.01.01.06789
1373,KZ.7500651.24.01.01318
1374,KZ.7500651.24.01.01317
1375,KZ.7500651.01.01.06790
1376,KZ.7500651.01.01.06791
1377,KZ.7500651.01.01.06792
1378,KZ.7500651.22.01.00847
1379,"KZ.7700.02.01.00673109
KZ.7700.02.01.00712340
KZ.7700.02.01.00739732"
1380,ЕAЭС KZ 7100984.13.12.00093
1387,KZ.3110317.24.01.05097
1432,KZ.3110317.24.01.05098
1464,KZ.3110317.22.01.00518
1627,"Сертификат ISO 13485:2016 № KAS-140220-00002,
Сертификат соответствия продукции (при декларировании) № КZ.7700.02.01.00675256
Сертификат соответствия продукции (при декларировании) № КZ.7700.02.01.00643285, выданный РГП ПХВ «Национальный центр экспертизы ЛС и МИ»
Сертификат соответствия продукции (при декларировании) № КZ.7700.02.01.00657912, выданный РГП ПХВ «Национальный центр экспертизы ЛС и МИ»
Сертификат соответствия продукции (при декларировании) № КZ.7700.02.01.00690969, выданный РГП ПХВ «Национальный центр экспертизы ЛС и МИ»
Сертификат соответствия продукции (при декларировании) № КZ.7700.02.01.00690970, выданный РГП ПХВ «Национальный центр экспертизы ЛС и МИ»
Сертификат соответствия продукции (при декларировании) № КZ.7700.02.01.00691005, выданный РГП ПХВ «Национальный центр экспертизы ЛС и МИ»
Сертификат соответствия продукции (при декларировании) № КZ.7700.02.01.00758356, выданный РГП ПХВ «Национальный центр экспертизы ЛС и МИ»
Сертификат соответствия продукции (при декларировании) № КZ.7700.02.01.00660982, выданный РГП ПХВ «Национальный центр экспертизы ЛС и МИ»
Сертификат соответствия продукции (при декларировании) № КZ.7700.02.01.00667095, выданный РГП ПХВ «Национальный центр экспертизы ЛС и МИ»
Сертификат соответствия продукции (при декларировании) № КZ.7700.02.01.00667096, выданный РГП ПХВ «Национальный центр экспертизы ЛС и МИ»
Сертификат соответствия продукции (при декларировании) № КZ.7700.02.01.00675254, выданный РГП ПХВ «Национальный центр экспертизы ЛС и МИ»
Сертификат соответствия продукции (при декларировании) № КZ.7700.02.01.00752577, выданный РГП ПХВ «Национальный центр экспертизы ЛС и МИ»"
1857,Декларация соответствия KZ.3110317.24.01.05190 10.09.2019 - 21.06.2022 г.
1858,Декларация о соответствии ЕАЭС № KZ Д-KZ.0317.B.00068
1862,Сетрификат соответствия №ЕАЭС ТС KZ C-KZ.0317.B.00014 Серия KZ №0168718
1863,Декларация о соответствии ЕАЭС № KZ Д-KZ.0317.B.00067
2859,№ ЕАЭС KZ 3510317.01.01.00332
1628,"Сертификат ISO 13485:2016 № KAS-140220-00002,
Сертификат соответствия продукции (при декларировании) № КZ.7700.02.01.00675256,
Сертификат соответствия продукции (при декларировании) № КZ.7700.02.01.00643285, 
Сертификат соответствия продукции (при декларировании) № КZ.7700.02.01.00657912,
Сертификат соответствия продукции (при декларировании) № КZ.7700.02.01.00690969, 
Сертификат соответствия продукции (при декларировании) № КZ.7700.02.01.00690970, 
Сертификат соответствия продукции (при декларировании) № КZ.7700.02.01.00691005, 
Сертификат соответствия продукции (при декларировании) № КZ.7700.02.01.00758356, 
Сертификат соответствия продукции (при декларировании) № КZ.7700.02.01.00660982,
Сертификат соответствия продукции (при декларировании) № КZ.7700.02.01.00667095, 
Сертификат соответствия продукции (при декларировании) № КZ.7700.02.01.00667096,
Сертификат соответствия продукции (при декларировании) № КZ.7700.02.01.00675254, 
Сертификат соответствия продукции (при декларировании) № КZ.7700.02.01.00752577,"
1629,Сертификат ISO 13485:2016 № KAS-140220-00002
1650,№KZ.7700.02.01.00751226
1651,№KZ.7700.02.01.00724388
1652,№KZ.7700.02.01.00724483
1653,№KZ.7700.02.01.00755554
1654,№KZ.7700.02.01.00751694
1655,№KZ.7700.02.01.00760056
1656,№KZ.7700.02.01.00719855
1657,№KZ.7700.02.01.00767127
1658,№KZ.7700.02.01.00739472
1659,№KZ.7700.02.01.00744754
1660,№KZ.7700.02.01.00736080
1661,№KZ.7700.02.01.00729739
1662,№KZ.7700.02.01.00744073
1663,№KZ.7700.02.01.00741164
1664,№KZ.7700.02.01.00746011
1665,№KZ.7700.02.01.00748872
1666,№KZ.7700.02.01.00720332
1667,№KZ.7700.02.01.00754772
1668,№KZ.7700.02.01.00724373
1669,№KZ.7700.02.01.00715412
1670,№KZ.7700.02.01.00766145
1671,№KZ.7700.02.01.00703518
1672,№KZ.7700.02.01.00746007
1673,№KZ.7700.02.01.00729156
1674,№KZ.7700.02.01.00752959
1675,№KZ.7700.02.01.00677347
1676,№KZ.7700.02.01.00764640
1677,№KZ.7700.02.01.00766875
1678,№KZ.7700.02.01.00751604
1679,№KZ.7700.02.01.00752611
1680,№KZ.7700.02.01.00742517
1681,№KZ.7700.02.01.00762814
1682,№KZ.7700.02.01.00764336
1683,"KZ.7500995.22.01.00125
6203291100"
1684,"KZ.7500995.22.01.00124
6203221000"
1691,"KZ.7500995.22.01.00123
6203291100"
1693,"KZ.7500995.22.01.
00122
6211331000"
1694,"KZ.7500995.22.01.00122
6211331000"
1699,"KZ.7500995.22.01.00121
6203425100"
1700,"KZ.7500955.01.01.
00405 
6211421000"
1701,"KZ.7500955.01.01.
00406
6205908009"
1702,"KZ.7500955.01.01.
00407
6206909000"
1703,"KZ.7500995.0101.
00408
6211331000"
1704,"KZ.7500995.24.01.02149
6116108000"
1705,"KZ.7500995.24.01.02148
6216000000"
1706,"KZ.7500995.24.01.02148 
6216000000"
1715,"KZ.7500995.24.01.02147
6203231000"
1719,"KZ.7500995.24.01.02150 
6203431900"
1720,"KZ.7500995.24.01.02151 
6505003000"
1721,"KZ.7500995.24.01.02152
6506108000"
1722,"KZ.7500995.24.01.02153
6201930000"
1723,"KZ.7500995.24.01.02154
6505009000"
1724,"KZ.7500995.24.01.02155
9404299000"
1725,"KZ.7500995.24.01.02156
9404909000"
1726,KZ.7500995.24.01.02 156 6211321000
1727,"KZ.7500995.24.01.02157
9404901000"
1728,"KZ.7500995.22.01.00105
6207110000"
1730,"KZ.7500995.22.01.00106
6207210000"
1732,"KZ.7500995.22.01.00106
6207290000"
1733,"KZ.7500995.22.01.00107
6302310009"
1738,"KZ.7500995.22.01.00108
6302310000"
1739,"KZ.7500995.22.01.00109
6109902000"
1741,"KZ.7500995.22.01.00120
6211421000"
1742,"KZ.7500995.22.01.00119
6216000000"
1743,"KZ.7500995.22.01.00118
6203433100"
1747,"KZ.7500995.22.01.00117
6201990000"
1748,"KZ.7500995.22.01.00116
6203221000"
1750,"KZ.7500995.22.01.00115
6203231000"
1752,"KZ.7500995.22.01.00112
6203291100"
1753,"KZ.7500995.22.01.00111
6203431100"
1754,"KZ.7500995.22.01.00110
6211321000"
1764,KZ.7500995.22.01.00 125  6211321000
1765,KZ.7500995.22.01.00 124  6211321000
1782,Регистрационное удостоверение РК-МИ (in vitro) - №022973
1783,KZ № 0131040
1787,KZ№ 0028959
1792,KZ № 0131039
1797,KZ№0131043 от
1799,KZ№0131039
1804,KZ№ 0232123
1824,KZ №0131042
1826,KZ.3110317.22.01.00567 Серия KZ №0028913
1829,KZ.3110317.22.01.00646 Серия KZ №0130999
1830,KZ.3110317.22.01.00645 Серия KZ №0130998
1831,KZ.3110317.22.01.00642 Серия KZ №0130997
1833,KZ.3110317.22.01.00641 Серия KZ №0130996
1834,KZ.3110317.22.01.00640 Серия KZ №0130995
1835,KZ.3110317.22.01.00638 Серия KZ №0130993
1836,KZ.3110317.22.01.00639 Серия KZ №0130994
1837,KZ.3110317.22.01.00647 Серия KZ №0131000
1841,KZ.3110317.22.01.00643 Серия KZ №0131002
1845,KZ.3110317.22.01.00648 Серия KZ №0131001
1849,KZ.3110317.22.01.00644 Серия KZ №0131003
1853,KZ.3110317.22.01.00573 Серия KZ №0028918
2355,KZ.7700.02.01.00812614/
1865,Декларация о соответствии ЕАЭС № KZ Д-KZ.0317.B.00066
1866,Сетрификат соответствия №ЕАЭС ТС KZ C-KZ.0317.B.00016 Серия KZ №0168719
1871,Декларация о соответствии ЕАЭС № KZ Д-KZ.0317.B.00065
1872,Декларация о соответствии ЕАЭС № KZ Д-KZ.0317.B.00064
1873,"Декларация о соответствии ЕАЭС KZ
KZ. 5110317.13.12.00210"
1874,"Декларация о соответствии ЕАЭС KZ
KZ. 5110317.13.12.00211"
1877,"Декларация о соответствии ЕАЭС KZ
KZ. 5110317.13.12.00212"
1879,"Сертификат соответствия ЕАЭС KZ KZ.
5110317.01.01.00032
Серия KZ №0168730"
1885,Регистрационное удостоверение РК-ИМН-5№004026; №KZ.7700.02.01.00757823 ; №KZ.7700.02.01.00757817 ; №KZ.7700.02.01.00758077 ; №KZ.7700.02.01.00757361 ; №KZ.7700.02.01.00758404 ; №KZ.7700.02.01.00757656 ; №KZ.7700.02.01.00758399 .; №KZ.7700.02.01.00758405
1888,Регистрационное удостоверение PK-ИMH-5№020562
1889,Регистрационное удостоверение РК-ИМН-5№004027 ; №KZ.7700.02.01.00758402; №KZ.7700.02.01.00758073 .; №KZ.7700.02.01.00757487 ; №KZ.7700.02.01.00758401.
1890,Регистрационное удостоверение PK-ИMH-5№000565 ; №KZ.7700.02.01.00741509; №KZ.7700.02.01.00769962 ; №KZ.7700.02.01.00741512 ; №KZ.7700.02.01.00740936 .
1891,Регистрационное удостоверение PK-ИMH-5№0l9795
1892,Регистрационное удостоверение РК-ИМH-5№019796
1894,Регистрационное удостоверение РК-ИМH-5№020566
1896,Регистрационное удостоверение РК-ИМН-5№020563
1898,Регистрационное удостоверение PK-ИMH-5№001273 ; №KZ.7700.02.01.00757375
1899,Регистрационное удостоверение PK-ИMH-5№010011; №KZ.7700.02.01.00729390
1900,Регистрационное удостоверение PK-ИMH-5№019794
1901,Регистрационное удостоверение PK-ИMH-5№019797
1902,Регистрационное удостоверение PK-ИMH-5№021392
1903,KZ.7500937.01.01.00026
1904,KZ.7500937.01.01.00027
1905,KZ.7500937.01.01.00028
1907,KZ.7500937.01.01.00029
1960,ЕАЭС KZ 7500986.01.01.01001
1968,# KZ. 7500361.22.01.03253
1977,# KZ. 7500361.22.01.03254
1989,# KZ. 7500361.22.01.03255
2001,# KZ. 7500361.22.01.03251
2027,# KZ. 7500361.22.01.03252
2036,# РОСС RU C-KZ.АЯ09.В.00050/20
2107,KZ.7500651.22.01.00822
2111,KZ. 75000651.24.01.01292
2123,KZ.7500651.24.01.01293
2127,KZ.7500651.22.01.00823
2139,KZ.7500651.22.01.00824
2143,KZ.7500651.22.01.00825
2147,KZ.7500651.22.01.00834
2150,KZ.7500651.22.01.00827
2153,KZ.7500651.22.01.00828
2155,KZ.7500651.24.01.01294
2159,KZ.7500651.24.01.01295
2162,KZ.7500651.22.01.0829
2168,KZ.7500651.24.01.01296
2171,KZ.7500651.22.01.00830
2173,KZ.7500651.22.01.00831
2176,KZ.7500651.22.01.00833
2214,КZ.7500651.22.01.01038
2215,KZ.7500651.24.01.01430
2217,"ТС KZ C-KZ.0651.B.00047, 4465/ЛП"
2218,Сертификат соответствия ЕАЭС ТС KZ C-KZ.0651.B.00047
2219,Сертификат соответствия ЕАЭС ТС KZ C-KZ.0651.B.00048
2220,Декларация соответствия ЕАЭС N KZ Д-KZ.0651.B.00071
2223,Декларация соответствия ЕАЭС KZ.7500651.24.01.01433
2224,Декларация соответствия ЕАЭС KZ.7500651.24.01.01431
2225,Декларация соответствия ЕАЭС KZ.7500651.13.12.03120
2226,Сертификат соответствия ЕАЭС KZ.7500651.01.01.01276
2228,Сертификат соответствия ЕАЭС KZ.7500651.01.01.01277
2271,KZ.3110317.22.01.00611
2272,KZ.3110317.22.01.00613
2274,KZ.3110317.22.01.00612
2276,KZ.3110317.22.01.00618
2277,KZ.3110317.22.01.00617
2278,KZ.3110317.22.01.00616
2279,KZ.3110317.22.01.00614
2280,KZ.3110317.22.01.00615
2281,KZ.3110317.24.01.05255
2283,KZ.3110317.24.01.05256
2284,KZ.3110317.24.01.05257
2285,KZ.3110317.24.01.05258
2298,KZ.7500986.22.01.02016
2299,KZ.7500986.22.01.02017
2300,KZ.7500986.22.01.02018
2301,KZ.7500986.22.01.02019
2302,KZ.7500986.22.01.02029
2304,KZ.7500986.24.01.02105
2305,KZ.7500986.24.01.02110
2306,KZ.7500986.24.01.02106
2307,KZ.7500986.24.01.02092
2308,KZ.7500986.24.01.02091
2309,KZ.7500986.24.01.02090
2310,KZ.7500986.24.01.02089
2311,KZ.7500986.24.01.02107
2312,KZ.7500986.24.01.02087
2313,KZ.7500986.24.01.02108
2314,KZ.7500986.24.01.02109
2315,KZ.7500986.24.01.02093
2316,KZ.7500986.24.01.02086
2326,ЕАЭС № KZ.5910317.24.01.01513
2327,ЕАЭС № KZ.5910317.24.01.01511
2334,ЕАЭС № KZ.5910317.24.01.01512
2336,ЕАЭС № KZ.3910317.01.01.00015
2348,№ 009-2021/ОП
2351,KZ.7700.02.01.00812607/
2352,KZ.7700.02.01.00812610/
2353,KZ.7700.02.01.00812613/
2354,KZ.7700.02.01.00812606/
2356,№KZ.7500551.01.01.00483 от 15.02.2022г. до 15.02.2023
2357,9 от 06.04.2022
2389,KZ 7500802.13.12.00590
2440,KZ.7500551.01.01.00591
2443,EAЭС KZ.7500986.01.01.00236
2446,KZ.3510103.24.01.00003
2447,KZ.3510103.22.01.00013
2448,KZ.3510103.22.01.00119
2451,KZ.3510103.22.01.00125
2456,KZ.3510103.22.01.00012
2473,KZ.3510103.24.01.00068
2474,KZ.7500651.22.01.00855
2475,KZ.3510103.24.01.00063
2479,KZ.3510103.22.01.00091
2490,KZ.3510396.13.12.00081
2493,KZ.3510396.01.01.00074
2496,KZ.3510396.13.12.00112
2497,KZ.3510103.24.01.00001
2500,KZ.3510396.13.12.00070
2501,KZ.3510103.24.01.00067
2503,KZ.3510103.22.01.00001
2505,KZ.3510103.24.01.00004
2515,KZ.3510103.22.01.00060
2516,KZ.3510103.22.01.00062
2517,KZ.3510103.22.01.00059
2519,KZ.3510103.22.01.00061
2521,KZ.3510103.22.01.00092
2525,KZ.3510103.24.01.00128
2530,KZ.3510103.24.01.00102
2545,KZ.3510103.22.01.00014
2599,KZ.3510103.24.01.00091
2600,KZ.3510103.24.01.00092
2601,KZ.3510103.22.01.00122
2602,KZ.3510103.24.01.00002
2603,KZ.3510103.24.01.00027
2604,KZ.3510103.24.01.00028
2605,KZ.3510103.24.01.00029
2606,KZ.3510103.24.01.00030
2607,KZ.3510103.24.01.00031
2608,KZ.3510103.22.01.00033
2609,KZ.3510103.22.01.00109
2610,KZ.3510103.22.01.00032
2611,KZ.3510103.22.01.00161
2612,KZ.3510103.22.01.00164
2613,KZ.3510103.22.01.00165
2614,KZ.3510103.22.01.00160
2616,KZ.3510103.22.01.00171
2617,KZ.3510103.22.01.00173
2619,KZ.3510103.22.01.00163
2620,KZ.3510103.22.01.00162
2621,KZ.3510396.13.12.00071
2627,ЕАЭС KZ.7500651. 13.12.04946
2632,Декларация соответствия ЕАЭС № KZ3510396/13/12/00121
2634,Декларация соответствия ЕАЭС № KZ3510396/13/12/00122
2636,Декларация соответствия ЕАЭС № KZ3510396/13/12/00123
2638,Декларация соответствия ЕАЭС № KZ3510396/13/12/00124
2640,Сертификат соответствия ЕАЭС № KZ3510396.01.01.00090
2642,Декларация соответствия ЕАЭС № KZ3510396/13/12/00120
2644,Сертификат соответствия ЕАЭС № KZ3510396.01.01.00091
2646,Сертификат соответствия ЕАЭС № KZ3510396.01.01.00092
2647,Сертификат соответствия ЕАЭС № KZ3510396.01.01.00089
2648,Сертификат соответствия ЕАЭС № KZ3510396.01.01.00093
2655,№ KZ.7700.01.01.00567653
2656,№ KZ.7700.01.01.00627583
2657,№ KZ.7700.01.01.00628908
2658,№ KZ.7700.01.01.00628910
2659,№ KZ.7700.01.01.00714432
2660,№ KZ.7700.01.01.00638863
2661,№ KZ.7700.02.01.00712021
2662,№ KZ.7700.01.01.00620715
2663,№ KZ.7700.01.01.00605227
2664,№ KZ.7700.02.01.00842883
2665,№ KZ.7700.02.01.00857217
2666,№ KZ.7700.02.01.00861736
2667,№ KZ.7700.02.01.00858530
2668,№ KZ.7700.02.01.00860448
2669,ЕАЭС KZ.7100749.22.01.05022
2675,ЕАЭС KZ.7100749.22.01.05021
2678,ЕАЭС KZ 7500986.01.01.01388
2681,№ЕАЭС KZ 3910317.01.01.00094  ЕАЭС KZ 3910317.13.12.01143
2682,№ЕАЭС KZ 3910317.13.12.01173  №ЕАЭС KZ 3910317.01.01.00098 -
2683,№ ЕАЭС KZ 3910317.13.12.00999
2686,"№ЕАЭС KZ 7500937.01.01.00713 
серия KZ №0134060"
2687,"№ЕАЭС KZ 7500937.01.01.00714 
серия KZ №0134061"
2690,KZ.7100628.01.01.04774
2691,KZ.7100628.01.01.04775
2706,Сертификат соответствия №KZ.7500114.01.01.01833.
2730,Декларация  соответствия  ЕАЭС № KZ.7500114.24.01.12573
2732,Декларация  соответствия ЕАЭС № KZ.7500114.24.01.12573
2738,ДС  ЕАЭС № KZ.7500114.24.01.12574
2739,Декларация  соответствия ЕАЭС № KZ.7500114.24.01.12574
2740,Декларация  соответствия ЕАЭС № KZ.7500651.24.01.03142
2742,Декларация  соответствия  ЕАЭС № KZ.7500651.24.01.03142
2767,KZ.7500995.01.01.00444
2769,"Письмо «Об отношении необходимости обязательного подтверждения соответствия продукции» №63 от 01.07.22г.
ТОО «Cosmomed»"
2779,KZ.7500995.01.01.00594
2780,KZ.7500995.01.01.00449
2786,KZ.7500995.01.01.00443
2830,KZ.7500995.01.01.00450
2841,KZ.7500995.01.01.00447
2842,KZ.7500995.01.01.00595
2843,KZ.7500995.01.01.00448
2847,KZ.7500995.01.01.00446
2849,KZ.7500995.01.01.00445
2851,"№    ЕАЭС    KZ    3110317.01.01.00016,"
2852,№ ЕАЭС KZ      3110317.01.01.00026
2853,№ ЕАЭС KZ      3110317.01.01.00024
2854,№ ЕАЭС KZ      3110317.01.01.00028
2855,№ ЕАЭС KZ      3110317.01.01.00029
2856,№ ЕАЭС KZ      3110317.01.01.00018
2858,№ ЕАЭС KZ 3510317.01.01.00330
2860,№ ЕАЭС KZ      3110317.01.01.00059
2865,№ ЕАЭС KZ      3110317.01.01.00061
2866,№ ЕАЭС KZ      3110317.01.01.00062
2867,№ ЕАЭС KZ     3110317.01.01.00063
2868,№ ЕАЭС KZ      3110317.01.01.00060
2869,№ ЕАЭС KZ      3110317.01.01.00021
2871,№ ЕАЭС KZ      3110317.01.01.00025
2875,№ ЕАЭС KZ      3110317.01.01.00022
2877,№ ЕАЭС KZ      3110317.01.01.00017
2878,№ ЕАЭС KZ      3110317.01.01.00027
2881,№ ЕАЭС KZ     3110317.01.01.00026
2882,№ ЕАЭС KZ      3110317.01.01.00015
2883,№ ЕАЭС KZ      3110317.01.01.00064
2884,№ ЕАЭС KZ     3110317.01.01.00019
2885,№ ЕАЭС KZ      3110317.01.01.00020
2890,№ ЕАЭС KZ      3110317.01.01.00023
2892,№ ЕАЭС KZ 3510317.01.01.00331
2931,KZ.7100841.05.01.00027
2955,KZ.7100841.05.01.00028
2958,№ ЕАЭС KZ 7100841.05.01.00138.
2968,№ ЕАЭС KZ 7100841.05.01.00139
3014,Сертификат соответствия продукции (при декларировании) №KZ.7700.02.01.00705311
3015,Сертификат соответствия продукции (при декларировании) №KZ.7700.02.01.00703400
3016,Сертификат соответствия продукции (при декларировании) №KZ.7700.02.01.00703412
3017,Сертификат соответствия продукции (при декларировании) №KZ.7700.02.01.00701997
3018,Сертификат соответствия продукции (при декларировании) №KZ.7700.02.01.00702162
3019,Сертификат соответствия продукции (при декларировании) №KZ.7700.02.01.00702583
3020,Сертификат соответствия продукции (при декларировании) №KZ.7700.02.01.00703379
3021,Сертификат соответствия продукции (при декларировании) №KZ.7700.02.01.00702190
3022,Сертификат соответствия продукции (при декларировании) №KZ.7700.02.01.00702139
3023,Сертификат соответствия продукции (при декларировании) №KZ.7700.02.01.00702155
3024,Сертификат соответствия продукции (при декларировании) №KZ.7700.02.01.00702053
3025,Сертификат соответствия продукции (при декларировании) №KZ.7700.02.01.00702031
3026,Сертификат соответствия продукции (при декларировании) №KZ.7700.02.01.00702052
3030,№ЕАЭС ЕАЭСKZ7500986.01.01.02157
3034,№ЕАЭС RU C-KZ.MH06.B.01387/21
3051,ЕАЭС KZ 7500986.01.01.02327 с
3053,ЕАЭС KZ 7500986.01.01.02328 с
3054,ЕАЭС KZ 7500986.01.01.02329 с
3055,ЕАЭС KZ 7500986.01.01.02330 с
3057,KZ.3510987.24.01.00220
3059,ЕАЭС KZ 3510396.13.12.00079
3061,ЕАЭС KZ 3510396.13.12.00086
3063,ЕАЭС KZ 3510396.13.12.00077
3065,ЕАЭС KZ 3510396.13.12.00080 с
3067,ЕАЭС KZ 3510396.01.01.00057 с
3070,ЕАЭС KZ 3510396.01.01.00056 с
3073,ЕАЭС KZ 3510396.01.01.00058 с
3074,ЕАЭС KZ 3510396.13.12.00076
3075,ЕАЭС KZ 3510396.13.12.00075
3076,ЕАЭС KZ 3510396.13.12.00072
3077,ЕАЭС KZ 3510396.01.01.00052
3078,ЕАЭС KZ 3510396.01.01.00055 с
3079,ЕАЭС KZ 3510396.01.01.00054
3080,ЕАЭС KZ 3510396.01.01.00053
3081,KZ 3510396.01.01.00006
3082,ЕАЭС KZ.3510396.13.12.00073
3096,"1) Декларация о соответствии KZ.3510317.24.01.01797, KZ.3510317.24.01.01798 KZ.3510317.01.01.00413  KZ.3510317.01.01.00414"
3195,№ТС KZ.3510103.22.01.00136
3205,№ KZ.3510987.24.01.00224.
3206,№ KZ.3510987.24.01.00224
3218,№ KZ.3510396.01.01.00048
3219,№ KZ.3510103.24.01.00103
3223,№  KZ.628317.22.01.00050
3242,№  KZ.628317.22.01.00049
3248,№  KZ.6328317.24.01.02434
3252,№  KZ.6328317.24.01.02435
3253,№  KZ.3510987.24.01.00223
3256,№  KZ.6328317.24.01.02436
3263,№ KZ.3510103.22.01.00107
3264,№ KZ.3510103.22.01.00108
3265,№ KZ.3510396.01.0100069
3267,KZ6328317220100049
3272,KZ3510396131200088
3279,№ТС KZ.3510103220100136
3291,Сертификат соответствия        ЕАЭС KZ 7500651.01.01.02389    г.
3292,"Сертификат соответствия       ЕАЭС KZ
7500651.01.01.02389"
3293,Сертификат соответствия       ЕАЭС KZ 7500651.01.01.02389
3294,Сертификат соответствия        ЕАЭС KZ 7500651.01.01.02389
3297,Сертификат соответствия        ЕАЭС KZ 7500651.01.01.02390
3300,Сертификат соответствия      ЕАЭС KZ 7500651.01.01.02397
3301,"Сертификат соответствия     ЕАЭС KZ
7500651.01.01.02397"
3304,Сертификат соответствия        ЕАЭС KZ 7500651.01.01.02391
3305,Сертификат соответствия       ЕАЭС KZ 7500651.01.01.02391
3307,Сертификат соответствия        ЕАЭС KZ 7500651.01.01.02392
3308,"Сертификат соответствия        ЕАЭС KZ
7500651.01.01.02392"
3310,Сертификат соответствия        ЕАЭС KZ 7500651.01.01.02393
3311,Сертификат соответствия       ЕАЭС KZ 7500651.01.01.02393
3312,Декларация ЕАЭС KZ 7500651.01.01.02393
4871,KZ.3510103.22.01.00181
3313,Сертификат соответствия     ЕАЭС KZ 7500651.01.01.02394
3314,Сертификат соответствия      ЕАЭС KZ 7500651.01.01.02394
3315,"Сертификат соответствия      ЕАЭС KZ 7500651.01.01
02394"
3316,Декларация ЕАЭС KZ 7500651.01.01.02394
3317,Сертификат соответствия      ЕАЭС KZ 7500651.01.01.02396
3320,Сертификат соответствия      ЕАЭС KZ 7500651.01.01.02398
3321,Сертификат соответствия       ЕАЭС KZ 7500651.01.01.02398
3323,Сертификат соответствия       ЕАЭС KZ 7500651.01.01.02399
3326,Сертификат соответствия   ЕАЭС KZ 7500651.01.01.02400
3329,Сертификат соответствия   ЕАЭС KZ 7500651.01.01.02401
3332,Сертификат соответствия   ЕАЭС KZ 7500651.01.01.02402
3333,Сертификат соответствия     ЕАЭС KZ 7500651.01.01.02402
3335,Сертификат соответствия   ЕАЭС KZ 7500651.01.01.02407
3338,Сертификат соответствия   ЕАЭС KZ 7500651.01.01.02414
3340,"Сертификат      соответствия                  ЕАЭС      KZ 7500651.01.01.
02414"
3341,Сертификат соответствия    ЕАЭС KZ 7500651.01.01.02403
3342,Сертификат соответствия     ЕАЭС KZ 7500651.01.01. 02403
3344,Сертификат соответствия    ЕАЭС KZ 7500651.01.01.02404
3346,Сертификат соответствия     ЕАЭС KZ 7500651.01.01.02404
3347,Сертификат соответствия   ЕАЭС KZ 7500651.01.01.02405
3348,Сертификат соответствия  ЕАЭС KZ 7500651.01.01.02405
3349,"Сертификат соответствия ЕАЭС KZ
7500651.01.01.02405"
3350,Сертификат соответствия  ЕАЭС KZ 7500651.01.01.02406
3351,Сертификат соответствия   ЕАЭС KZ 7500651.01.01.02406
3353,СЕРТИФИКАТ СООТВЕТСТВИЯ KZ.7500651.01.01.00615
3357,СЕРТИФИКАТ СООТВЕТСТВИЯ KZ.7500651.01.01.00616
3360,сертификата соответствия KZ.7500651.01.01.00617
3363,СЕРТИФИКАТ СООТВЕТСТВИЯ KZ.7500651.01.01.00618
3366,СЕРТИФИКАТ                             СООТВЕТСТВИЯ KZ.7500651.01.01.00619
3369,Сертификата соответствия KZ.7500651.01.01.00620
3371,Сертификата  соответствия KZ.7500651.01.01.00620
3372,Сертификата  соответствия KZ.7500651.01.01.00621
3375,Сертификата  соответствия KZ.7500651.01.01.00622
3378,Сертификата  соответствия KZ.7500651.01.01.00623
3381,Сертификата  соответствия KZ.7500651.01.01.00624
3385,Сертификата соответствия № KZ.7500651.01.01.00625
3391,Сертификата  соответствия KZ.7500651.01.01.00626
3395,Сертификата  соответствия KZ.7500651.01.01.00627
3403,Сертификата  соответствия KZ.7500651.01.01.00628
3404,Сертификата  соответствия KZ.7500651.01.01. 00628
3409,Сертификата  соответствия ЕАЭС KZ 7500651.01.01.02408
3412,Сертификата  соответствия ЕАЭС KZ 7500651.01.01.02409
3414,Сертификат соответствия        ЕАЭС KZ 7500651.01.01.02410
3416,Сертификат соответствия       ЕАЭС KZ 7500651.01.01.02410
3423,Сертификат соответствия        ЕАЭС KZ 7500651.01.01.02411
3424,"Сертификат соответствия        ЕАЭС KZ
7500651.01.01.02411"
3426,"Сертификат соответствия    ЕАЭС KZ 7500651.01.01.02412,"
3427,Сертификат соответствия        ЕАЭС KZ 7500651.01.01.02412
3429,Сертификат соответствия       ЕАЭС KZ 7500651.01.01.02412
3436,Сертификат соответствия        ЕАЭС KZ 7500651.01.01.02413
3438,Сертификат соответствия       ЕАЭС KZ 7500651.01.01.02413
3439,Сертификат   соответствия                        ЕАЭС   KZ 7500651.01.01.02413
3440,Сертификат   соответствия                       ЕАЭС   KZ 7500651.01.01.02413
3446,Сертификата              соответствия       ЕАЭС       KZ 7500651.01.01.02416
3449,ДЕКЛАРАЦИЯ № ЕАЭС KZ 7500651.13.12.05821
3450,ДЕКЛАРАЦИЯ  №  ЕАЭС  KZ  7500651.13.12.05821
3454,Сертификата                                            соответствия KZ.7500651.01.01.00630
3456,"Сертификата                                            соответствия
KZ.7500651.01.01.00630"
3457,Сертификата                                            соответствия KZ.7500651.01.01.00631
3460,Сертификата  соответствия KZ.7500651.01.01.00632
3461,Сертификата                                            соответствия KZ.7500651.01.01.00632
3463,"СЕРТИФИКАТ                              СООТВЕТСТВИЯ
№KZ.7500651.01.01.00633"
3465,"СЕРТИФИКАТ                            СООТВЕТСТВИЯ
№KZ.7500651.01.01.00633"
3467,"Сертификата                                          соответствия
№KZ.7500651.01.01.00634"
3468,Сертификата соответствия №KZ.7500651.01.01.00634
3470,"Сертификат                                            соответствия
№KZ.7500651.01.01.00635"
3471,Сертификат соответствия №KZ.7500651.01.01.00635
3473,Сертификат соответствия №KZ.7500651.01.01.00636
5325,ЕАЭС KZ 3510317.01.01.00328
3474,Сертификат соответствия      ЕАЭС KZ 7500651.01.01.02395
3475,Cертификата  соответствия  №  KZ.7500651.01.01.00629
3495,RU Д-KZ.АП02.В.09176
3497,ЕАЭС KZ 3510396.13.12.00183 от
3498,ЕАЭС KZ 3510396.13.12.00182 от
3545,"РОСС KZ.C324.H05456,"
3546,"РОСС KZ.C324.H02067,"
3549,"РОСС KZ.C313.Н22726,"
3550,№ЕАЭС ЕАЭСKZ7500937.01.01.00724
3557,ТС RU C-KZ.AB98.B.00740
3559,ТС RU C-KZ.AB98.B.00739
3560,ТС RU C-KZ.AB98.B.00741
3562,ТС RU C-KZ.AB98.B.00742
3564,KZ.7500317.01.01.00870
3567,KZ.7500317.01.01.00871
3574,KZ.7500317.01.01.00872
3575,KZ.7500317.01.01.00873
3619,TC KZ C-KZ.0937.B.00061
3645,EAЭС KZ3510317.13.12.01246
3646,KZ 7500525.01.01.00047
3667,"Сертификат соответствия № ЕАЭС KZ 7500802.01.01.00455,"
3672,ЕАЭС KG417/035.KZ.02.02842
3673,"№ ЕАЭС  KZ 5510317.01.01.00365, серия  KZ № 0199029"
3674,№ ЕАЭС KZ 551031
3675,"№ ЕАЭС KZ 5510317.01.01.00364,"
3676,№ ЕАЭС KZ 5510317.13.12.00836
3678,№ ЕАЭС KZ 5510317.01.01.00366  5510317.13.12.00849
3679,ЕАЭС № 5510317.24.01.05521
3680,№ ЕАЭС KZ 5510317.24.01.05520
3683,№ ЕАЭС КZ 7500802.01.01.00438
3691,ЕАЭС КZ 7500802.01.01.00439
3694,№ ЕАЭС КZ 7500802.13.12.00820
3696,№ ЕАЭС КZ 7500802.13.12.00809
3698,ЕАЭС КZ 7500802.13.12.00809
3700,ЕАЭС КZ7500802.13.12.00809
3702,№ ЕАЭС КZ7500802.13.12.00809
3703,№ ЕАЭС КZ 7500802.13.12.00812
3704,№ ЕАЭС КZ 7500802.13.12.00814
3705,ЕАЭС КZ 7500802.13.12.00813
3706,ЕАЭС № 5510317.13.12.00852
3723,"ЕАЭС № KZ
 5510317.13.12.00856"
3724,ЕАЭС KZ 7500986.13.12.03341
3786,KZ.7500551.01.01.00928 от 31.08.2022г.
3788,KZ.7100934.22.0103024
3798,KZ.7500986.13.12.03359
3799,KZ. 7500986.13.12.03359
3872,KZ.7500851.01.01.00066
3876,KZ.7500851.01.01.00061
3880,KZ.7500851.01.01.00067
3881,KZ.7500851.01.01.00064
3884,KZ.7500851.01.01.00065
3885,KZ.7500851.01.01.00060
3888,KZ.7500851.01.01.00063
3908,Декларация о соответствии ЕАЭС KZ.7500361.13.12.11250
3910,Сертификат соответствия №KZ7500361.22.01.04035
3912,Сертификат соответствия №KZ7500361.22.01.04034
3928,Сертификат соответствия №KZ.7500651.01.01.00780
3946,KZ.7700.02.01.00869914
3947,KZ.7700.02.01.00871757
3948,KZ.7700.02.01.00869943
3949,KZ.7700.02.01.00870467
3950,KZ.7700.02.01.00869898
3951,KZ.7700.02.01.00869301
3952,KZ.7700.02.01.00865788
3954,№ ЕАЭС KZ 7500802.01.01.00503
3964,№ РОСС KZ.CЗ08.Н05478
3966,№ЕАЭС KZ 7500986.01.01.00826
3988,№ ЕАЭС KZ 7500986.05.01.02971
3990,№ ЕАЭС KZ 7500986.05.01.02972
3991,№ ЕАЭС KZ 7500986.05.01.02558
3992,KZ4710193.24.01.00010
3993,KZ4710193.24.01.00011
3997,"№ ЕАЭС KZ.3110317.22.01.00630 серия KZ № 0130985,"
4001,"№ ЕАЭС KZ.3110317.22.01.00629 серия KZ № 0130984,"
4004,"№ ЕАЭС KZ.3110317.22.01.00632 серия KZ № 0130987,"
4007,"№ ЕАЭС KZ.3110317.22.01.00627 серия KZ № 0130982,"
4011,"ЕАЭС KZ.3110317.22.01.00633 серия KZ № 0130988,"
4012,"№ ЕАЭС KZ.3110317.22.01.00633 серия KZ № 0130988,"
4014,"№ ЕАЭС KZ.3110317.22.01.00626 серия KZ № 0130981,"
4018,"№ ЕАЭС KZ.3110317.22.01.00625 серия KZ № 0130980,"
4037,"№ ЕАЭС KZ.3110317.22.01.00628 серия KZ № 0130983,"
4040,"№ ЕАЭС KZ.3110317.22.01.00631 серия KZ № 0130986,"
4045,ЕАЭС № KZ.3110317.24.01.05268
4048,ЕАЭС № KZ.3110317.24.01.05265
4084,ЕАЭС № KZ.3110317.24.01.05266
4247,№ ЕАЭС KZ 3510317.01.01.00278
4250,№ ЕАЭС KZ 3510317.01.01.00276
4251,№ ЕАЭС KZ 3510317.01.01.00277
4252,№ ЕАЭС KZ 3510317.01.01.00280
4254,№ ЕАЭС KZ 3510317.13.12.00783
4256,№ ЕАЭС KZ 3510317.13.12.00780
4263,№ ЕАЭС KZ 3510317.01.01.00279
4266,ДЕКЛАРАЦИЯ СООТВЕТСТВИЯ ЕАЭС KZ 3110317.13.12.00112
4267,ДЕКЛАРАЦИЯ СООТВЕТСТВИЯ № ЕАЭС KZ 3110317.13.12.00111
4268,ДЕКЛАРАЦИЯ СООТВЕТСТВИЯ ЕАЭС KZ 3110317.13.12.00104
4269,ДЕКЛАРАЦИЯ СООТВЕТСТВИЯ ЕАЭС KZ 3110317.13.12.00106
4270,ДЕКЛАРАЦИЯ СООТВЕТСТВИЯ ЕАЭС KZ 3110317.13.12.00105
4271,ДЕКЛАРАЦИЯ СООТВЕТСТВИЯ  ЕАЭС KZ 3110317.13.12.00110
4274,ДЕКЛАРАЦИЯ СООТВЕТСТВИЯ ЕАЭС KZ 3110317.13.12.00108
4279,ДЕКЛАРАЦИЯ СООТВЕТСТВИЯ ЕАЭС KZ 3110317.13.12.00109
4280,ДЕКЛАРАЦИЯ СООТВЕТСТВИЯ   ЕАЭС KZ 3110317.13.12.00107
4292,СЕРТИФИКАТ СООТВЕТСТВИЯ. ЕАЭС KZ 3110317.01.01.00051
4293,СЕРТИФИКАТ СООТВЕТСТВИЯ. ЕАЭС KZ 3110317.01.01.00056
5326,ЕАЭС KZ 3510317.01.01.00329
5327,ЕАЭС KZ 7100317.01.01.00873
4306,"СЕРТИФИКАТ СООТВЕТСТВИЯ. ЕАЭС KZ 3110317.01.01.00056
СЕРТИФИКАТ СООТВЕТСТВИЯ. ЕАЭС KZ 3110317.01.01.00062"
4307,СЕРТИФИКАТ СООТВЕТСТВИЯ. ЕАЭС KZ 3110317.01.01.00050
4308,СЕРТИФИКАТ СООТВЕТСТВИЯ. ЕАЭС KZ 3110317.01.01.00057
4318,СЕРТИФИКАТ СООТВЕТСТВИЯ. ЕАЭС KZ 3110317.01.01.00059
4328,СЕРТИФИКАТ СООТВЕТСТВИЯ. ЕАЭС KZ 3110317.01.01.00049
4332,СЕРТИФИКАТ СООТВЕТСТВИЯ. ЕАЭС KZ 3110317.01.01.00060
4333,СЕРТИФИКАТ СООТВЕТСТВИЯ. ЕАЭС KZ 3110317.01.01.00052
4336,СЕРТИФИКАТ СООТВЕТСТВИЯ. ЕАЭС KZ 3110317.01.01.00053
4340,СЕРТИФИКАТ СООТВЕТСТВИЯ. ЕАЭС KZ 3110317.01.01.00061
4342,СЕРТИФИКАТ СООТВЕТСТВИЯ. ЕАЭС KZ 3110317.01.01.00054
4345,СЕРТИФИКАТ СООТВЕТСТВИЯ. ЕАЭС KZ 3110317.01.01.00048
4348,СЕРТИФИКАТ СООТВЕТСТВИЯ. ЕАЭС KZ 3110317.01.01.00046
4351,СЕРТИФИКАТ СООТВЕТСТВИЯ. ЕАЭС KZ 3110317.01.01.00047
4355,СЕРТИФИКАТ СООТВЕТСТВИЯ. ЕАЭС KZ 3110317.01.01.00058
4358,СЕРТИФИКАТ СООТВЕТСТВИЯ. ЕАЭС KZ 3110317.01.01.00055
4501,Сертификат соответствия № ЕАЭС ЕАЭС KZ 7100984.01.01.00140
4503,Сертификат соответствия № ЕАЭС ЕАЭС KZ 7100984.01.01.00137
4529,Сертификат соответствия № ЕАЭС ЕАЭС KZ 7500361.01.01.03203
4530,Сертификат соответствия № ЕАЭС ЕАЭС KZ 7100984.01.01.00141
4531,Сертификат соответствия № ЕАЭС ЕАЭС KZ 7500361.01.01.03202
4599,Сертификат соотвествия № ЕАЭС ЕАЭС KZ 7100984.01.01.00139
4602,"Одобрение типа транспортного средства, Серия KZ№0000108, №ТС KZ E-KZ.0401.00063,"
4609,Декларация о соответствии № ЕАЭС KZ 7500361.13.12.12742
4610,Сертификат соответствия ЕАЭС № KZ.7500361.01.01.02891 серия KZ№ 0208569
4611,Сертификат соответствия № ЕАЭС KZ-7500361.01.01.02881 Серия KZ№0208568
4612,Сертификат соответствия № ЕАЭС KZ-7500361.01.01.02880 Серия KZ№0204455
4613,Декларация о соответствии № ЕАЭС KZ 7500361.13.12.12744
4614,Декларация о соответствии № ЕАЭС KZ 7500361.13.12.12745
4621,Декларация о соответствии № ЕАЭС KZ 7500361.13.12.12743
4632,№ ЕАЭС KZ 7500986.01.01.02856
4639,№ ЕАЭС KZ 7500986.01.01.02858
4641,Регистрационный номер декларации о соответствии: ЕАЭС N RU Д-KZ.АЖ49.В.09480/20
4642,Регистрационный номер декларации о соответствии: ЕАЭС KG417031.Д0005630
4643,Регистрационный номер декларации о соответствии: ЕАЭС KG417/024.Д.0010657
4647,KZ 3510396.01.01.00103
4648,KZ3510396.01.01.00103
4667,KZ.3510103.22.01.00011
4670,KZ.3510396.01.01.00102
4679,KZ.3510103.22.01.00011.
4681,KZ.3510396.01.01.00046
4692,№ЕАЭС  KZ 7500802.01.01.00415 Серия KZ №0204558
4745,ЕАЭС KZ 3510317.13.12.01129
4751,"Сертификат Соответствия ЕАЭС №  KZ.7100749.21.01.04610
Серия KZ № 0160782"
4753,"Сертификат Соответствия ЕАЭС №  KZ.7100841.05.01.00245              
 Серия KZ № 0203208"
4781,ДС ЕАЭС  № KZ.7500995.13.12.02331
4782,ДС ЕАЭС  № KZ.7500995.13.12.02332
4783,ДС ЕАЭС  № KZ.7500995.13.12.02333
4784,СС № KZ.7700.02.01.00729492
4785,ДС № KZ.7500995.13.12.01338г.
4786,ДС № KZ.7500995.13.12.01337г.
4787,ДС № KZ.7500995.13.123.01336
4789,ДС № KZ.7500995.13.12.01339
4790,ДС № KZ.3510103.24.01.00098
4791,ДС № KZ.7500995.24.01.10223
4792,СС № KZ.37500995.01.01.00218
4793,РОСС RU.OC01.00218 №0002779
4795,СС № KZ.7500995.01.01.00436
4798,СС № KZ.7500995.01.01.00435
4812,№ ЕАЭС ЕАЭС KZ 7500995.01.01.01393
4813,№ ЕАЭС ЕАЭС KZ 7500995.01.01.01394
4814,№ ЕАЭС ЕАЭС KZ 7500995.01.01.01395
4815,№ ЕАЭС ЕАЭС KZ 7500995.01.01.01396
4816,ДС № KZ.7500995.23.01.23912
4817,ДС № KZ.7500995.23.01.23911
4820,СС № KZ.7500995.21. 01.13197
4821,СС № KZ.7500995.21. 01.13198
4823,ДС ЕАЭС № KZ.7500995.24.01.10219
4824,ДС ЕАЭС № KZ.7500995.24.01.10220
4825,ДС ЕАЭС № KZ.7500995.24.01.10222
4827,ДС ЕАЭС № KZ.7500995.24.01.10221
4829,СС № KZ.7500995.01.01.00219
4830,СС № KZ.7500995.01.01.00220
4831,ДС ЕАЭС № KZ.3510103.24.01.00152
4837,ДС ЕАЭС № KZ.3510103.24.01.00151
4843,ДС ЕАЭС № KZ.3510103.24.01.00150
4849,ДС ЕАЭС № KZ.3510103.24.01.00153
4851,СС ЕАЭС № KZ.7500995.21.01.53205
4852,СС ЕАЭС № KZ.7500995.01.01.00773
4854,СС ЕАЭС № KZ.7500995.01.01.00774 .
4855,СС ЕАЭС № KZ.7500995.01.01.00775 .
4856,СС ЕАЭС № KZ.7500995.01.01.01363 .
4857,СС ЕАЭС № KZ.7500995.01.01.01367 .
4858,СС ЕАЭС № KZ.7500995.01.01.01368 .
4859,СС ЕАЭС № KZ.7500995.01.01.01364 .
4860,СС ЕАЭС № KZ.7500995.01.01.01366 .
4861,KZ.3110317.01.01.00208
4877,Сертификат об оценке соответствия (Сертификат соответствия) №ЕАЭС KZ 7100841.01.00276
4893,ЕАЭС KZ 7500986.13.12.03215
4894,ЕАЭС KZ 7500986.13.12.03216
4895,ЕАЭС KZ 7500986.13.12.03233
4896,"ЕАЭС KZ 7500986.01.01.02794
Серия KZ 0213918"
4897,"ЕАЭС KZ 7500986. 01.01.02795
Серия KZ 0213919"
4898,ЕАЭС KZ 7500986.13.12.03217
4899,"ЕАЭС KZ 7500986. 01.01.02796
Серия KZ 0213920"
4900,ЕАЭС KZ 7500986.13.12.03218
4901,ЕАЭС KZ 7500986.13.12.03219
4902,ЕАЭС KZ 7500986.13.12.03220
4903,ЕАЭС KZ 7500986.13.12.03221
4904,"ЕАЭС KZ 7500986. 01.01.02797
Серия KZ 0213921"
4905,ЕАЭС KZ 7500986.13.12.03222
4907,ЕАЭС KZ 7500986.13.12.03224
4908,ЕАЭС KZ 7500986.13.12.03225
4909,ЕАЭС KZ 7500986.13.12.03226
4910,ЕАЭС KZ 7500986.13.12.03227
4911,ЕАЭС KZ 7500986.13.12.03228
4912,ЕАЭС KZ 7500986.13.12.03229
4913,ЕАЭС KZ 7500986.13.12.03230
4914,"ЕАЭС KZ 7500986. 01.01.02792
Серия KZ 0213916"
4915,"ЕАЭС KZ 7500986. 01.01.02793
Серия KZ 0213917"
4916,ЕАЭС KZ 7500986.13.12.03231
4917,ЕАЭС KZ 7500986.13.12.03232
4924,ЕАЭС KZ 1510317.13.12.00513
4941,ЕАЭС KZ 1510317.13.12.00708
4945,KZ.3510317.24.01.03354
4946,KZ.3510317.24.01.03592
4954,KZ.3510317.22.01.00234
4955,KZ.3510317.22.01.00233
4956,KZ.3510317.24.01.03591
4959,KZ.3510317.22.01.00284
4961,KZ.3510317.22.01.00283
4963,KZ.3510317.22.01.00285
4964,KZ.3510317.24.01.03590
4974,ЕАЭС KZ 3510317.01.01.00343
4975,ЕАЭС KZ 3510317.13.12.01119
4983,декларация о соответствии ЕАЭС № ЕАЭС KZ 2710317.13.12.01216
5001,"№ЕАЭС KZ 7500802.01.01.00559,"
5006,KZ 3510396.01.01.00024
5008,KZ 3510396.01.01.00031
5009,KZ 3510396.01.01.00032
5010,KZ 3510396.01.01.00029
5011,KZ 3510396.01.01.00023
5013,№ ЕАЭС KZ 3510396.13.12.00097
5017,№ ЕАЭС KZ 3510396.13.12.00098
5021,№ ЕАЭС KZ 3510396.01.01.00073
5029,№ ЕАЭС KZ 3510396.13.12.00103
5037,№ ЕАЭС KZ 3510396.13.12.00101
5061,KZ 3510396.01.01.00025
5062,KZ 3510396.01.01.00028
5065,KZ 3510396.01.01.00026
5068,KZ 3510396.01.01.00030
5071,KZ 3510396.01.01.00027
5076,KZ 3510396.01.01.00035
5079,KZ 3510396.01.01.00034
5081,№ ЕАЭС KZ 3510396.13.12.00100
5082,KZ 3510396.01.01.00033
5085,№ KZ.3510396.01.01.00083
5095,Сертификат соответствия №KZ750851.22.01.03005
5104,Декларация о соответствии №KZ7500851.24.01.21822 JN
5110,Сертификат соответствия №KZ7500851.01.01.03407
5115,Декларация о соответствии №KZ7500851.24.01.22001
5116,Сертификат соответствия KZ7500851.01.0103407
5117,Сертификат соответствия KZ7500851.13.12.01846
5118,Декларация о соответствии №KZ7500851.13.12.01846 JN
5120,Декларация о соответствии №KZ.7500851.13.12.01846
5122,Декларация о соответствии №KZ7500851.13.12.02058
5123,Декларация №KZ7500851.13.12.02919 j
5162,KZ7500802.01.01.00810
5164,ЕАЭС KZ7500802.13.12.00834
5165,ЕАЭС KZ7500995.01.01.00162
5166,ЕАЭС KZ7500802.13.12.00833
5170,KZ7500802.01.01.00811
5171,KZ7500802.01.01.00056
5173,ЕАЭС KZ7500802.01.01.00416
5181,ЕАЭС KZ7500995.01.01.00163
5182,ЕАЭС KZ7500802.13.12.00788
5183,ЕАЭС KZ7500802.13.12.00790
5185,ЕАЭС KZ7500802.13.12.00791
5191,ЕАЭС KZ7500802.13.120156
5193,СС  № ЕАЭС KZ 3110317.01.01.00003
5201,СС  № ЕАЭС KZ 3110317.01.01.00007
5206,СС ЕАЭС KZ 3110317.01.01.00008
5207,СС  ЕАЭС KZ 3110317.01.01.00009
5217,СС  ЕАЭС KZ 3110317.01.01.00006
5219,СС  ЕАЭС KZ 3110317.01.01.00004
5221,ДС  ЕАЭС KZ 3110317.13.12.00038
5223,ДС  ЕАЭС KZ 3110317.13.12.00039
5225,СС  ЕАЭС KZ 3110317.01.01.00011
5234,KZ.3910317.01.01.00119
5235,KZ.3910317.13.12.01305
5237,KZ.3910317.13.12.01303
5240,KZ.3910317.13.12.01302
5242,KZ.3910317.01.01.00371
5243,KZ.3910317.01.01.00372
5244,KZ.3910317.13.12.01463
5246,KZ.3910317.13.12.01307
5248,KZ.3910317.13.12.01304
5249,KZ.3910317.13.12.01306
5257,ЕАЭС KZ.7500937.05.01.00325
5283,"Сертификат соответствия
№ KZ.7500317.01.01.00326"
5285,"Сертификат соответствия
№ KZ.7500317.01.01.00326
г"
5287,Сертификат соответствия № KZ.7500890.01.01.00160
5290,"Сертификат соответствия
№ KZ.7500890.01.01.00161"
5292,№KZ.7500317.01.01.00967
5293,ЕАЭС KZ 3910317.13.12.01531
5297,"ЕАЭС KZ 3110317.13.12.00143,"
5324,ЕАЭС KZ3510317.13.12.01059
5330,ЕАЭС KZ 7100317.01.01.00872
5332,ЕАЭС KZ 7100317.13.12.01782
5333,ЕАЭС KZ 7100317.13.12.01783
5334,ЕАЭС KZ 7100317.13.12.01784
5335,"Сертификат соответствия №ЕАЭС KZ 7500802.01.01.00565,"
5340,KZ.7500651.01.01.00439
5343,KZ.7500651.01.01.00438
5344,KZ.7500651.01.01.00440
5347,KZ.7500651.01.01.00429
5349,KZ.7500651.01.01.00435
5351,KZ.7500651.01.01.00430
5352,KZ.7500651.01.01.00431
5353,KZ.7500651.01.01.01086
5355,KZ.7500651.01.01.01087
5356,KZ.7500651.01.01.00447
5357,KZ.7500651.01.01.00448
5358,KZ.7500651.01.01.00436
5361,KZ.7500651.01.01.00443
5362,KZ.7500651.01.01.00441
5365,KZ.7500651.01.01.00444
5366,KZ.7500651.01.01.00442
5369,KZ.7500651.01.01.00445
5376,"ЕАЭС KZ 1510317.01.01.00012
Серия KZ №0090203"
5377,ЕАЭС KZ 1510317.13.12.00376
5378,"ЕАЭС KZ 1510317.01.01.00011
Серия KZ №0090202"
5379,ЕАЭС KZ 1510317.13.12.00377
5380,"ЕАЭС KZ 1510317.01.01.00008
Серия KZ №0073644"
5381,"ЕАЭС KZ 1510317.01.01.00007
Серия KZ0073643"
5382,"ЕАЭС KZ 1510317.01.01.00009
Серия KZ №0073645"
5383,ЕАЭС KZ 1510317.13.12.00379
5386,"Номер: ЕАЭС KZ 7500802.01.01.00576,"
5391,№ KZ.7100628.01.01.00325
5392,№KZ.7100934.01.01.01262
5393,№ KZ.7100934.01.01.01263
5396,№ KZ.7100934.01.01.01259
5397,№ KZ.7100934.01.01.01260
5398,№ KZ.7100934.01.01.01261
5403,№ KZ.1510317.01.01.00019
5410,№ KZ.1510317.01.01.00018
5415,№ KZ.1510317.01.01.00022
5419,№ KZ.1510317.01.01.00021
5420,№ KZ.1510317.01.01.00020
5422,№ KZ.1510317.24.01.02015
5436,№ KZ.1510317.24.01.02299
5437,№ KZ.1510317.13.12.00798
5447,№ KZ.1510317.13.12.00783
5454,KZ.3510317.01.01.00591
5465,KZ.3510317.01.01.00592
5485,KZ.3510317.01.01.00593
5487,KZ.3510317.01.01.00594
5504,"№KZ.3910317.22.01.00207,"
5505,"№KZ.3910317.22.01.00208,"
5506,"№KZ.3910317.22.01.00209,"
5521,ЕАЭС KZ 3110317 01.01.00072
5525,ЕАЭС KZ 3110317 01.01.00071
5533,ЕАЭС KZ 3110317 01.01.00073
5536,ЕАЭС KZ 3110317 01.01.00069
5537,ЕАЭС KZ 3110317 01.01.00068
5539,ЕАЭС KZ 3110317 01.01.00067
5542,ЕАЭС KZ 3110317 01.01.00066
5544,ЕАЭС KZ 3110317 01.01.00065
5557,Декларация Соответствия ЕАЭС KZ 3110317.13.12.00128
5562,Декларация Соответствия ЕАЭС KZ 3110317.13.12.00127
5567,Декларация Соответствия ЕАЭС KZ 3110317.13.12.00126
5569,Декларация Соответствия ЕАЭС KZ 3110317.13.12.00125
5570,Декларация Соответствия ЕАЭС KZ 3110317.13.12.00124
5571,Декларация Соответствия ЕАЭС KZ 3110317.13.12.00123
5732,RU Д-KZ.НА10.В.00261
8508,KZ.7100317.13.12.02355
8512,KZ.7100317.13.12.02248
8535,"№KZ.7500551.01.01.00798
от"
8763,"№KZ.7500551.01.01.00799
от"
8991,KZ 7500317.13.12.03172;
8994,"KZ 7100317.01.01.01062;№0218108,"
8995,"KZ 7100317.01.01.01062;  №0218108,"
9000,"KZ 7100317.01.01.01062; №0218108,"
9012,"KZ 7100317.01.01.01061; №0218109,"
9013,"KZ 7100317.01.01.01060; №0218110,"
9015,"KZ 7100317.01.01.01060;№0218110,"
9016,"KZ 7100317.01.01.01061;№0218109,"
9026,"KZ 7100317.01.01.01063;№0218111,"
9029,KZ 7500317.13.12.03174;
9033,"KZ 7100317.01.01.01063; №0218111,"
9075,"KZ.7100943.07.03.00700,"
9080,Декларация о соответствии фильтров EA9C N RUA-K2.MH06.8.04781120
9102,Сертификат соответствия KZ.5110317.01.01.00267
9147,Сертификат соответствия KZ.5110317.01.01.00270
9201,сертификат соответствия №ЕАЭС KZ 7100841.01.01.00083
9202,сертификат соответствия №ЕАЭС KZ 7100841.01.01.00373
9208,сертификат соответствия №ЕАЭС KZ 71008441.01.01.00423
9217,KZ.7500361.01.01.01036
9218,KZ.7500361.01.01.01035
9219,KZ.7500361.01.01.01034
9220,KZ.7500361.01.01.01023
9221,KZ.7500361.01.01.01029
9222,KZ.7500361.01.01.01033
9223,KZ.7500361.01.01.01028
9224,KZ.7500361.01.01.01027
9226,KZ.7500361.01.01.01022
9227,KZ.7500361.01.01.01030
9228,№ KZ.T.13.E0748;
9229,№KZ.3510317.01.01.00816
9230,№KZ.3510317.01.01.00817
9231,№KZ.3510317.01.01.00818
9232,№KZ.3510317.01.01.01181
9235,KZ.3510317.01.01.00830
9236,KZ.3510317.01.01.00831
9237,KZ.3510317.01.01.00762
9238,KZ.3510317.01.01.00198
9239,KZ.3510317.01.01.00763
9240,KZ.3510317.01.01.00832
9241,KZ.3510317.01.01.00833
9242,KZ.3510317.13.12.00842
9243,"Сертификат соответствия  
KZ.7500651.01.01.03827 дата"
9246,"Сертификат соответствия  
KZ.7500651.01.01.03828 дата"
9247,"Сертификат соответствия  
KZ.7500651.01.01.01016 дата"
9248,"Сертификат соответствия  
KZ.7500651.01.01.03829 дата"
9249,"Сертификат соответствия  
KZ.7500651.01.01.03830 дата"
9252,"Сертификат соответствия  
KZ.7500651.01.01.03831 дата"
9254,"Сертификатсоответствия  
KZ.7500651.01.01.03831 дата"
9255,"Декларация соответствия  
KZ.7500651.13.12.08669 дата"
9256,"Декларация соответствия  
KZ.7500651.13.12.08677 дата"
9257,"Сертификат соответствия  
KZ.7500651.01.01.03832 дата"
9259,"Декларация соответствия  
KZ.7500651.13.12.08667"
9260,"Декларация соответствия  
KZ.7500651.13.12.08672"
9261,"Декларация соответствия  
KZ.7500651.13.12.08679"
9262,"Сертификат соответствия  
KZ.7500651.01.01.03839"
9263,"Сертификат соответствия  
KZ.7500651.01.01.03840"
9264,"Сертификат соответствия  
KZ.7500651.01.01.03837 дата"
9265,"Декларация соответствия  
KZ.7500651.13.12.08670"
9266,"Сертификат соответствия  
KZ.7500651.01.01.01015 дата"
9267,"Декларация соответствия  
KZ.7500651.13.12.08673"
9268,"Сертификат соответствия  
KZ.7500651.01.01.03838 дата"
9269,"Декларация соответствия  
KZ.7500651.13.12.08671"
9270,"Декларация соответствия  
KZ.7500651.13.12.08675"
9271,"Декларация соответствия  
KZ.7500651.13.12.08680 дата"
9282,ЕАЭС KZ 7100934.13.12.00421
9283,ЕАЭС KZ 7100934.13.12.00443
9289,ЕАЭС KZ 7100934.13.12.00422
9293,ЕАЭС KZ 7100934.13.12.00417
9297,№ KZ.7100934.24.01.00354
9299,№ KZ.7100934.24.01.00355
9343,№ KZ.7100934.24.01.00353
9345,№ KZ.7100934.24.01.00363
9349,№ KZ.7100934.24.01.00362
9367,№ KZ.7100934.24.01.00364
9372,№ KZ.7100934.24.01.00360
9396,№ KZ.7100934.24.01.00361
9416,№ KZ.7100934.24.01.00279
9417,№ KZ.7100934.24.01.00289
9421,№ KZ.7100934.24.01.00288
9433,№ KZ.7100934.24.01.00287
9453,№ KZ.7100934.24.01.00342
9458,ЕАЭС N KZ Д-KZ.0934.B.00010 /
9467,№ KZ.7100934.24.01.00376 /
9469,ЕАЭС N KZ Д-KZ.0934.B.00005 /
9473,№ KZ.7100934.24.01.00277
9487,№ KZ.7100934.24.01.00290
9497,ЕАЭС KZ 7100934.13.12.00064
9498,№ KZ.7100934.24.01.00368
9499,№ KZ.7100934.24.01.00271
9522,№ KZ.7100934.24.01.00370
9523,№ KZ.7100934.24.01.00304
9529,№ KZ.7100934.24.01.00367
9534,№ KZ.7100934.24.01.00357
9537,ЕАЭС KZ 7100934.13.12.00213
9538,ЕАЭС KZ 7100934.13.12.00212
9539,№ KZ.7100934.24.01.00369
9541,№ KZ.7100934.24.01.00272
9553,ЕАЭС KZ 7100934.13.12.00444
9555,ЕАЭС KZ 7100934.13.12.00024
9562,ЕАЭС KZ 7100934.13.12.00084
9563,№ KZ.7100934.24.01.00278
9577,№ KZ.7100934.24.01.00352
9581,ЕАЭС KZ 7100934.13.12.00058
9582,ЕАЭС KZ 7100934.13.12.00445
9583,ЕАЭС KZ 7100934.13.12.00252
9584,ЕАЭС KZ 7100934.13.12.00199
9585,№ KZ.7100934.24.01.00302
9587,№ KZ.7100934.24.01.00280
9592,№ KZ.7100934.24.01.00358
9593,№ KZ.7100934.24.01.00347
9594,№ KZ.7100934.24.01.00295
9595,№ KZ.7100934.24.01.00268 /
9596,№ KZ.7100934.24.01.00359
9597,ЕАЭС KZ 7100934.13.12.00334
9598,№ KZ.7100934.24.01.00301
9599,ЕАЭС KZ.7100934.13.12.00187
9601,№ KZ.7100934.24.01.00341
9602,№ KZ.7100934.24.01.00356
9603,ЕАЭС KZ 7100934.13.12.00198
9604,№ KZ.7100934.24.01.00294
9605,ЕАЭС KZ 7100934.13.12.00201
9606,ЕАЭС KZ 7100934.13.12.00200
9607,ЕАЭС KZ 7100934.13.12.00255/
9608,ЕАЭС KZ 7100934.13.12.00254/
9609,ЕАЭС KZ.7100934.13.12.00188
9619,№ KZ.7100934.24.01.00299
9620,№ KZ.7100934.24.01.00291
9622,№ KZ.7100934.24.01.00293
9623,№ KZ.7100934.24.01.00292
9625,№ KZ.7100934.24.01.00298
9626,№ KZ.7100934.24.01.00300
9627,№ KZ.7100934.24.01.00270 /
9628,№ KZ.7100934.24.01.00269 /
9629,№ KZ.7100934.24.01.00296
9630,ЕАЭС KZ 7100934.13.12.00085/
9634,ЕАЭС KZ 7100934.13.12.00446
9662,ЕАЭС KZ 7100934.13.12.00453
9663,ЕАЭС KZ 7100934.13.12.00450
9664,ЕАЭС KZ 7100934.13.12.00449
9665,ЕАЭС KZ 7100934.13.12.00448
9666,ЕАЭС KZ 7100934.13.12.00335
9667,ЕАЭС KZ 7100934.13.12.00447
9672,ЕАЭС KZ 7100934.13.12.00442
9686,ЕАЭС KZ 7100934.13.12.00352
9689,ЕАЭС KZ 7100934.13.12.00342
9690,ЕАЭС KZ 7100934.13.12.00336
9691,ЕАЭС KZ 7100934.13.12.00256
9693,ЕАЭС KZ 7100934.13.12.00253
9696,ЕАЭС KZ 7100934.13.12.00139
9697,KZ.7100317.24.01.01363.
9699,KZ.7100317.24.01.01362.
9700,KZ.7100317.24.01.01364.
9701,KZ.7100317.13.12.02700
9702,KZ.7100317.13.12.02701
9703,KZ.7100317.13.12.02702
9705,№ ЕАЭС KZ 3510317.13.12.01626
9838,"№ЕАЭС KZ 7500802.01.01.00582,"
9842,№ ЕАЭС KZ 7500986.01.01.03739
9844,Сертификат соответствия № ЕАЭС KZ 7500995.01.01.01623 Приложение к сертификату о соответствии ЕАЭС № ЕАЭС KZ 7500995.01.01.01623 на 1 листе
9848,ЕАЭС KZ 7500995.13.12.05166
9851,ЕАЭС KZ 7500995.13.12.05146
9852,ЕАЭС KZ 7500995.13.12.05161
9854,ЕАЭС KZ 7500995.13.12.05145
9878,№ KZ.Q.02.0872.C22.020220
9883,"Сертификат соответствия № КZ
3510396.01.01.00151"
9884,"Сертификат соответствия №KZ3510396.01.01
00082"
9887,"Сертификат соответствия  КZ
3510396.01.01.00155"
9890,"Декларация о соответствии № КZ
3510396.13.12.00187 с"
9891,Декларация о соответствии №KZ 3510396.13.12.00133
9892,"Декларация о соответствии № КZ
3510396.13.12.00125"
9893,"Сертификат соответствия№ КZ
3510396.01.01.00081"
9894,"Декларация о соответствии № КZ
3510396.13.12.00189с"
9898,"Декларация о соответствии № КZ
3510396.13.12.00188"
9899,"Сертификат соответствия №  КZ
3510396.01.01.00156"
9901,"Декларация о соответствии № КZ
3510396.13.12.00190 с"
9903,Декларация о соответствии № КZ3510396.13.12.00184
9904,"Декларация о соответствии №КZ
3510396.13.12.00185 с"
9905,"Сертификат соответствия№ КZ
3510396.01.01.00154"
9926,№KZ.7500851.01.01.03377
9931,№KZ.7500851.01.01.03378
9937,"№ ЕАЭС KZ.7500851.22.01.02874,  , № ЕАЭС KZ.7500851.01.01.00050"
9938,"№ ЕАЭС KZ.7500851.22.01.02874, № ЕАЭС KZ.7500851.01.01.00050"
9939,№KZ.5110317.24.01.03085
9940,№ЕАЭС KZ 7500986.01.01.03728
9941,№KZ.5110317.24.01.03086
9943,№ЕАЭС KZ 7500986.01.01.03729
9955,№KZ.5110317.24.01.03084
9956,KZ. ЕАЭС KZ.3110317.13.12.00054
9958,KZ.3110317.13.12.00053
9962,KZ 3110317.13.12.00151
9982,№ЕАЭС KZ  7500651.13.12.03954
9983,№ЕАЭС KZ.7500651.01.01.01504
9984,№ЕАЭС KZ.7500651.01.01.01681
9985,№KZ.7500651.01.01.00740
9986,№KZ.7500651.01.01.00739
9987,ЕАЭС №KZ.7500651.01.01.02824
9988,№KZ.7500651.01.01.00741
9989,№ЕАЭС KZ.7500651.24.01.01390
9990,№KZ.7500651.01.01.00742
9991,№KZ.7500651.01.01.00918
9992,№ЕАЭС KZ  7500651.13.12.07892
9993,№ЕАЭС KZ .7500651.01.01.03433
9995,№ЕАЭС KZ 7500651.13.12.07889
9996,№ЕАЭС KZ 7500651.13.12.07890
9997,№KZ.7500651.01.01.00919
9998,№KZ.7500651.01.01.00917
9999,№KZ 7500651.01.01.03437
10000,№KZ.7500651.01.01.00914
10001,№ KZ.7500651.01.01.00915
10002,№ЕАЭС KZ 7500651.01.01.03434
10003,№ЕАЭС KZ 7500651.01.01.03435
10004,№KZ.7500651.01.01.00916
10005,№ЕАЭС KZ 7500651.01.01.3436
10006,№ЕАЭС KZ. 7500651.13.12.07893
10008,№ЕАЭС KZ 7500651.13.12.07894
10009,№ЕАЭС KZ.7500651.22.01.03362
10010,№ЕАЭС KZ 7500651.13.12.07896
10014,KZ.7500802.01.01.00535
10018,KZ 7500802.13.12.01126
10020,KZ.7500802.13.12.01082
10021,KZ.7500802.13.12.01085
10022,KZ.7500802.13.12.01083
10023,KZ.7500802.13.12.01084
10024,KZ.7500802.13.12.00996
10026,KZ.7500802.13.12.00997
10027,KZ.7500802.13.12.01203
10029,KZ.7500802.13.12.01001
10030,KZ.7500802.01.01.00117
10031,KZ.7500802.13.12.01000
10032,KZ.7500802.01.01.00595
10033,KZ.7500802.01.01.00600
10034,KZ 7500802.13.12.00998
10035,KZ 7500802.13.12.00999
10036,ОТТС ТС KZ E-K2.0317.00089
10037,ОТТС ТС KZ E-K2.0317.00214
10045,"Сертификат соответствия
№ ЕАЭС KZ 7500651.01.01.03406
Серия KZ №0212368"
10046,"Сертификат соответствия
№ ЕАЭС KZ 7500651.01.01.03409
Серия KZ №0212371"
10047,"Сертификат соответствия
№ ЕАЭС KZ 7500651.01.01.03407
Серия KZ №0212369"
10048,"Сертификат соответствия
№ ЕАЭС KZ 7500651.01.01.03408
Серия KZ №0212370"
10049,"Сертификат соответствия
№ ЕАЭС KZ 7500651.01.01.03410
Серия KZ №0212374"
10050,"Декларация соответствия
№ ЕАЭС KZ 7500651.13.12.07839"
10051,"Декларация соответствия
№ ЕАЭС KZ 7500651.13.12.07840"
10052,"Декларация соответствия
№ ЕАЭС KZ 7500651.13.12.07841"
10053,"Декларация соответствия
№ ЕАЭС KZ 7500651.13.12.07843"
10054,"Декларация соответствия
№ ЕАЭС KZ 
7500651.13.12.09280"
10055,15724(KZ85VTN00003074)
10056,№15764 (KZ26VTN00003166)
10058,№680 (KZ.02.01.00680-2020)
10059,№688 (KZ.02.01.00688-2020)
10060,№1058 (KZ.02.01.01058-2021)
10061,Декларация о соответствии ЕАЭС № ЕАЭС KZ 7100317.13.12.12.02803
10071,Сертификат соответствии № ЕАЭС KZ 7100317.01.01.01165
10089,ЕАЭС KZ 7500986.13.12.04350
10090,ЕАЭС KZ 7500986.13.12.04543
10092,ЕАЭС KZ 7500986.13.12.04544
10093,ЕАЭС KZ 7500986.13.12.04545
10097,KZ.7500551.01.01.00700
10098,"KZ.7500551.01.01.00700

KZ.7500551.01.01.00699"
10099,KZ.7500551.01.01.00703
10100,KZ.7500551.01.01.00702
10101,KZ.7500551.01.01.00701
10102,KZ.7500851.01.01.00041
10104,KZ 7500851.01.01.03385
10106,KZ.7500851.01.01.03354
10107,KZ.7500851.01.0103344
10108,KZ.7500851.01.01.03374
10109,KZ.7500995.01.01.00606
10110,KZ.7500851.01.01.3342
10112,KZ.7500851.22.01.02996
10113,KZ.7500851.01.01.03353
10114,KZ.7500851.24.01.21637
10116,KZ7500851.01.01.03386
10118,KZ7500995.05.01.00864
10119,KZ.7500851.22.01.02994
10120,KZ.7500851.24.01.21922
10121,KZ.750081.01.01.03353
10123,KZ7500851.22.01.02896
10124,KZ.7500851.24.01.41521
10129,KZ.7500851.22.01.02995
10130,KZ.7500851.24.01.21923
10131,KZ.7500851.01.01.03467
10132,KZ.7500851.01.01.03345
10146,"№ ЕАЭС KZ 7500802.13.12.00743 
№ ЕАЭС KZ 7500802.01.01.00377"
10147,"№ ЕАЭС KZ 7500651.13.12.03328 
№ ЕАЭС KZ 7500651.13.12.03866"
10148,"№ ЕАЭС KZ 7500651.13.12.02531 
№ ЕАЭС KZ 7500651.13.12.02532 
№ ЕАЭС KZ 7500986.23.01.08393"
10149,№ ЕАЭС KZ 7500651.13.12.01107
10150,№ KZ. 7500802.01.01.00772
10161,№ KZ. 7500802.01.01.00771
10166,№ KZ. 7500802.01.01.00096
10167,№ KZ. 7500802.01.01.00773
10168,№ KZ. 7500802.22.01.00262
10170,№ KZ. 7500802.22.01.00262 а
10178,№ KZ. 7100841.01.01.00181
10179,№KZ 7100841.01.01.00182
10190,№ ЕАЭС KZ 7100841.01.01.00378
10191,№ KZ. 7500802.01.01.00774
10202,№ KZ. 7100841.01.01.00183
10207,ЕАЭС KG417\031.Д.0013789
10209,KZ.3510317.01.01.01472
10210,KZ.3510317.01.01.01488
10211,KZ.3510317.13.12.01493
10212,KZ.3510317.01.01.00458
10213,KZ.3510317.13.12.01478
10214,KZ.3510317.01.01.00459
10215,KZ.3510317.01.01.01470
10216,KZ.3510317.01.01.00462
10217,KZ.3510317.13.12.01486
10218,KZ.3510317.13.12.01487
10219,KZ.3510317.01.01.00463
10220,KZ.3510317.13.12.01485
10221,KZ.3510317.13.12.01479
10222,KZ.3510317.01.01.01469
10223,KZ.3510317.01.01.01471
10224,KZ.3510317.01.01.01473
10225,KZ.3510317.01.01.01474
10226,KZ.3510317.01.01.01494
10227,KZ.3510317.01.01.00759
10228,KZ.3510317.01.01.01493
10229,KZ.3510317.01.01.01478
10230,KZ.3510317.01.01.01479
10231,KZ.3510317.01.01.01489
10232,KZ.3510317.01.01.01487
10233,KZ.3510317.01.01.01482
10234,KZ.3510317.01.01.01476
10235,KZ.3510317.01.01.01475
10236,KZ.3510317.01.01.01463
10237,KZ.3510317.01.01.00460
10238,KZ.3510317.13.12.01489
10239,KZ.3510317.01.01.00464
10240,KZ.3510317.01.01.01465
10241,KZ.3510317.13.12.01492
10242,KZ.3510317.01.01.01480
10243,KZ.3510317.13.12.01480
10244,KZ.3510317.01.01.01492
10245,KZ.7500802.13.12.00852
10246,KZ.7500802.01.01.00059
10247,KZ.7500361.01.01.02696
10248,KZ.3510317.13.12.01484
10249,KZ.3510317.13.12.01483
10287,ЕАЭС KZ 2710317.13.12.01733
10289,KZ.3910317.24.01.05790
10290,KZ.3910317.22.01.00249
10291,KZ.3910317.24.01.05791
10293,KZ.3910317.24.01.05793
10295,KZ.3910317.24.01.06095
10296,KZ.3910317.13.12.01049
10297,KZ.3910317.13.12.01048
10300,KZ.3910317.24.01.06313
10301,KZ.3910317.13.12.01349
10302,KZ.3910317.24.01.06934
10325,ЕАЭС N RU Д-KZ.РА03.В.43830/22
10333,ЕАЭС N RU Д-KZ.РА01.В.44864/21
10365,KZ.7500551.01.01.00985
10366,ЕАЭС KZ 6328317.13.12.00247
10369,ЕАЭС KZ 6328317.13.12.00257
10373,ЕАЭС KZ 6328317.13.12.00248
10374,ЕАЭС KZ 6328317.13.12.00241
10380,ЕАЭС KZ 6328317.13.12.00236
10381,ЕАЭС KZ 6328317.13.12.00244
10382,ЕАЭС KZ 6328317.13.12.00246
10384,ЕАЭС KZ 6328317.13.12.00254
10386,ЕАЭС KZ 6328317.13.12.00253
10392,ЕАЭС KZ 6328317.13.12.00239
10394,ЕАЭС KZ 6328317.13.12.00240
10396,ЕАЭС KZ 6328317.13.12.00243
10398,ЕАЭС KZ 6328317.13.12.00233
10399,ЕАЭС KZ 6328317.13.12.00242
10400,ЕАЭС KZ 6328317.13.12.00252
10401,ЕАЭС KZ 6328317.13.12.00255
10402,ЕАЭС KZ 6328317.13.12.00245
10403,KZ.6328317.01.0103582
10404,ЕАЭС KZ 6328317.13.12.00238
10405,ЕАЭС KZ 6328317.13.12.00251
10406,ЕАЭС KZ 6328317.13.12.00250
10408,№ЕАЭС KZ.7500651.01.01.01608
10409,№ЕАЭС KZ.7500651.01.01.01607
10434,KZ 7100628.01.0100038
10435,KZ 7100628.01.01.00037
10438,Сертификат соответствия KZ.7500551.01.01.01133
10440,"№ KZ.Q.01.0318.C22.015269 
№ KZ.Q.01.0318.C22.015267
№ KZ.Q.01.0318.C22.015270 
№ KZ.Q.01.0318.C22.015268"
10449,№KZ7500651.01.01.04059
10452,№KZ7500651.13.12.09311
10457,№KZ7500651.01.01.04058
10459,№KZ7500651.01.01.04054
10467,№KZ7500651.01.01.04055
10470,№KZ7500651.01.01.04056
10477,№KZ7500651.01.01.04057
10481,№ЕАЭС KZ.3510317.01.01.01226
10482,№ЕАЭС KZ.7500361.22.01.04086
10483,№ЕАЭС KZ.7500361.01.01.01492
10484,№ЕАЭС KZ.7500361.01.01.02243
10485,№ЕАЭС KZ.3510317.01.01.00221
10486,№ЕАЭС KZ.3510396.01.01.00157
10489,№ЕАЭС KZ.3510396.01.01.00158
10492,№ЕАЭС KZ.3510396.01.01.00150
10500,ЕАЭС №KZ.3510396.13.12.00107
10502,ЕАЭС №KZ.3510396.13.12.00110
10503,ЕАЭС №KZ.3510396.13.12.00175
10505,ЕАЭС №KZ.3510396.13.12.00108
10507,ЕАЭС №KZ.3510396.13.12.00173
10508,№ЕАЭС KZ.3510396.01.01.00080
10510,№ЕАЭС KZ.3510396.01.01.00080  07.0№ЕАЭС KZ.3510396.01.01.0008
10511,№ЕАЭС KZ.3510396.01.01.00077
10514,ЕАЭС №KZ.3510103.24.01.00072
10515,ЕАЭС №KZ.3510103.24.01.00073
10517,ЕАЭС №KZ.3510103.24.01.00072 ЕАЭС №KZ.3510103.24.01.00072
10519,№ЕАЭС KZ.3510396.01.01.00076
10520,№ЕАЭС KZ.3510396.01.01.00149
10521,№ЕАЭС KZ.3510396.01.01.00146
10522,ЕАЭС №KZ.3510396.13.12.00111
10523,ЕАЭС №KZ.3510396.13.12.00109
10524,ЕАЭС №KZ.3510396.13.12.00174
10526,ЕАЭС  №KZ.3510396.13.12.00176
10527,ЕАЭС              №KZ.3510396.13.12.00176
10529,№ЕАЭС KZ.3510396.01.01.00147
10531,№ЕАЭС KZ.3510396.01.01.00148
10538,ЕАЭС №KZ.3510396.13.12.00179
10539,ЕАЭС №KZ.3510396.13.12.00180
10540,ЕАЭС №KZ.3510103.24.01.00075
10541,ЕАЭС №KZ.3510103.24.01.00074
10542,ЕАЭС №KZ.3510396.13.12.00177
10543,ЕАЭС №KZ.3510396.13.12.00178
10607,ЕАЭС KG №417/026. KZ/02/03983
10625,№ ЕАЭС KG 417/036.KZ.02.01131
10635,KZ 7500651.01.01.01128
10682,ЕАЭС KZ 3510396.01.01.00141
10685,ЕАЭС KZ 3510396.01.01.00140
10686,ЕАЭС KZ 3510396.01.01.00143
10688,ЕАЭС KZ 3510396.01.01.00135
10689,ЕАЭС KZ 3510396.01.01.00142
10691,ЕАЭС KZ 3510396.01.01.00137
10692,ЕАЭС KZ 3510396.01.01.00138
10693,ЕАЭС KZ 3510396.01.01.00134
10694,ЕАЭС KZ 3510396.01.01.00136
10696,ЕАЭС KZ 3510396.01.01.00133
10697,ЕАЭС KZ 3510396.01.01.00145
10698,ЕАЭС KZ 3510396.01.01.00139
10700,ЕАЭС KZ 3510396.13.12.00181
10701,ЕАЭС KZ 3510396.13.12.00166
10703,ЕАЭС KZ 3510396.13.12.00170
10704,ЕАЭС KZ 3510396.13.12.00167
10705,ЕАЭС KZ 3510396.13.12.00159
10706,ЕАЭС KZ 3510396.13.12.00158
10708,ЕАЭС KZ 3510396.13.12.00164
10709,ЕАЭС KZ 3510396.13.12.00161
10710,ЕАЭС KZ 3510396.13.12.00162
10711,ЕАЭС KZ 3510396.13.12.00163
10712,ЕАЭС KZ 3510396.13.12.00165
10713,ЕАЭС KZ 3510396.13.12.00171
10714,ЕАЭС KZ 3510396.13.12.00168
10715,ЕАЭС KZ 3510396.13.12.00169
10716,№ KZ.7700.02.01.00674463
10717,№ KZ.7700.02.01.00671476
10718,№ KZ.7700.02.01.00671478
10719,№ KZ.7700.02.01.00671479
10720,№ KZ.7700.02.01.00674465
10721,KZ.7700.02.01.00830451
10722,KZ.7700.02.01.00833252
10723,№ KZ.7700.02.01.00672425
10724,№ KZ.7700.02.01.00672426
10725,№ KZ.7700.02.01.00672427
10738,"№
KZ.7700.02.01.00674461"
10739,"№
KZ.7700.02.01.00674462"
10740,"№
KZ.7700.02.01.00674466"
10741,"№
KZ.7700.02.01.00672428"
10746,№ KZ.7700.02.01.00907638
10747,№ KZ.7700.02.01.00907637
10748,№ KZ.7700.02.01.00907640
10753,№ KZ.7700.02.01.00830439
10754,№ KZ.7700.02.01.00922663
10755,№ KZ.7700.02.01.00945523
10756,№ KZ.7700.02.01.00945525
10757,№ KZ.7700.02.01.00943950
10758,№ KZ.7700.02.01.00943956 .
10759,№ KZ.7700.02.01.00943955 .
10760,№ KZ.7700.02.01.00943954 .
10761,№ KZ.7700.02.01.00943760 .
10763,№ KZ.7700.02.01.00934540
10766,"№
KZ.7700.02.01.00934540"
10767,"№
KZ.7700.02.01.00903325"
10771,№ KZ.7700.02.01.00921710
10772,Сертификат соответствия № KZ.7500995.01.01.01017
10773,Сертификат соответствия № KZ.7500995.01.01.01016
10775,№ ЕАЭС KZ 3510317.13.12.01598
10779,"№ ЕАЭС KZ 3510317.13.12.01599 
, № ЕАЭС KZ 3510317.13.12.01598 
№ ЕАЭС KZ 3510317.13.12.01528"
10785,"№ ЕАЭС KZ 3510317.13.12.01598 
№ ЕАЭС KZ 3510317.13.12.01528"
10789,"№ ЕАЭС KZ 3510317.13.12.01599 , № ЕАЭС KZ 3510317.13.12.01598"
10791,№ ЕАЭС KZ 3510317.13.12.01599
10799,№ ЕАЭС KZ 3510317.13.12.01528
10802,KZ.3510317.01.01.00978
10807,KZ.3510317.01.01.00979
10811,KZ.3510317.01.01.00981
10818,KZ.3510317.01.01.00980
10822,"KZ.3510317.01.01.00696 , KZ.3510317.01.01.00698 , KZ.3510317.01.01.00700"
10823,"KZ.3510317.01.01.00696 , KZ.3510317.01.01.00698 , KZ.3510317.01.01.00699 , KZ.3510317.01.01.00700"
10825,"KZ.3510317.01.01.00696 , KZ.3510317.01.01.00697 , KZ.3510317.01.01.00698 , KZ.3510317.01.01.00699 , KZ.3510317.01.01.00700"
10827,"KZ.3510317.01.01.00696 , KZ.3510317.01.01.00697 , KZ.3510317.01.01.00698 ,  KZ.3510317.01.01.00700"
10837,3510317.13.12.01528
10841,№ЕАЭС KZ3510317.01.01.00548
10844,ЕАЭС №KZ.7500986.24.01.00170
10917,ЕАЭС №KZ.7500986.24.01.00179
11083,ЕАЭС №KZ.7500986.13.12.03102
11148,№ЕАЭС KZ 3510317.01.01.00507
11149,ЕАЭС KZ 7100317.13.12.02849
11150,ЕАЭС KZ 7100317.13.12.02850
11153,TC KZ E-KZ.0317.00184.P1
11155,TC KZ E-KZ.0317.00182
11157,ОТШ TC KZ К-KZ.0317.00017
11159,ОТТС TC KZ E-KZ.0317.00218
11160,ОТТС TC KZ E-KZ.0317.00148
11161,ОТШ TC KZ К-KZ.0317.00023
11162,ОТТС TC KZ E-KZ.0317.00234
11165,ОТШ TC KZ K-KZ.0317.00020
11168,ОТШ TC KZ K-KZ.0317.00019
11169,ОТТС TC KZ E-KZ.0317.00189
11173,ОTШ ТС KZ К-KZ.0317.00022.Р1
11175,ОTШ ТС KZ К-KZ.0317.00021
11308,Сертификат соответствия № ЕАЭС KZ3510317.01.01.00158
11312,Сертификат соответствия № ЕАЭС KZ3510317.01.01.00157
11316,Сертификат соответствия № ЕАЭС KZ3510317.01.01.00155
11317,Сертификат соответствия № ЕАЭС  KZ3510317.01.01.00155
11326,Сертификат соответствия № ЕАЭС KZ3510317.01.01.00156
11328,Сертификат соответствия № ЕАЭС KZ3510317.01.01.00489
11332,Сертификат соответствия № ЕАЭС KZ3510317.01.01.00490
11333,Сертификат соответствия № ЕАЭС KZ3510317.01.01.00491
11334,Декларация о соответствии № ЕАЭС KZ3510317.13.12.01б17
11335,Декларация о соответствии № ЕАЭС KZ3510317.13.12.01б17 .
11342,Декларация о соответствии № ЕАЭС KZ3510317.13.12.01б18
11345,Декларация о соответствии № ЕАЭС KZ3510317.13.12.01б18 .
11346,Декларация о соответствии № ЕАЭС KZ3510317.13.12.01б19
11349,Декларация о соответствии № ЕАЭС KZ3510317.13.12.01б19 .
11350,Декларация о соответствии № ЕАЭС KZ3510317.13.12.01б20
11352,Декларация о соответствии № ЕАЭС KZ3510317.13.12.01б20 .
11354,KZ.7500361.13.12.13639
11361,KZ.7500361.01.01.03786
11363,KZ.7500361.13.12.14087
11365,KZ.7500361.13.12.14088
11367,KZ. 7500361.13.12.14089
11371,KZ.7500361.13.12.14090
11372,KZ 7500361.13.12.14091
11373,№KZ.7100841.01.01.00812
11376,№KZ.7100841.01.01.00813
11381,ЕАЭС КZ 3510396.13.12.00210
11382,ЕАЭС КZ 3510396.01.01.00194
11383,ЕАЭС КZ 3510396.01.01.00195
11384,ЕАЭС КZ 3510396.01.01.00185
11386,ЕАЭС KZ 3510396.13.12.00211 .
11387,ЕАЭС КZ 3510396.13.12.00212
11388,ЕАЭС КZ 3510396.13.12.00216
11389,ЕАЭС КZ 3510396.13.12.00213
11391,ЕАЭС КZ 3510396.13.12.00214
11393,ЕАЭС КZ 3510396.13.12.00220
11394,ЕАЭС КZ 3510396.01.01.00196
11395,ЕАЭС КZ 3510396.13.12.00211
11397,ЕАЭС КZ 3510396.01.01.00191
11400,ЕАЭС КZ 3510396.01.01.00190
11404,ЕАЭС КZ 3510396.01.01.00197
11405,ЕАЭС КZ 3510396.01.01.00187
11406,ЕАЭС КZ 3510396.01.01.00188
11411,КZ.3510396.01.01.00077
11412,ЕАЭС КZ 3510396.13.12.00209
11419,ЕАЭС КZ 3510396.13.12.00221
11420,ЕАЭС КZ 3510396.01.01.00193
11422,ЕАЭС КZ 3510396.01.01.00192
11424,ЕАЭС КZ 3510396.01.01.00186
11426,ЕАЭС КZ 3510396.13.12.00219
11427,ЕАЭС КZ 3510396.13.12.00218
11428,ЕАЭС КZ 3510396.13.12.00222
11430,ЕАЭС КZ 3510396.01.01.00189
11432,ЕАЭС КZ 3510396.13.12.00217
11433,ЕАЭС КZ 3510396.13.12.00215
11437,ЕАЭС KZ 7100841.13.12.00692
11476,ЕАЭС KZ 7100841.13.12.00693
11515,№KZ.7500937.01.01.02044
11516,№ЕАЭС KZ 7500937.01.01.00704
11517,№KZ.7500937.01.01.02040
11526,KZ.7500937.01.01.02040
11585,KZ.7500937.01.01.02039
11587,KZ.7500937.01.01.02044
11600,KZ.7500937.01.01.02041 со сроком действия
11603,KZ.7500937.01.01.02042
11604,№ EAЭС KZ 7100841.01.01.00506
11605,KZ.7500937.01.01.02043
11621,№482 от 29.11.2022 ТОО Текс
11656,ЕАЭС № ЕАЭС KZ 7500651.13.12.08087
11658,ЕАЭС № ЕАЭС KZ 7500651.13.12.10652
11659,ЕАЭС KZ 7500651.01.01.01503
11661,ЕАЭС KZ 7500651.01.01.01667
11662,ЕАЭС KZ 7500651.01.01.01665
11663,ЕАЭС KZ 7500651.13.12.10647
11664,ЕАЭС KZ 7500651.13.12.10650
11665,ЕАЭС KZ 7500651.01.01.04670
11666,ЕАЭС KZ 7500651.01.01.04671
11667,ЕАЭС KZ 7500651.13.12.10648
11668,"ЕАЭС KZ
7500651.13.12.10660"
11678,№ЕАЭС KZ.7500986.01.01.01494
11679,№ЕАЭС KZ.7500986.01.01.01496
11680,№ЕАЭС KZ.7500986.01.01.01493
11684,kz.7100841.01.01.00635
11716,"KZ.7500317.01.01.00992,"
11856,"KZ.7500317.01.01.00995,"
11982,"KZ.7500317.01.01.00994,"
12087,"KZ.7500317.01.01.00993,"
12172,"KZ.7500317.01.01.00998,"
12202,"KZ.7500317.01.01.00997,"
12205,"KZ.7500317.01.01.00987,"
12238,"KZ.7500317.01.01.00996,"
12240,Сертификат соответствия зарегистрирован в реестре данных государственной системы технического регулирования № KZ.7500551.01.01.01120
12247,№TC KZ E-KZ.0401.00024.П1
12248,№TC KZ E-KZ.0401.00066 срок
12254,№ТC KZ E-KZ.0317.00120
12260,№TC KZ E-KZ.0114.00046
12266,№TC KZ E-KZ.0401.00064 .
12267,№TC KZ E-KZ.0401.00064
12268,№TC KZ E-KZ.0114.00040.P1 срок
12270,TC KZ E-KZ.0317.00228
12271,TC KZ E-KZ.0317.00078.P1 срок .
12272,TC KZ E-KZ.0317.00078.P1 срок
12273,TC KZ E-KZ.0317.00085
12274,TC BY E-BY.117.00031.Р3
12276,№ TC BY E-BY.117.00009.Р2
12277,KZ.7500551.01.01.00032
12278,KZ.7500551.01.01.00031
12279,KZ.7500551.01.01.00476
12280,KZ.7500551.01.01.00030
12281,KZ.7500551.01.01.00029
12303,№ KZ.7500551.01.01.01121
12314,Сертификат соответствия № ЕАЭС KZ.7500361.22.01.04102
12317,Сертификат соответствия № ЕАЭС KZ.7500361.22.01.04103
12320,Сертификат соответствия № ЕАЭС KZ.7500361.22.01.04105
12322,Сертификат соответствия № ЕАЭС KZ.7500361.22.01.04104
12323,Сертификат соответствия № ЕАЭС KZ.7500361.22.01.04107
12324,Сертификат соответствия № ЕАЭС KZ.7500361.22.01.03735
12326,Декларация о соответствии № KZ.7500361.24.01.05509
12328,Сертификат соответствия № ЕАЭС KZ.7500361.22.01.03731
12329,Сертификат соответствия № ЕАЭС KZ. 7500361.22.01.03731
12330,Сертификат соответствия № ЕАЭС KZ. 7500361.22.01.03733
12331,Сертификат соответствия № ЕАЭС KZ. 7500361.22.01.03732
12333,Сертификат соответствия № ЕАЭС KZ. 7500361.24.01.04832
12512,№ ЕАЭС KZ 7500661.05.01.02008
12513,№ ЕАЭС KZ 7500661.05.01.01728
12514,ЕАЭС KZ 7500661.05.01.02759
12515,ЕАЭС KZ 7500661.05.01.02568
12516,№ ЕАЭС KZ 7500091.05.01.01087
12518,№ ЕАЭС KZ 7500661.05.01.02759
12521,№ ЕАЭС KZ 7500661.05.01.04406
12522,EАЭС KZ 7500802.01.01.00624
12525,№ ЕАЭС KZ1510317.13.12.00927
12551,ЕАЭС KZ 7100841.13.12.01868
12555,ЕАЭС KZ 7100841.13.12.01867
12593,"""EAЭС
KG417/026.Д0002849 .
"""
12594,EAЭС KG417/026.Д0002846 .
12595,EAЭС KG417/026.Д0002841 .
12596,EAЭС KG417/026.Д0002847 .
12597,EAЭС KG417/026.Д0002845 .
12598,EAЭС KG417/026.Д0002844 .
12599,EAЭС KG417/026.Д0002843 .
12603,ЕАЭС KZ 7100317.13.12.01993
12620,№ ЕАЭС KZ 7100841.13.12.01809
12625,№ ЕАЭС KZ 7100841.13.12.01810
12661,№ ЕАЭС KZ 7100841.01.01.01009
12669,№ 230223-05 от 23.02.2023 г.
12673,№ ЕАЭС KZ 7100841.01.01.01010
12675,№ ЕАЭС KZ 7100841.01.01.01011
12681,№ ЕАЭС KZ 7100841.01.01.01012
12705,Сертификат соответствия ЕАЭС KZ 7100841.05.01.01211 от 16.02.23г.
12706,Сертификат соответствия ЕАЭС KZ 7100841.05.01.01212 от 16.02.23г.
12708,Декларация о соответствии № ЕАЭС KZ 7100841.13.12.01773
12712,Сертификат соответствия ЕАЭС KZ 7100841.05.01.01210 от 16.02.23г.
12717,Сертификат соответствия ЕАЭС KZ 7100841.05.01.01213 от 16.02.23г.
12723,"ЕАЭС KZ3510396.01.01.00225 ГОСТ 28507-99, ГОСТ 12.4.033-95"
12726,"ЕАЭС KZ3510396.01.01.00225 ГОСТ 28507-99, ГОСТ 12.4.033-95, KZ3510396.01.0100226  ГОСТ12.4.032-95, ЕАЭС KZ3510396.01.01.00241   ГОСТ 12.4.137-2001, , ЕАЭС KZ3510396.01.01.00224 ГОСТ 12.4.124-83ССБТ"
12729,"ЕАЭС KZ3510396.01.01.00225 ГОСТ 28507-99, ГОСТ 12.4.033-95, ЕАЭС KZ3510396.01.0100226  ГОСТ12.4.032-95, ЕАЭС KZ3510396.01.01.00241   ГОСТ 12.4.137-2001"
12732,"ЕАЭС KZ3510396.01.01.00225 ГОСТ 28507-99, ГОСТ 12.4.033-95, ЕАЭС KZ3510396.01.0100226  ГОСТ12.4.032-95, ЕАЭС KZ3510396.01.01.00241  ГОСТ 12.4.137-2001"
12742,"ЕАЭС KZ3510396.01.01.00225 ГОСТ 28507-99, ГОСТ 12.4.033-95, ЕАЭС KZ3510396.01.0100226  ГОСТ12.4.032-95, ЕАЭС KZ3510396.01.01.00235 от 12.12.2022г. до 12.12.2023г. ГОСТ 12.4.137-2001"
12743,"ЕАЭС KZ3510396.01.01.00225 ГОСТ 28507-99, ГОСТ 12.4.033-95, ЕАЭС KZ3510396.01.0100226  ГОСТ12.4.032-95, KZ3510396.01.01.00241   ГОСТ 12.4.137-2001, ЕАЭС KZ3510396.01.01.00224 ГОСТ 12.4.124-83ССБТ"
12744,"ЕАЭС KZ3510396.01.01.00225 ГОСТ 28507-99, ГОСТ 12.4.033-95, ЕАЭС KZ3510396.01.0100226  ГОСТ12.4.032-95, ЕАЭС KZ3510396.01.01.00241  . ГОСТ 12.4.137-2001, ЕАЭС KZ3510396.01.01.00224 ГОСТ 12.4.124-83ССБТ"
12745,"ЕАЭС KZ3510396.01.01.00225 ГОСТ 28507-99, ГОСТ 12.4.033-95, ЕАЭС KZ3510396.01.0100226  ГОСТ12.4.032-95, ЕАЭС KZ3510396.01.01.00241   ГОСТ 12.4.137-2001, ЕАЭС KZ3510396.01.01.00224 ГОСТ 12.4.124-83ССБТ"
12749,"ЕАЭС KZ3510396.01.01.00225 ГОСТ 28507-99, ГОСТ 12.4.033-95, ЕАЭС KZ3510396.01.0100226  ГОСТ12.4.032-95, ЕАЭС KZ3510396.01.01.00241   ГОСТ 12.4.137-2001	пара"
12759,KZ.3510396.01.01.00088 ГОСТ СТ РК 2752-2015
12760,KZ3510396.01.01.00089  ГОСТ СТ РК 1586-2015
12785,№KZ. 7500995.13.12.05352
12786,№KZ.7500995.13.12.05352
12787,"""KZ 7500995.13.12.05351
Серия KZ 0189040"
12788,"""KZ 7500995.13.12.05353
 
"""
12790,""" KZ 7500995.13.12.05354
 
"""
12793,KZ.7500995.01.01.01012
12796,СС ЕАЭС № KZ7500986.01.01.04148
12798,KZ 7500441.13.12.00684
12805,KZ 7500441.24.01.01352
12808,KZ.7500441.24.01.01312
12811,KZ.7500441.24.01.01266
12813,KZ.7500441.24.01.01239
12817,KZ.7500441.24.01.01308
12821,KZ 7500441.13.12.00807
12825,KZ 7500441.13.12.00240
12827,KZ 7500441.13.12.00239
12831,KZ 7500441.13.12.00647
12835,KZ.7500441.24.01.01192
12837,KZ.7500441.13.12.01361
12838,"KZ.5110317.01.01.00073
Серия KZ №0168786"
12840,"KZ.5110317.01.01.00074
Серия KZ №0168787"
12917,ЕАЭС  KZ 7100317.13.12.02899
12998,№EAЭC KZ 7500986.01.01.00939
13000,№ ЕАЭС KZ 7500986.01.01.04486
13002,№ ЕАЭС KZ 7500986.01.01.04487
13003,KZ.7700.02.01.00636586
13004,KZ.7700.02.01.00655968
13005,KZ.7700.02.01.00678146
13006,KZ.7700.02.01.00659167
13007,KZ.7700.02.01.00643034
13008,KZ.7700.02.01.00630279
13009,KZ.7700.02.01.00677658
13010,KZ.7700.02.01.00658310
13011,KZ.7700.02.01.00667451
13012,KZ.7700.02.01.00678838
13013,KZ.7700.02.01.00681554
13014,KZ.7700.02.01.00657091
13015,KZ.7700.02.01.00662688
13016,KZ.7700.02.01.00678587
13017,KZ.7700.02.01.00674767
13028,KZ.7700.02.01.00681555
13029,KZ.7700.02.01.00637740
13034,KZ.7700.02.01.00628897
13036,KZ.7700.02.01.00645451
13037,KZ.7700.02.01.00654941
13038,KZ.7700.02.01.00621256
13039,KZ.7700.02.01.00641571
13045,KZ.1100317.01.01.01095
13052,KZ.1100317.01.01.01214
13062,Сертификат соответствия № ЕАЭС KZ7500651.01.01.04747
13066,Сертификат соответствия № ЕАЭС KZ7500651.01.01.04749
13070,Сертификат соответствия № ЕАЭС KZ7500651.01.01.04748
13074,Сертификат соответствия № ЕАЭС KZ7500651.01.01.04746
13075,Декларация соответствия № ЕАЭС KZ7500651.13.12.10804
13077,ЕАЭС KZ 7100841.01.01.00377
13081,ТС KZ E-KZ.0317.00162
13092,ТС KZ А-KZ.0428.001457
13094,ТС KZ E-KZ.0317.00082
13096,ТС RU Е-RU.МТ02.00002.Р19И1
13108,ТС KZ E-KZ.0317.00193
13169,ТС KZ E-KZ.0317.00177
13211,ОП KZ. А.0317.00006
13237,ТС KZ.A-KZ.0428.01426
13238,ТС RU E-RU. MT02. 00188.П1Р3
13239,ТС RU Е-RU.МТ02.00051.П2
13246,ЕАЭС KZ 7100841.13.12.00687
13275,ЕАЭС KZ 7100841.13.12.00688
13332,EAЭС KZ 3910317.22.01.00240      с 29.01.2021 по 29.01.2024
13333,EAЭС KZ 3910317.01.01.00117  с 24.08.2022 по 24.08.2025
13334,ЕАЭС KZ 3910317.01.01.00126        с 19.09.2022 по 19.09.2025
13335,EAЭС KZ 3910317.22.01.00261     с 31.03.2021 по 30.03.2024
13336,EAЭС KZ 3910317.01.01.00075     с 11.05.2022 по 11.05.2025
13337,EAЭС KZ 3910317.01.01.00029     с 04.11.2021 по 30.03.2024
13338,EAЭС KZ 3910317.01.01.00029      с 04.11.2021 по 30.03.2024
13339,EAЭС KZ 3910317.01.01.00074     с 11.05.2022 по 11.05.2025
13340,EAЭС KZ 3910317.01.01.00018      с 19.08.2021 по 19.08.2024
13341,EAЭС KZ 3910317.01.01.00030      с 04.11.2021 по 19.08.2024
13342,EAЭС KZ 3910317.01.01.00073    с 11.05.2022 по 11.05.2025
13343,EAЭС KZ 3910317.01.01.00118  с 24.08.2022 по 24.08.2025
13344,EAЭС KZ 3910317.01.01.00225      с 18.01.2023 по 18.01.2026
13345,"Декларация Комплект женский рабочий (куртка, брюки или полукомбинезон) в комплекте и отдельными предметами KZ.3510396.13.12.00025 от 07.09.2021 г. Действителен до 07.09.2024"
13346,"Декларация Комплект женский рабочий (куртка, брюки или полукомбинезон) в комплекте и отдельными предметами KZ.3510396.13.12.00025 от 07.09.2021 г. Дейсвителен до 07.09.2024"
13348,"Сертификат соответствия Комплект женский рабочий (куртка, брюки или полукомбинезон; головной убор) для защиты от кислот и щелочей KZ.3510396.01.01.00004 от 08.09.2021г. Действителен до 08.09.2024"
13349,"Сертификат соответствия Комплект женский рабочий (куртка, брюки или полукомбинезон) от пониженных температур KZ.3510396.01.01.00010 от 08.09.2021г. Действителен до 08.09.2024г."
13350,Декларация Костюм женский рабочий KZ.3510396.13.12.00063 от 16.09.2021 г. Действителен до 16.09.2024г.
13351,Сертификат соответствия КОСТЮМЫ женские рабочие для защиты от кислот и щелочей KZ.3510396.01.01.00042 от 16.09.2021г. Действителен до 16.09.2024г.
13352,"Сертификат соответствия Комплект мужской рабочий (куртка, брюки)  в комплекте и отдельными предметами в ассортименте для защиты от искр и брызг расплавленного металла KZ.3510396.01.01.00018 от 08.09.2021г.Действителен до 08.09.2024"
13357,"Сертификат соответствия Комплект мужской рабочий (куртка, брюки или полукомбинезон) в комплекте и отдельными предметами в ассортименте для защиты от нефти и нефтепродуктов  KZ.3510396.01.01.00019 от 08.09.2021г. Дествителен до 08.09.2024"
13407,Декларация Шапка-ушанка утепленная из искусственного меха  KZ.33510396.13.12.00007 от 30.08.2021 г.  Действителен до 30.08.2024г.
13617,KZ.7500851.01.01.00120
13358,"Сертификат соответствия Комплект мужской рабочий (куртка, брюки или полукомбинезон) в комплекте и отдельными предметами для защиты от нефти и нефтепродуктов в ассортименте KZ.3510396.01.01.00019 от 08.09.2021г. Дествителен до 08.09.2024"
13363,"Декларация Комплект мужской рабочий (куртка, брюки или полукомбинезон) KZ.3510396.13.12.00018 от 06.09.2021 г. Действителен до 06.09.2024"
13369,"Сертификат соответствия Комплект мужской рабочий (куртка, брюки или полукомбинезон) для защиты от кислот и щелочей KZ.3510396.01.01.00009 от 08.09.2021г. Действителен до 08.09.2024г."
13370,"Сертификат соответствия Комплект мужской рабочий (куртка, брюки или полукомбинезон) для защиты от пониженных температур KZ.3510396.01.01.00016 от 08.09.2021г.  Действителен до 08.09.2024"
13372,"Сертификат соответствия Комплект мужской рабочий (куртка, брюки или полукомбигнезон) в комлекте и отдельными предметами в ассортименте от пониженных температур KZ.3510396.01.01.00016 от 08.09.2021г. Дествителен до 08.09.2024"
13375,"Сертификат соответствия Комплект мужской рабочий (куртка, брюки или полукомбигнезон) в комлекте и отдельными предметами в ассортименте от пониженных температур KZ.3510396.01.01.00016 от 08.09.2021г. Действителен до 08.09.2024"
13377,Декларация КОСТЮМ мужской рабочий для защиты от воды  KZ.3510396.13.12.00068 от 16.09.2021 г. Действителен до 16.09.2024г.
13378,Декларация КОСТЮМ мужской рабочий от ОПЗ KZ.3510396.13.12.00065 от 16.09.2021 г. Действителен до 16.09.2024г.
13379,Сертификат соответствия КОСТЮМЫ мужские рабочие для защиты от кислот и щелочей KZ.3510396.01.01.00041 от 16.09.2021г. Действителен до 16.09.2024г.
13380,Сертификат соответствия КОСТЮМЫ мужские рабочие для защиты от нефти и нефтепродуктов KZ.3510396.01.01.00044 от 16.09.2021г. Действителен до 16.09.2024г.
13381,Сертификат соответствия КОСТЮМЫ мужские рабочие от искр и брызг расплавленного металла KZ.3510396.01.01.00045 от 16.09.2021г. Действителен до 16.09.2024
13382,Сертификат соответствия КОСТЮМЫ мужские рабочие для защиты от пониженных температур KZ.3510396.01.01.00046 от 16.09.2021г. Действителен до 16.09.2024г.
13383,Сертификат соответствия Комбинезоны мужские и женские для защиты от нефти и нефтепродуктов KZ.3510396.01.01.00017 от 08.09.2021г. Действителен до 08.09.2024
13384,Сертификат соответствия Жилеты утепленные рабочие женские и мужские KZ.3510396.01.01.00021 от 09.09.2021г. Действителен до 16.09.2024г.
13386,Сертификат соответствия Жилеты сигнальные KZ.3510396.01.01.00020 от 08.09.2021г. Действителен до 08.09.2024г.
13387,Декларация Плащ мужской для защиты от воды KZ.3510396.13.12.00016 от 06.09.2021 г. Действителен до 06.09.2024
13388,Декларация Куртка (ветровка) мужская повседневная  KZ.3510396.13.12.00003 от 27.08.2021 г. Действителен до 27.08.2024г.
13389,Декларация Блузка женская KZ.3510396.13.12.00002 от 27.08.2021 г. действителен до 27.08.2024г.
13390,Декларация Халаты рабочие мужские и женские  KZ.3510396.13.12.00022 от 06.09.2021 г. Действителен до 06.09.2024г
13392,Декларация Средства для защиты рук от ОПЗ и механических воздействий KZ.3510396.13.12.00017 от 06.09.2021 г. Действителен до 06.09.2024г.
13393,Декларация Рукавицы хб. Рукавицы брезентовые. Рукавицы комбинированные  KZ.3510396.13.12.00023 от 07.09.2021 г. Действителен до 07.09.2024
13396,Сертификат соответствия Рукавицы (вачеги) комбинированные для защиты рук от искр и брызг расплавленного металла KZ.3510396.01.01.00014 от 08.09.2021г. Действителен до 08.09.2024
13397,Сертификат соответствия Рукавицы меховые KZ.3510396.01.01.00015 от 08.09.2021г. Действителен до 08.09.2024
13398,Декларация Фартуки универсальные рабочие мужские и женские для защиты от воды  KZ.3510396.13.12.00024 от 07.09.2021 г. Действителен до 07.09.2024г
13400,Сертификат соответствия Фартук универсальный рабочий мужской и женский от нефти и нефтепродуктов KZ.3510396.01.01.00005 от 07.09.2021г. Действителен до 07.09.2024
13401,Сертификат соответствия Фартуки универсальные для защиты от кислот и щелочей KZ.3510396.01.01.00008 от 08.09.2021г. Действителен до 08.09.2024г.
13402,Сертификат соответствия Фартуки рабочие для защиты от искр и брызг расплавленного металла KZ.3510396.01.01.00011 от 08.09.2021г. Действителен до 08.09.2024г.
13404,Сертификат соответствия Фартук спилковый для защиты рук от искр и брызг расплавленного металла KZ.3510396.01.01.00012 от 08.09.2021г. Действителен до 08.09.2024г.
13405,"Декларация Шапочка-берет KZ.3510396.13.12.00005 от 30.08.2021 г., Действителен до 30.08.2024г."
13406,Декларация Шапка-ушанка меховая  KZ.3510396.13.12.00006 от 30.08.2021 г. Действителен до 30.08.2024г.
13408,Декларация Шапка трикотажная повседневная  KZ.3510396.13.12.00008 от 30.08.2021 г. Действителен до 30.08.2024г.
13409,Декларация Шапка трикотажная. Подшлемник трикотажный KZ.3510396.13.12.00009 от 30.08.2021 г. Действителен до 30.08.2024г.
13410,Декларация Бейсболка Кепка KZ.3510396.13.12.00010 от 30.08.2021 г. Действителен до 30.08.2024г.
13412,Декларация Одеяло шерстяное и полушерстяное KZ.3510396.13.12.00060 от 16.09.2021 г. Действителен до 16.09.2024г.
13413,Декларация Подушка перо пух KZ.3510396.13.12.00061 от 16.09.2021 г. Действителен до 16.09.2024г.
13414,Декларация Матрац ватный KZ.3510396.13.12.00062 от 16.09.2021 г. Действителен до 16.09.2024г.
13415,Декларация Одеяло стеганое. Подушка с синтетическим наполнителем KZ.3510396.13.12.00064 от 16.09.2021 г. Действителен до 16.09.2024г.
13417,Сертификат соответствия Постельное белье  KZ.3510396.01.01.00003 от 07.09.2021г. Действителен до 07.09.2024г.
13418,"Сертификат соответствия Изделия Бельевые трикотажные. Майки, фуфайки (футболки) KZ.3510396.01.01.00048 от 16.09.2021г. Действителен до 16.09.2024г."
13420,Сертификат соответствия Изделия бельевые трикотажные. Кальсоны KZ.3510396.01.01.00049 от 16.09.2021г. Действителен до 16.09.2024г.
13421,Декларация Галстук KZ.3510396.13.12.00012 от 31.08.2021 г. Действителен до 31.08.2024г.
13428,Декларация о соответствии ЕАЭС KZ 3510396.13.12.00244  от 21.12.2022 г.
13429,№ЕАЭС KZ 7500651.13.12.09375 от 23.12.2022 г. до 22.12.2027 года
13431,ЕАЭС №KZ.7500651.22.01.00791 от 16.03.2021 г. до 16.03.2026 года
13432,№ KZ.7500651.01.01.01113 от 12.12.2022 г. до 12.12.2023 года
13433,№ KZ.7500651.01.01.01114 от 12.12.2022 г. до 12.12.2023 года
13434,ЕАЭС KZ.7500651.22.01.00793 от 16.03.2021 г. до 16.03.2026 года
13435,ЕАЭС № KZ.7500651.24.01.01257 от 16.03.2021 г. до 16.03.2024 года
13436,ЕАЭС №KZ.7500651.22.01.00792 от 16.03.2021 г. до 16.03.2024 года
13437,ЕАЭС № KZ.7500651.24.01.01259 от 16.03.2021 г. до 16.03.2026 года
13438,ЕАЭС №KZ.7500651.01.01.03160 от 09.09.2022 г. до 08.09.2027 года
13439,№KZ.7500651.01.01.01210 от 28.12.2022 г. до 28.12.2023 года
13440,№  KZ.7500651.01.01.01211 от 28.12.2022 г. до 28.12.2023 года
13441,ЕАЭС№KZ 7500651.13.12.09490 от 28.12.2022 г. до 28.12.2025 год
13442,KZ.7500651.01.01.00406 от  25.03.2022 г. до 25.03.2023 года
13443,ЕАЭС №KZ 7500651.13.12.09376 от 23.12.2022 г.  до 23.12.2025 года
13444,Информационное письмо №01-75/ОПС-222 от 27.06.2022 г.
13445,ЕАЭС № KZ.7500651.24.01.01258 от 16.03.2021 г. до 16.03.2026 г.
13451,Сертификат соответствия № KZ.7500551.01.01.00593 от 16.10.2020 до 28.09.2023
13452,Декларация о соответствии ЕАЭС № KZ.7500317.24.01.23271 от 13.07.2020 по 28.05.2023
13454,"Сертификат соответствия № ЕАЭС KZ 7500401.01.01.01141, со сроком действия с 21.04.2022, по 28.05.2023
Сертификат соответствия № ЕАЭС KZ.7500114.22.01.03598, со сроком действия с 07.07.2020, по 06.07.2023"
13458,"Декларация о соответствии ЕАЭС № KZ.7500317.24.01.23271 от 13.07.2020 г, на Счетчики электронные электрической энергии, согласно приложения"
13459,"Сертификат соответствия № ЕАЭС KZ.7500114.22.01.03561, со сроком действия с 07.07.2020, по 06.07.2023"
13468,№ KZ.3510317.01.01.00621 действителен с 06.04.2023 по 06.04.2026
13469,№ KZ.3510317.13.12.02002 действителен с 06.04.2023 по 06.04.2026
13475,№ KZ.3510317.13.12.02004 действителен с 06.04.2023 по 06.04.2026
13477,№ KZ.3510317.01.01.00622 действителен с 06.04.2023 по 06.04.2026
13482,№ KZ.3510317.13.12.02003 действителен с 06.04.2023 по 06.04.2026
13483,№ KZ.3510317.01.01.00623 действителен с 06.04.2023 по 06.04.2026
13485,№ KZ.3510317.01.01.00624 действителен с 06.04.2023 по 06.04.2026
13486,№ KZ.3510317.13.12.02005 действителен с 06.04.2023 по 06.04.2026
13494,№ KZ.3510317.13.12.01122 действителен с 05.08.2022 по 05.08.2023
13495,№ KZ.3510317.01.01.00345 действителен с 05.08.2022 по 05.08.2023
13496,№ KZ.3510317.13.12.01121 действителен с 05.08.2022 по 05.08.2023
13502,№ KZ.3510317.01.01.00346 действителен с 05.08.2022 по 05.08.2023
13503,№ KZ.3510317.13.12.01123 действителен с 05.08.2022 по 05.08.2023
13504,№ KZ.3510317.01.01.00348 действителен с 05.08.2022 по 05.08.2023
13511,"№  KZ.3510396.01.01.002237  выдан 20.12.2022 г. по 19.12.2027 г.
серия KZ № 0219464"
13525,"ЕАЭС № 
ЕАЭС  KZ 7100841.13.12.00337"
13528,ЕАЭС KZ 2710317.13.12.02329
13548,14.09.2022-14.09.2023
13549,7100841.13.12.02009
13551,ЕАЭС KZ 1100317.13.12.01923
13559,ЕАЭС KZ 7500986.13.12.00851
13560,KZ.О.02.0507.С21.006177
13581,KZ.7500851.01.01.00076
13586,"KZ.7500851.01.01.00076
31.01.2022-20.01.2025гг"
13591,KZ.7500851.01.01.00075
13593,KZ.7500851.01.01.00073
13605,KZ.7500851.01.01.00077
13606,KZ.7500851.01.01.00078
13609,KZ.7500851.01.01.00079
13611,KZ.7500851.01.01.00074
13616,KZ.7500851.01.01.00081
13618,KZ.7500851.01.01.00121
13619,KZ.7500851.01.01.00080
13622,"ЕАЭС 
№KZ.6328317.24.01.02242"
13623,"ЕАЭС 
№KZ.6328317.24.01.02242
."
13625,"ЕАЭС 
№KZ.6328317.24.01.02244
."
13630,"ЕАЭС
№KZ.6328317.24.01.02243"
13649,№ ЕАЭС KZ 3910317.13.12.01317
13650,№ ЕАЭС KZ 3910317.13.12.01315
13651,№ ЕАЭС KZ 3910317.13.12.01314
13652,№ ЕАЭС KZ 3910317.13.12.01313
13653,№ ЕАЭС KZ 3910317.13.12.01908
13658,KZ 7500317.01.01.01256
13745,KZ.7500651.01.01.06436
13753,KZ.7700.02.01.00929872
13754,KZ.7700.02.01.00929866
13755,KZ.7700.02.01.00929869
13756,KZ.7700.02.01.00929865
13757,KZ.7700.02.01.00929868
13758,ЕАЭС KG417/033.Д.0013168
13828,ЕАЭС KG417/033.Д.0013171
13870,Информационное письмо №590/23 от 02.03.2023
14103,Информационное письмо KZ/591/23 от 02.03.2023г.
14105,Декларация о соответствии № ЕАЭС KG417/031.Д.0036195
14107,Информационное письмо KZ/589/23 от 02.03.2023г.
14110,Информационное письмо KZ/590/23 от 02.03.2023г.
14140,Декларация о соответствии № ЕАЭС KG417/031.Д.0036115
14141,Декларация о соответствии № ЕАЭС KG417/031.Д.0036110
14147,Декларация о соответствии № ЕАЭС KG417/031.Д.0036114
14224,Декларация о соответствии № ЕАЭС KG417/031.Д.0036109
14225,Информационное письмо KZ/949/22 от 05.08.2022г.
14228,Декларация о соответствии № ЕАЭС KG417/031.Д.0036112
14229,Декларация о соответствии № ЕАЭС KG417/031.Д.0036111
14358,KZ.7500551.01.01.01117
14362,№ЕАЭС KZ.5110317.01.01.00059
14365,№ЕАЭС KZ.5110317.01.01.00060
14368,ЕАЭС №KZ.3510317.13.12.01712
14370,ЕАЭС №KZ.3510317.01.01.00516 серия №0108756
14372,ЕАЭС №KZ.5110317.13.12.00753
14373,ЕАЭС №KZ.5110317.13.12.00752
14375,ЕАЭС №KZ.5110317.01.01.00068
14377,ЕАЭС №KZ.5110317.01.01.00070
14379,ЕАЭС №KZ.5110317.01.01.00069
14386,KZ.7500651.24.01.01962
14410,KZ.7500651.22.01.01514
14421,KZ.7500651.22.01.01513
14425,KZ.7500651.01.01.01460
14434,KZ.7500651.24.01.01963
14439,"Сертификат на серийное 
производство № ЕАЭС 
KZ.7500651.01.01.00513 
Серия KZ № 0187002"
14440,"Сертификат на серийное 
производство №ЕАЭС 
KZ 
7500651.01.01.00514 
Серия KZ № 0185807"
14443,№ KZ.7700.02.01.00929844
14444,№ KZ.7700.02.01.00920859
14445,№ KZ.7500651.01.01.01509
14446,№KZ.7500651.01.01.01514
14447,№KZ.7500651.01.01.01515
14448,№KZ.7500651.01.01.01508
14449,№KZ.7500651.01.01.01512
14450,№KZ.7500651.01.01.01507
14452,№KZ.7500651.01.01.01570
14453,ТС KZ Е-KZ.0317.00180.Р1И1 с
14495,ТС KZA-KZ.0367.17779 дата оформления 3.02.2022г.
14496,ТС KZ Е-KZ.0317.00175.Р1 с
14554,ТС KZA-KZ.0367.16389 дата оформления 23.11.2021г.
14555,ТС KZA-KZ.0367.16359 дата оформления 22.11.2021г.
14556,ТС KZA-KZ.0367.16393 дата оформления 23.11.2021г.
14557,ТС KZA-KZ.0367.16107 дата оформления 12.11.2021г.
14558,ТС KZA-KZ.0367.21192 дата оформления 12.09.2022г.
14559,ТС KZA-KZ.0367.21393 дата оформления 22.09.2022г.
14560,ТС KZA-KZ.0367.19896 дата оформления 24.06.2022г.
14561,СБКТС ГАЗ С42R33 Бортовой Серия № 018747 № ТС KZA-KZ.0367.20416 дата оформления 26.07.2022г.
14562,ТС KZA-KZ.0367.20595 дата оформления 8.08.2022г.
14563,ТС KZA-KZ.0367.20844 дата оформления 23.08.2022г.
14564,ТС KZA-KZ.0367.16598 дата оформления 03.12.2021г.
14565,ТС KZA-KZ.0367.19686 дата оформления 7.06.2022г.
14566,ТС KZA-KZ.0367.17917 дата оформления 11.02.2022г.
14567,ТС KZA-KZ.0367.2203 4дата оформления 27.12.2022г
14568,ТС KZA-KZ.0367.17665 дата оформления 28.01.2022г.
14569,ТС KZA-KZ.0367.17919 дата оформления 11.02.2022г.
14570,ТС KZA-KZ.0367.19688 дата оформления 7.06.2022г.
14571,ТС KZA-KZ.0367.18775 дата оформления 31.03.2022г.
14572,ТС KZA-KZ.0367.19803 дата оформления 17.06.2022г.
14573,ТС KZA-KZ.0367.19954 дата оформления 29.06.2022г.
14574,ТС RU Е-RU.МТ39.00659 с 21.11.2019г
14575,ТС RU Е-RU.МТ39.00659 с 21.11.2019г.
14576,ТС KZA-KZ.0367.20173 дата оформления 13.07.2022г.
14580,ТС RUЕ-RU.ГА06.00660 с 06.03.2020г.
14581,ТС KZA-KZ.0367.18190 дата оформления 25.02.2022г.
14582,ТС RU Е-RU.МТ39.00390.Р1 с 12.09.2018г
14584,ТС KZA-KZ.0367.21965 дата оформления 20.12.2022г.
14585,ТС RU Е-RU.МТ39.00327.Р3 с 07.05.2019г.
14587,ТС RU Е-RU.МТ39.00370.Р2 с 07.05.2019г.
14590,ТС KZ Е-KZ.0317.00163.P2 с
14600,ТС KZ K-KZ.0317.00018 с
14615,ТС KZ K-KZ.0317.00016 с
14618,ТСKZЕ-KZ.0317.00167.P1 с
14622,"ТСKZЕ-KZ.0317.00167.P1 с ;
ТС KZA-KZ.0367.21686 дата оформления 18.10.2022г."
14623,"ТСKZЕ-KZ.0317.00167.P1 с ;
ТС KZA-KZ.0367.21729 дата оформления 21.10.2022г."
14626,"ТСKZЕ-KZ.0317.00167.P1 с ;
ТС KZA-KZ.0367.21728 дата оформления 21.10.2022г."
14628,ТС KZ Е-KZ.0401.00047.P1.И1 с
14634,ТС KZ Е-KZ.0401.00043.P1 с
14636,"ТС KZ Е-KZ.0401.00043.P1 с 
ТС KZA-KZ.0367.22291 дата оформления 23.01.2023г."
14637,ТС KZ Е-KZ.0317.00178 с
14639,ТС KZ Е-KZ.0317.00125.Р1 с
14641,ТС KZ Е-KZ.0317.00126 с
14642,ТСKZA-KZ.0102.09534 дата оформления 28.08.2020г.
14644,ТС KZ Е-KZ.0317. 00127.Р2 .
14646,ТС KZ Е-KZ.0317. 00128.Р2
14647,ЕАЭС KZ 1100317.01.01.00279 c
14651,ЕАЭС KZ 1110317.22.01.03347 с
14652,ЕАЭС KZ 1100317.01.01.00001 с
14656,Сертификат о соответствия  №KZ.7500551.01.01.00720
14676,Сертификат о соответствия  №KZ.7500551.01.01.00719
14694,№ ЕАЭС KZ.3110317.22.01.00703
14695,№ ЕАЭС KZ.3110317.22.01.00705
14696,№ KZ.3110317.01.01.04177
14698,№ KZ.3110317.01.01.04179
14700,№ KZ.7500114.22.01.03614
14701,№ KZ.7500114.22.01.03613
14704,№ KZ.7500114.22.01.03612
14705,№ KZ.7500114.22.01.03611
14706,№ KZ.7500114.22.01.03610
14708,№ KZ.7500114.22.01.03606
14709,№ KZ.7500114.22.01.03605
14710,№ KZ.7500114.22.01.03604
14711,№ KZ.7500114.22.01.03603
14712,№ KZ.7500114.22.01.03602
14717,№ KZ.7500114.22.01.03601
14718,№ KZ.7500114.24.01.10239
14719,№ KZ.7500114.24.01.10238
14720,№ KZ.7500114.24.01.10237
14721,№ KZ.3110317.24.01.05369
14722,№ЕАЭС KZ7500401.01.01.02276
14723,№ЕАЭС KZ7500401.01.01.02277
14724,№ЕАЭС KZ7500401.01.01.02278
14725,№ЕАЭС KZ7500401.01.01.02279
14726,№ЕАЭС KZ7500401.01.01.02280
14727,№ЕАЭС KZ7500401.01.01.02281
14728,№ЕАЭС KZ7500401.01.01.02282
14729,№ЕАЭС KZ7500401.01.01.02283
14730,№ЕАЭС KZ7500401.01.01.02284
14731,№ЕАЭС KZ7500401.01.01.02287
14732,№ЕАЭС KZ7500401.01.01.02289
14733,№ЕАЭС KZ3110317.01.01.00093
14734,№ЕАЭС KZ3110317.01.01.00404
14735,№ЕАЭС KZ3110317.01.01.00403
14736,KZ 7500196.01.01.00353
14737,KZ 7500196.01.01.00356
14738,KZ 7500196.01.01.00255
14742,KZ 7500196.01.01.00340
14746,KZ 7500196.01.01.00451
14759,KZ 7500525.22.01.00746
14766,KZ 7500196.01.01.00529
14812,KZ 7500196.01.01.00453
14827,KZ 7500196.01.01.00406
14828,KZ 7500139.22.01.00360
14829,KZ 7500196.01.01.00364
14846,KZ 7500196.01.01.00518
14922,KZ 7500196.01.01.01146
14942,"ЕАЭС KZ 3510317.01.01.00549  серия 0214389 
ЕАЭС KZ 3510317.13.12.01816"
14989,Сертификат соотвествия       № ЕАЭС BY/112 02.01. ТР003 064.01 00148
14992,Сертификат соотвествия       № ЕАЭС BY/112 02.01. ТР003 064.01 00129
14999,Сертификат соотвествия       № ЕАЭС BY/112 02.01. ТР003 064.01 00162
15030,Декларация о соответсвии ЕАЭС №KZ.5510317.24.01.04972
15089,Декларация о соответствии ЕАЭС №KZ.7500317.24.01.23319
15090,Декларация о соответствии ЕАЭС №KZ.3510317.13.12.01823
15103,Декларация о соответствии № ЕАЭС KZ 7500317.13.12.00977
15109,Декларация о соответствии ЕАЭС №KZ.3510317.24.01.03412
15153,KZ 3110317.13.12.00355
15155,Декларация соответствия KZ2710317.13.12.02807
15170,№ ЕАЭС KZ7500545.01.01.00206
15172,№ ЕАЭС KZ7500545.13.12.04672
15173,№ ЕАЭС KZ7500545.13.12.04673
15174,ЕАЭС KZ 7500545.13.12.05079
15175,ЕАЭС KZ 7500545.13.12.05080
15176,ЕАЭС KZ7500545.13.12.04766
15178,№ ЕАЭС KZ7500545.13.12.04678
15179,№ ЕАЭС KZ7500545.13.12.04677
15180,KZ.7500545.01.01.01236
15181,№ ЕАЭС KZ7500545.13.12.04674
15189,ЕАЭС KZ7500545.13.12.04675
15201,ЕАЭС KZ 7500986.01.01.05277
15204,ЕАЭС KZ 7100841.05.01.01398
15245,"Декларация о соответствии
№ЕАЭС KG
417/031.Д.0040715"
15247,"Декларация о соответствии
№ЕАЭС KG
417/032.Д.0003836"
15255,Декларация о соответствии ЕАЭС № KZ.7500361.24.01.03632
15262,Декларация о соответствии ЕАЭС № KZ 7500361.13.12.00402
15263,"Декларация о соответствии ЕАЭС № KZ.
7500361.24.01.03633"
15310,Сертификат соответствия №KZ/7500551/01/01/00143
15328,№ ЕАЭС KZ 7100990.01.01.00055
15329,KZ.7100934.01.01.00989
15364,KZ.7700.02.01.00958386
15370,Сертификат соответствия № ЕАЭС KZ 7500986.01.01.05594
15396,№KZ7100841.01.0100746;
15397,№KZ.7100841.01.01.00045;
15398,№KZ.7100841.01.01.00044
15400,Декларация соответствия  ЕАЭС KZ 7500995.13.12.05466
15401,Декларация соответствия  ЕАЭС KZ 7500995.13.12.05465
15402,Декларация соответствия ЕАЭС KZ 7500995.13.12.05464
15403,Декларация соответствия ЕАЭС KZ 7500995.13.12.05463
15420,KZ.4710193.21.01.12804
15421,KZ.4710193.21.01.11993
15422,KZ.4710193.21.01.13333
15423,KZ.4710193.21.01.13334
15424,KZ.4710193.21.01.12970
15425,KZ.4710193.23.01.13811
15426,KZ.4710193.23.01.12976
15427,KZ.4710193.13.12.02139
15428,KZ.4710193.21.01.11992
15429,KZ.1900193.21.01.32752
15430,KZ.4710193.21.01.12972
15431,KZ.4710193.21.01.12971
15432,KZ.4710193.21.01.13332
15433,KZ.4710193.23.01.13815
15434,ЕАЭС KZ 4710193.13.12.00853
15435,KZ.4710193.21.01.12708
15436,KZ.4710193.21.01.13336
15437,KZ.4710193.21.01.13337
15438,KZ.4710193.21.01.13338
15439,KZ.4710193.21.01.13339
15440,KZ.4710193.23.01.11002
15441,KZ.1900193.21.01.32648
15442,ЕАЭС KZ 4710193.13.12.00674
15443,ЕАЭС KZ 4710193.13.12.00679
15444,KZ.1900193.21.01.32751
15446,KZ. 7100841.05.01.01513 № 02202249
15449,№ ЕАЭС KZ 7100841.01.01.01370;
15466,№ ЕАЭС KZ 7100841.01.01.01533;
15498,№ ЕАЭС KZ 7100841.01.01.01696;
15502,№ ЕАЭС KZ 7100841.01.01.01364;
15511,№ ЕАЭС KZ 7100841.01.01.01703;
15518,№ ЕАЭС KZ 7100841.01.01.01369;
15554,№ ЕАЭС KZ 7100841.01.01.01456;
15568,№ ЕАЭС KZ 7100841.01.01.01517;
15573,№ ЕАЭС KZ 7100841.01.01.01702;
15574,№ ЕАЭС KZ 7100841.01.01.01365;
15580,№ ЕАЭС KZ 7100841.01.01.01362;
15588,№ ЕАЭС KZ 7100841.01.01.01694;
15598,№ ЕАЭС KZ 7100749.01.01.00670;
15678,№ ЕАЭС KZ 7100841.01.01.01363;
15685,№ ЕАЭС KZ 7100841.01.01.01464;
15695,№ ЕАЭС KZ 7100841.01.01.01695;
15696,№ ЕАЭС KZ 7100841.01.01.01697;
15703,№ ЕАЭС KZ 7100841.01.01.01371;
15973,Декларация о соответствии ЕАЭС KZ 3510317.13.12.02101
15975,ЕАЭС.KZ. 7500986.01.01.05554 Серия KZ № 0230358
15976,ЕАЭС.KZ. 7500986.01.01.05553 Серия KZ № 0230357
15977,ЕАЭС.KZ. 7500986.13.12.06097.
15980,ЕАЭС.KZ. 7500986.13.12.06096.
15981,ЕАЭС.KZ. 7500986.13.12.06095.
15994,ЕАЭС № KZ 5510317.13.12.01159
15996,ЕАЭС № KZ 5510317.13.12.01159 13.02.2023-10.02.2026
16004,№ ЕАЭС  KZ 5510317.01.01.00411 17.02.2023-17.02.2026
16009,ЕАЭС № KZ 5510317.13.12.01145 10.02.2023-10.02.2026
16013,ЕАЭС №  KZ 5510317.13.12.01140 10.02.2023-10.02.2026
16015,ЕАЭС №  KZ 5510317.13.12.01169 17.02.2023-16.02.2028
16062,№ ЕАЭС KZ7500545.01.01.00208
16064,№ ЕАЭС KZ7500545.13.12.04688
16065,№ ЕАЭС KZ7500545.13.12.04689
16066,№ ЕАЭС KZ7500545.13.12.05097
16067,№ ЕАЭС KZ7500545.13.12.05099
16068,№ ЕАЭС KZ7500545.13.12.04767
16070,№ ЕАЭС KZ7500545.13.12.04687
16071,№ ЕАЭС KZ7500545.13.12.04686
16072,№ KZ.7500545.01.01.01234
16073,№ ЕАЭС KZ 7500545.13.12.04690
16080,№ ЕАЭС KZ 7500545.13.12.04691
16083,№ ЕАЭС KZ7500545.01.01.00207
16085,№ ЕАЭС KZ7500545.13.12.04693
16086,№ ЕАЭС KZ7500545.13.12.04682
16087,№ ЕАЭС KZ 7500545.13.12.05090
16088,ЕАЭС KZ 7500545.13.12.05093
16089,№ ЕАЭС KZ7500545.13.12.04765
16091,№ ЕАЭС KZ7500545.13.12.04681
16092,№ ЕАЭС KZ7500545.13.12.04680
16093,№ KZ.7500545.01.01.01235
16094,№ ЕАЭС KZ7500545.13.12.04683
16102,№ ЕАЭС KZ7500545.13.12.04684
16105,№ ЕАЭС KZ 7100628.01.01.00031
16106,№ ЕАЭС KZ 7100628.01.01.00035
16107,№ ЕАЭС KZ 7100628.01.01.00036
16108,Сертификат соответствия №ЕАЭС KZ 7100841.01.01.01428 Серия № 0220140
16109,Сертификат соответствия №ЕАЭС KZ 7100841.01.01.01429 Серия № 0220141
16110,Сертификат соответствия №ЕАЭС KZ 7100841.01.01.01428 Серия № 0220140 Декларация о соответствии ЕАЭС №KG 417.029.L№0019129
16111,ЕАЭС KZ3510317.13.12.00628
16117,№ ЕАЭС KZ 7100628.01.01.00031.
16118,№ ЕАЭС KZ 7100628.01.01.00035.
16119,№ ЕАЭС KZ 7100628.01.01.00036.
16120,Декларация о соответствии ЕАЭС №KZ7500317.01.01.00724
16121,Декларация о соответствии ЕАЭС № KZ 7500317.01.01.723
16122,Декларация о соответствии ЕАЭС KZ15103.17.1312.00966
16124,Декларация о соответствии ЕАЭС KZ15103.17.1312.00967
16125,KZ.7500361.01.01.00248 .
16135,KZ.7500361.01.01.00249
16159,KZ.7500361.01.01.00417
16160,KZ.7500361.01.01.00416
16163,KZ.7500361.01.01.00329
16171,KZ.7500361.01.01.00418
16177,KZ.7500361.01.01.00422
16182,KZ.7500361.01.01.00421
16184,KZ.7500361.01.01.00349
16186,KZ.7500361.01.01.00420
16188,KZ.7500361.01.01.00419
16189,ЕАЭС № ЕАЭС KZ 7100841.13.12.01161 .
16359,ЕАЭС № ЕАЭС KZ 7100841.13.12.01162 .
16370,ЕАЭС № ЕАЭС KZ 7100841.13.12.01163 .
16373,ЕАЭС № ЕАЭС KZ 7100841.13.12.01164 .
16390,ЕАЭС № ЕАЭС KZ 7100841.13.12.01165 .
16394,ЕАЭС № ЕАЭС KZ 7100841.13.12.01166 .
16517,ЕАЭС № ЕАЭС KZ 7100841.13.12.01172 .
16521,ЕАЭС № ЕАЭС KZ 7100841.13.12.01173 .
16611,ЕАЭС № ЕАЭС KZ 7100841.13.12.01174 .
16624,ЕАЭС № ЕАЭС KZ 7100841.13.12.01175  .
16637,ЕАЭС № ЕАЭС KZ 7100841.13.12.01176  .
16648,ЕАЭС № ЕАЭС KZ 7100841.13.12.01179  .
16662,ЕАЭС № ЕАЭС KZ 7100841.13.12.01177  .
16664,ЕАЭС № ЕАЭС KZ 7100841.01.01.00766 от
16665,ЕАЭС № ЕАЭС KZ 7100841.01.01.00767 от
16669,ЕАЭС № BY/112 11.01. ТР030 028.01 00675
16705,ЕАЭС № BY/112 11.01. ТР030 028.01 00331
16709,ЕАЭС № BY/112 11.01. ТР030 028.01 00331
16736,ЕАЭС KZ 7500507.13.12.00002
16737,ЕАЭС KZ 7500986.05.01.04028
16738,Декларация о соответствии ЕАЭС КZ 3910317.13.12.01475
16746,Декларация о соответствии ЕАЭС КZ 3910317.13.12.01123 от
16753,Декларация о соответствии ЕАЭС КZ 3910317.13.12.01121 от
16794,Декларация о соответствии ЕАЭС КZ 3910317.13.12.01122 от
16824,Сертификат соответствия № ЕАЭС KZ 7500651.01.01.05553
16825,Декларация о соответствии № ЕАЭС KZ 7500651.13.12.12278
16826,Декларация о соответствии № ЕАЭС KZ 7500651.13.12.12250
16827,Сертификат соответствия № ЕАЭС KZ 7500651.01.01.05554
16828,Сертификат соответствия № ЕАЭС KZ 7500651.01.01.05555
16829,Сертификат соответствия № ЕАЭС KZ 7500651.01.01.05557
16830,Сертификат соответствия № ЕАЭС KZ 7500651.01.01.05560
16831,Декларация о  соответствии № ЕАЭС KZ 7500651.13.12.12252
16832,Сертификат соответствия № ЕАЭС KZ 7500651.01.01.05561
16833,Декларация о  соответствии № ЕАЭС KZ 7500651.13.12.12265
16834,Сертификат соответствия № ЕАЭС KZ 7500651.01.01.05556
16835,Декларация о  соответствии № ЕАЭС KZ 7500651.13.12.12258
16836,Сертификат соответствия № ЕАЭС KZ 7500651.01.01.05558
16837,Декларация о  соответствии № ЕАЭС KZ 7500651.13.12.12247
16838,Декларация о соответствии № ЕАЭС KZ 7500651.13.12.12269
16839,Декларация о  соответствии № ЕАЭС KZ 7500651.13.12.12279
16840,Декларация о  соответствии № ЕАЭС KZ 7500651.13.12.12257
16841,Декларация о  соответствии № ЕАЭС KZ 7500651.13.12.12282
16842,Сертификат соответствия № ЕАЭС KZ 7500651.01.01.05559
16843,Декларация о  соответствии № ЕАЭС KZ 7500651.13.12.12281
16854,Декларация соответствия ЕАЭС KZ 4310317.13.12.00316
16855,Декларация соответствия ЕАЭС KZ 4310317.13.12.00318
16856,Декларация соответствия ЕАЭС KZ 4310317.13.12.00317
16857,Сертификат соответствия KZ 3510317.01.01.00908
16858,Сертификат соответствия ЕАЭС KZ 4310317.01.01.00046
16859,Сертификат соответствия ЕАЭС KZ 4310317.01.01.00045
16863,Декларация соответствия ЕАЭС KZ 4310317.13.12.00315
16865,Сертификат соответствия ЕАЭС KZ 4310317.01.01.00048
16871,Сертификат соответствия ЕАЭС KZ 4310317.01.01.00047
16879,Декларация соответствия № ЕАЭС KZ 7500986.13.12.05289
16880,Декларация соответствия № ЕАЭС KZ 7500986.13.12.05290
16881,Декларация соответствия № ЕАЭС KZ 7500986.13.12.05291
16882,Декларация соответствия № ЕАЭС KZ 7500986.13.12.05292
16883,Декларация соответствия № ЕАЭС KZ 7500986.13.12.05293
16884,Декларация соответствия № ЕАЭС KZ 7500986.13.12.05294
16885,Декларация соответствия № ЕАЭС KZ 7500986.13.12.05295
16886,Декларация соответствия № ЕАЭС KZ 7500986.13.12.05296
16887,Декларация соответствия № ЕАЭС KZ 7500986.13.12.05297
16888,Декларация соответствия № ЕАЭС KZ 7500986.13.12.05298
16889,Сертификат соответствия № ЕАЭС KZ 7500986.01.01.04840
16890,Декларация соответствия № ЕАЭС KZ 7500986.13.12.05287
16891,Декларация соответствия № ЕАЭС KZ 7500986.13.12.05288
16924,"Сертификат соответствия продукции
№ KZ.7700.02.01.00906095"
16925,"Сертификат соответствия продукции
№ KZ.7700.02.01.00905908"
16926,"Сертификат соответствия продукции
№ KZ.7700.02.01.00906264"
16927,"Сертификат соответствия продукции
№ KZ.7700.02.01.00898798"
16928,KZ.7100628.01.01.00492
16929,KZ.7100628.01.01.00729
16930,KZ.7500937.01.01.01776
16931,KZ7100628.01.01.00708
16932,KZ7100628.01.01.00609
16933,KZ7100628.01.01.00292
16934,KZ7100628.01.01.00493
16935,KZ7100628.01.01.00557
16936,Сертификат соответствия № KZ.7500669.01.01.00857
16937,Сертификат соответствия № KZ.7500669.01.01.00760
16938,Декларация соответствия ЕАЭС KG417/036.Д.0002549
16949,KZ.7100628.01.01.00787
16963,ЕАЭС KZ 7500317.13.12.00980
16964,№ТС KZ.7500317.22.01.00647
17089,(№ЕАЭС KZ 7100841.13.12.02125
17090,(№ЕАЭС KZ 7500986.13.12.06276
17091,№EAЭС KZ3110317.01.01.00096
17094,№EAЭС KZ3110317.01.01.00097
17101,№EAЭС KZ3110317.01.01.00098
17103,№EAЭС KZ3110317.01.01.00099
17104,№EAЭС KZ3110317.01.01.00100
17109,№EAЭС KZ3110317.13.12.00174 от
17113,№EAЭС KZ3110317.13.12.00175 от
17115,№EAЭС KZ3110317.13.12.00176 от
17117,№EAЭС KZ3110317.13.12.00177
17118,№EAЭС KZ3110317.13.12.00178
17120,№EAЭС KZ3110317.13.12.00179
17233,KZ.5510317/01/01/16443
17234,KZ.7500610.01.01.00206
17236,Сертификат соответствия KZ.7100841.01.01.01594
17311,ЕАЭС KZ 7500995.13.12.01959 от
17313,ЕАЭС KZ 7500995.13.12.01960 от
17315,KZ.7500995.01.01.00308           от
17316,KZ.7500995.01.01.00307           от
17318,ЕАЭС KZ 7500995.13.12.01963 от
17333,ЕАЭС KZ 7500995.13.12.01961 от
17350,ЕАЭС KZ 7500995.13.12.01962 от
17368,ЕАЭС KG417/01.06.Д.0035770
17371,№ EAЭС KZ 7500995.13.12.06075
17374,№ EAЭС KZ 7500995.13.12.06074
17389,№ЕАЭС KZ.7500802.21.01.00685
17391,227102
17392,KZ.7500401.01.01.01988
17396,KZ.7500401.13.12.01520
17397,KZ.7500401.13.12.01521
17398,KZ.7500401.01.01.01987
17399,KZ.7500401.01.01.01986
17400,KZ.7500401.01.01.01985
17402,KZ.7500401.01.01.01984
17403,KZ.7500401.13.12.01522
17404,KZ.7500401.13.12.01523
17405,KZ.7500401.01.01.01983
17406,KZ.7500401.13.12.01524
17407,"KZ.7500401,13,12,01525"
17408,KZ.7500401.13.12.01526
17409,KZ.7500401.13.12.01527
17410,KZ.7500401.01.01.01982
17412,KZ.7500401.13.12.01528
17413,KZ.7500401.01.01.01855
17414,KZ.7500401.13.12.00819
17417,KZ.7500401.01.01.01027
17418,KZ.7500401.01.01.01856
17419,KZ.7500401.01.01.01026
17420,KZ.7500401.01.01.01024
17421,KZ.7500401.01.01.01025
17422,KZ.7500401.01.01.01028
17423,KZ.7500401.01.01.01857
17424,KZ.7500401.13.12.00821
17425,KZ.7500401.01.01.01023
17426,KZ.7500401.01.01.01853
17428,KZ.7500401.13.12.00818
17430,KZ.7500401.13.12.00817
17433,KZ.7500401.01.01.00387
17435,KZ.7500401.01.01.00385
17437,KZ.7500401.01.01.00383
17439,KZ.7500401.01.01.00386
17441,KZ.5510317.01.01.00421
17471,№KZ.7500551.01.01.01355
17482,№KZ.7500139.01.01.01813
17483,№KZ.7500196.01.01.00207
17484,№KZ.7500196.01.01.00203
17485,№KZ.7500196.01.01.00206
17486,№KZ.7500196.01.01.00204
17493,№ЕАЭС KZ 7500986.01.01.05939
17496,№ЕАЭС KZ 7500986.01.01.05938
17504,KZ.7700.02.01.01001482
17505,KZ.7700.02.01.00640680
17506,KZ.7700.02.01.00978983
17507,KZ.7700.02.01.00826043
17508,KZ.7700.02.01.00986232
17509,KZ.7700.02.01.00763428
17510,KZ.7700.02.01.00631931 от
17511,KZ.7700.02.01.00975771 от 24.04.2023 до 01.05.2026
17512,KZ.7700.02.01.00993500 от
17513,KZ.7700.02.01.00911738 от 31.10.2022 до 01.11.2025
17514,KZ.7700.02.01.00751006 от 01.06.2021 до 01.06.2024
17515,KZ.7700.02.01.00844719 от 22.04.2022 до 01.04.2025
17516,KZ.7700.02.01.00993476 от
17517,KZ.7700.02.01.01001586 от  03.07.2023 до 01.07.2026
17518,KZ.7700.02.01.01001321 от  03.07.2023 до 01.07.2026
17519,KZ.7700.02.01.00993525 от
17520,KZ.7700.02.01.00993503 от
17521,KZ.7700.02.01.00993632 от
17522,KZ.7700.02.01.00993404 от
17523,KZ.7700.02.01.00993436 от
17524,KZ.7700.02.01.00778806 от 10.09.2021 до 01.09.2024
17525,KZ.7700.02.01.00976458 от 24.04.2023 до 01.05.2026
17526,KZ.7700.02.01.00941978 от 20.01.2023 до 01.02.2026
17527,KZ.7700.02.01.00974431 от 21.04.2023 до 01.05.2026
17528,KZ.7700.02.01.00973504 от 19.04.2023 до 01.05.2026
17529,KZ.7700.02.01.00837026 от
17530,KZ.7700.02.01.00993496 от
17531,KZ.7700.02.01.00859379
17532,KZ.7700.02.01.00993497 от
17533,KZ.7700.02.01.00993528 от
17534,KZ.7700.02.01.00993429 от
17535,KZ.7700.02.01.00981721 от 12.05.2023 до 01.05.2026
17536,KZ.7700.02.01.00783286 от 27.09.2021 до 01.10.2026
17537,KZ.7700.02.01.00867848 от 27.06.2022 до 01.07.2025
17538,KZ.7700.02.01.00986174 от 25.05.2023 до 01.05.2026
17539,KZ.7700.02.01.00978331 от 02.05.2023 до 01.05.2026
17540,KZ.7700.02.01.00981526 от 12.05.2023 до 01.05.2026
17541,KZ.7700.02.01.00986224 от 25.05.2023 до 01.06.2026
17542,KZ.7700.02.01.00993596 от
17543,KZ.7700.02.01.00946320 от 31.01.2023 до 01.02.2028
17544,KZ.7700.02.01.00993428 от
17545,KZ.7700.02.01.00834778 от 18.03.2022 до 01.03.2025
17546,KZ.7700.02.01.01001478 от  03.07.2023 до 01.07.2026
17547,KZ.7700.02.01.00991311 от 05.06.2023 до 01.06.2028
17548,KZ.7700.02.01.00915814 от 11.11.2022 до 01.12.2027
17549,KZ.7700.02.01.00990299 от 01.06.2023 до 01.06.2026
17550,KZ.7700.02.01.00991315 от 05.06.2023 до 01.06.2026
17551,KZ.7700.02.01.00978334 от 02.05.2023 до 01.05.2026
18137,ЕАЭС KZ 7500986.01.01.02723
17552,KZ.7700.02.01.00951299 от 15.02.2023 до 01.03.2028
17553,KZ.7700.02.01.00958301 от 13.03.2023 до 01.03.2028
17554,KZ.7700.02.01.00991321 от 05.06.2023 до 01.05.2028
17555,KZ.7700.02.01.00660014 от 03.07.2020 до 01.07.2025
17556,KZ.7700.02.01.00991310 от 05.06.2023 до 01.05.2028
17557,KZ.7700.02.01.00791141 от 26.10.2021 до 01.09.2026
17558,KZ.7700.02.01.00659096 от 30.06.2020 до 01.07.2025
17559,KZ.7700.02.01.00659097 от 30.06.2020 до 01.07.2025
17560,KZ.7700.02.01.00638295 от 16.04.2020 до 01.05.2025
17561,KZ.7700.02.01.00659098 от 30.06.2020 до 01.07.2025
17562,KZ.7700.02.01.00659099 от 30.06.2020 до 01.07.2025
17563,KZ.7700.02.01.00659100 от 30.06.2020 до 01.07.2025
17564,KZ.7700.02.01.00872398 от 12.07.2022 до 01.07.2027
17565,KZ.7700.02.01.00991318 от 05.06.2023 до 01.05.2028
17566,KZ.7700.02.01.00872923 от 13.07.2022 до 01.07.2027
17567,KZ.7700.02.01.00973442 от 19.04.2023 до 01.04.2028
17568,KZ.7700.02.01.00906612 от 13.10.2022 до 01.09.2027
17569,KZ.7700.02.01.00763543
17570,KZ.7700.02.01.00659095 от 30.06.2020 до 01.07.2025
17571,KZ.7700.02.01.00954042 от 24.02.2023 до 01.03.2026
17572,KZ.7700.02.01.00985996 от 25.05.2023 до 01.06.2026
17573,KZ.7700.02.01.00987426 от 26.05.2023 до 01.06.2026
17574,KZ.7700.02.01.00986000 от 25.05.2023 до 01.06.2026
17575,KZ.7700.02.01.00954082 от 24.02.2023 до 01.03.2026
17576,KZ.7700.02.01.00898878 от 23.09.2022 до 01.10.2025
17577,KZ.7700.02.01.00974490 от 21.04.2023 до 01.05.2026
17578,KZ.7700.02.01.00987422 от 26.05.2023 до 01.06.2026
17579,KZ.7700.02.01.00993634 от
17580,KZ.7700.02.01.00993641 от
17581,KZ.7700.02.01.00954463 от 27.02.2023 до 01.04.2026
17582,KZ.7700.02.01.00951277 от 15.02.2023 до 01.03.2026
17583,KZ.7700.02.01.00909350 от 22.10.2022 до 01.11.2025
17584,KZ.7700.02.01.00986165 от 25.05.2023 до 01.06.2026
17585,KZ.7700.02.01.00993644 от
17586,KZ.7700.02.01.00993639 от
17587,KZ.7700.02.01.00986168 от 25.05.2023 до 01.06.2026
17588,KZ.7700.02.01.00820468 от 31.01.2022 до 01.01.2025
17589,KZ.7700.02.01.00797215 от 12.11.2021 до 01.11.2024
17590,KZ.7700.02.01.00975837 от 24.04.2023 до 01.05.2026
17591,KZ.7700.02.01.00976441 от 24.04.2023 до 01.05.2026
17592,KZ.7700.02.01.00815205 от 11.01.2023 до 01.12.2024
17593,KZ.7700.02.01.01002113 от  03.07.2023 до 01.07.2026
17594,KZ.7700.02.01.01003330 от  04.07.2023 до 01.07.2026
17595,KZ.7700.02.01.01003336 от  04.07.2023 до 01.07.2026
17596,KZ.7700.02.01.01002438 от  03.07.2023 до 01.07.2026
17597,KZ.7700.02.01.01003924 от  05.07.2023 до 01.07.2026
17598,KZ.7700.02.01.00655847 от 18.06.2020 до 01.07.2025
17599,KZ.7700.02.01.00890758 от 02.09.2022 до 01.08.2027
17600,KZ.7700.02.01.00981934 от 12.05.2023 до 01.06.2028
17601,KZ.7700.02.01.01001362 от  03.07.2023 до 01.07.2026
17602,KZ.7700.02.01.00975808 от 24.04.2023 до 01.05.2026
17603,KZ.7700.02.01.00968076 от 07.04.2023 до 01.04.2026
17604,KZ.7700.02.01.00925586 от 07.12.2022  до 01.12.2025
17605,KZ.7700.02.01.00911735 от 31.10.2022 до 01.11.2025
17606,KZ.7700.02.01.00728009 от 16.03.2021 до 01.04.2026
17607,KZ.7700.02.01.00993426 от
17608,KZ.7700.02.01.01001486 от 03.07.2023 до 01.07.2026
17609,KZ.7700.02.01.01001717 от 03.07.2023 до 01.07.2026
17610,KZ.7700.02.01.00859083 от 31.05.2022 до 01.06.2025
17611,KZ.7700.02.01.00911130 от 28.10.2022 до 01.11.2027
17612,KZ.7700.02.01.00800561 от 24.11.2021 до 01.11.2024
17613,KZ.7700.02.01.00820515 от 31.01.2022 до 01.02.2027
17614,KZ.7700.02.01.00978291 от 02.05.2023 до 01.05.2026
17615,KZ.7700.02.01.00886308 от 19.08.2022 до 01.08.2027
17616,KZ.7700.02.01.01001971 от 03.07.2023 до 01.07.2026
17617,KZ.7700.02.01.00946608 от 01.02.2023 до 01.02.2028
17618,KZ.7700.02.01.00974379 от 21.04.2023 до 01.05.2026
17619,KZ.7700.02.01.00729915 от 25.03.2021 до 01.03.2024
17620,KZ.7700.02.01.00993495 от
17621,KZ.7700.02.01.01001484 от 03.07.2023 до 01.07.2026
17622,KZ.7700.02.01.01004832 от 12.07.2023 до 01.07.2026
17623,KZ.7700.02.01.01004939 от 12.07.2023 до 01.07.2026
17624,KZ.7700.02.01.00993499 от
17625,KZ.7700.02.01.01004835 от 12.07.2023 до 01.07.2026
17626,KZ.7700.02.01.01004836 от 12.07.2023 до 01.07.2026
17627,KZ.7700.02.01.01005071 от 12.07.2023 до 01.07.2026
17628,KZ.7700.02.01.00800563 от 12.11.2021 до 01.11.2024
17629,KZ.7700.02.01.01005059 от 12.11.2021 до 01.11.2024
17630,KZ.7700.02.01.01004965 от 12.11.2021 до 01.11.2024
17631,KZ.7700.02.01.00692592 от 28.10.2020 до 01.11.2023
17632,KZ.7700.02.01.01004834 от 28.10.2020 до 01.11.2023
17634,KZ.7700.02.01.01004839 от 28.10.2020 до 01.11.2023
17635,KZ.7700.02.01.00741345 от 05.05.2021 до 01.05.2026
17636,KZ.7700.02.01.01003216 от 04.07.2023 до 01.07.2028
17637,KZ.7700.02.01.00996642 от 19.06.2023 до 01.07.2028
17638,KZ.7700.02.01.01003116 от 04.07.2023 до 01.07.2026
17639,KZ.7700.02.01.01003121 от 04.07.2023 до 01.07.2026
17640,KZ.7700.02.01.00978272 от 02.05.2023 до 01.05.2026
17641,KZ.7700.02.01.01003212 от 04.07.2023 до 01.07.2026
17642,KZ.7700.02.01.00733074 от 06.04.2021 до 01.04.2024
17643,KZ.7700.02.01.00918872 от 21.11.2022 до 01.12.2027
17644,KZ.7700.02.01.00564636 от 03.06.2019 до 01.06.2024
17645,KZ.7700.02.01.00640681 от 24.04.2020 до 01.05.2025
17646,KZ.7700.02.01.00973490 от 19.04.2023 до 01.05.2028
17647,KZ.7700.02.01.00907064 от 17.10.2022 до 01.11.2027
17648,KZ.7700.02.01.00930290 от 15.12.2022 до 01.01.2026
17649,KZ.7700.02.01.00979375 от 04.05.2023 до 01.05.2026
17650,KZ.7700.02.01.00979373 от 04.05.2023 до 01.05.2026
17651,KZ.7700.02.01.00973490 от 19.04.2023 до 01.05.2026
17652,KZ.7700.02.01.00913580 от 04.11.2022 до 01.11.2025
17653,KZ.7700.02.01.00996641 от 19.06.2023 до 01.07.2028
17654,KZ.7700.02.01.00655920 от 18.06.2020 до 01.07.2025
17655,KZ.7700.02.01.00742013 от 05.05.2021 до 01.05.2026
17656,KZ.7700.02.01.01002767 от 04.07.2023 до 01.07.2026
17657,KZ.7700.02.01.00870379 от 04.07.2022 до 01.07.2025
17658,KZ.7700.02.01.00978271 от 02.05.2023 до 01.05.2026
17659,KZ.7700.02.01.01002765 от 04.07.2023 до 01.07.2026
17660,KZ.7700.02.01.01002829 от 04.07.2023 до 01.07.2026
17661,KZ.7700.02.01.00877744 от 27.07.2022 до 01.08.2027
17662,KZ.7700.02.01.00659092 от 30.06.2020 до 01.07.2025
17663,KZ.7700.02.01.00659093 от 30.06.2020 до 01.07.2025
17664,KZ.7700.02.01.00954795 от 28.02.2023 до 01.03.2026
17665,KZ.7700.02.01.00659101 от 30.06.2020 до 01.07.2025
17666,KZ.7700.02.01.00902048 от 03.10.2022 до 01.10.2025
17667,KZ.7700.02.01.00676192 от 26.08.2020 до 01.09.2025
17668,KZ.7700.02.01.01003117 от 04.07.2023 до 01.07.2026
17669,KZ.7700.02.01.01003217 от 04.07.2023 до 01.07.2026
17670,KZ.7700.02.01.01003211 от 04.07.2023 до 01.07.2026
17671,KZ.7700.02.01.01003115 от 04.07.2023 до 01.07.2026
17672,KZ.7700.02.01.01002257 от 03.07.2023 до 01.07.2026
17673,KZ.7700.02.01.01002154 от 03.07.2023 до 01.07.2026
17674,KZ.7700.02.01.00835790 от 29.03.2022 до 01.03.2025
17675,KZ.7700.02.01.01002156 от 03.07.2023 до 01.07.2026
17676,KZ.7700.02.01.01002146 от 03.07.2023 до 01.07.2026
17677,KZ.7700.02.01.00911880 от 31.10.2022 до 01.11.2025
17678,KZ.7700.02.01.00926653 от 08.12.2022 до 01.12.2025
17679,KZ.7700.02.01.00995653 от 15.06.2023 до 01.06.2026
17680,KZ.7700.02.01.01002152 от 03.07.2023 до 01.07.2026
17681,KZ.7700.02.01.01002160 от 03.07.2023 до 01.07.2026
17682,KZ.7700.02.01.01002143 от 03.07.2023 до 01.07.2026
17683,KZ.7700.02.01.00820516 от 31.01.2022 до 01.02.2027
17684,KZ.7700.02.01.01002825 от 04.07.2023 до 01.07.2028
17685,KZ.7700.02.01.00911513 от 28.10.2022 до 01.11.2027
17686,KZ.7700.02.01.01002258 от 03.07.2023 до 01.07.2026
17687,KZ.7700.02.01.00980395 от 05.05.2023 до 01.05.2026
17688,KZ.7700.02.01.00783290 от 27.09.2021 до 01.10.2026
17689,KZ.7700.02.01.00789327 от 20.10.2021 до 01.10.2024
17690,KZ.7700.02.01.01003352 от 04.07.2023 до 01.07.2026
17691,KZ.7700.02.01.00686533 от 06.10.2020 до 01.10.2023
17692,KZ.7700.02.01.01003354 от 04.07.2023 до 01.07.2026
17693,KZ.7700.02.01.00689503 от 16.11.2020 до 01.11.2023
17694,KZ.7700.02.01.01003356 от 04.07.2023 до 01.07.2026
17695,KZ.7700.02.01.00992392 от 07.06.2023 до 01.06.2026
17696,KZ.7700.02.01.01001880 от 03.07.2023 до 01.07.2026
17697,KZ.7700.02.01.00992390 от 07.06.2023 до 01.06.2026
17698,KZ.7700.02.01.01001962 от 03.07.2023 до 01.07.2026
17699,KZ.7700.02.01.01002838 от 04.07.2023 до 01.07.2026
17700,KZ.7700.02.01.01002979 от 04.07.2023 до 01.07.2026
17701,KZ.7700.02.01.01003322 от 04.07.2023 до 01.07.2026
17702,KZ.7700.02.01.01003357 от 04.07.2023 до 01.07.2026
17703,KZ.7700.02.01.01003353 от 04.07.2023 до 01.07.2026
17704,KZ.7700.02.01.01003325 от 04.07.2023 до 01.07.2026
17705,KZ.7700.02.01.00996173 от 15.06.2023 до 01.06.2025
17706,KZ.7700.02.01.01003327 от 04.07.2023 до 01.07.2026
17707,KZ.7700.02.01.01003326 от 04.07.2023 до 01.07.2026
17708,KZ.7700.02.01.01002887 от 04.07.2023 до 01.07.2026
17709,KZ.7700.02.01.01002984 от 04.07.2023 до 01.07.2026
17710,KZ.7700.02.01.01002983 от 04.07.2023 до 01.07.2026
17711,№ KZ 7100841.01.01.00365
17814,№KZ.7500551.01.01.01394
17833,EAЭС KG417/033.Д.0013948
17834,EAЭС KG417/033.Д.0013950
17837,Декларация о соответствии ЕАЭС KZ 7500317.13.12.04100
17847,KZ75009985/01/01/01268
17849,KZ7500995/01/01/01311
17886,№ ЕАЭС KZ7500361.01.01.00312 срок действия с 23.08.2021 по 22.08.2026
17889,№ ЕАЭС KZ 3510396.13.12.00228 дата выдачи 21.10.2022г.-дата окончания 21.10.2025г.
17891,№ ЕАЭС KZ 3510396.13.12.00224 дата выдачи 21.10.2022г.- дата окончания 21.10.2025г.
17892,№EAЭС KZ 3510396.01.01.00203  дата выдачи 21.10.2022г.-дата окончания 21.10.2025г.
17893,№EAЭС KZ 3510396.01.01.00203   дата выдачи 21.10.2022г.-дата окончания 21.10.2025г.
17894,№ЕАЭС KZ 3510396.13.12.00225 дата выдачи 21.10.2022г.-дата окончания 21.10.2025г.
17895,№EAЭС KZ 3510396.01.01.00202  дата выдачи 21.10.2022г.-дата окончания 21.10.2025г.
17897,№KZ3510396.01.01.00079 дата выдачи 21.10.2022г.-дата окончания 21.10.2023г.
17899,№EAЭС KZ 3510396.01.01.00202   дата выдачи 21.10.2022г.-дата окончания 21.10.2025г.
17901,№EAЭС KZ 3510396.01.01.00202 дата выдачи 21.10.2022г.-дата окончания 21.10.2025г.
18138,ЕАЭС KZ 7500986.13.12.03140
17902,№EAЭС KZ3510396.01.01.00200  дата выдачи 21.10.2022 г.-дата окончания 21.10.2025 г.
17903,№EAЭС KZ 3510396.01.01.00203 дата выдачи 21.10.2022г.-дата окончания 21.10.2025г.
17914,№KZ3510396.01.01.00082 дата выдачи 21.10.2022г.-дата окончания 21.10.2023г.
17919,№ ЕАЭС KZ 3510396.13.12.00226 дата выдачи 21.10.2022г.-дата окончания 21.10.2025г.
17922,№EAЭС KZ3510396.01.01.00201 дата выдачи 21.10.2022г.-дата окончания 21.10.2023г.
17923,№ ЕАЭС KZ 3510396.13.12.00226 дата выдачи 21.10.2022г.-дада окончания 21.10.2025г.
17924,№EAЭС KZ3510396.01.01.00200 дата выдачи 21.10.2022 г.-дата окончания 21.10.2025 г.
17926,№EAЭС KZ 3510396.01.01.00204  дата выдачи 21.10.2022г.-дата окончания 21.10.2025 г.
17927,№EAЭС KZ 3510396.01.01.00204 дата выдачи 21.10.2022г.-дата окончания 21.10.2025 г.
17929,№KZ3510396.01.01.00080 дата выдачи 21.10.2022г.-дата окончания 21.10.2023г.
17930,№ЕАЭС KZ 3510396.13.12.00223 дата выдачи 21.10.2022г.-дата окончания 21.10.2025г.
17931,№KZ3510396.01.01.00081 дата выдачи 21.10.2022г.-дата окончания 21.10.2023г.
17932,№ЕАЭС KZ 3510396.13.12.00227 дата выдачи 21.10.2022г.-дата оконччания 21.10.2025г.
17976,"№ KZ.3510317.01.01.01842,"
17977,"№ KZ.3510317.01.01.01705,"
17978,"№ ЕАЭС KZ 3510317.01.01.00537, с"
17979,№ KZ.3510317.01.01.01527;
17980,"№ ЕАЭС KZ 3510317.01.01.00638, с"
17981,"№ KZ.3510317.01.01.02170,"
17982,"№ ЕАЭС KZ 3510317.01.01.00595, с"
17983,"№ ЕАЭС KZ 3510317.01.01.00467, с"
17984,"№ ЕАЭС KZ 3510317.01.01.00468, с"
17985,"№ ЕАЭС KG417/026.Д.0002820,"
18008,Сертификат соответствия ЕАЭС KZ 7100841.05.01.01386 от 16.03.23г.- срок не установлен
18009,Сертификат соответствия ЕАЭС KZ 7100841.05.01.01459 от 06.04.23г.- срок не устновлен
18010,Сертификат соответствия ЕАЭС KZ 7100841.05.01.01386 от 16.03.23г. – срок не установлен
18011,Декларация о соответствии № ЕАЭС KZ 7100841.13.12.01957 от 16.03.23г. до - срок не установлен
18015,Сертификат соответствия ЕАЭС KZ 7100841.05.01.01387 от 16.03.23г. – срок не установлен
18020,Сертификат соответствия ЕАЭС KZ 7100841.05.01.01574 от 21.04.23г.- срок не установлен
18030,Сертификат о соответствии №ЕАЭС KZ 7500651.01.01.04781
18031,Сертификат о соответствии №ЕАЭС KZ 7500651.01.01.04782
18032,Сертификат о соответствии №ЕАЭС KZ 7500651.01.01.04783
18033,Сертификат о соответствии №ЕАЭС KZ 7500651.01.01.04784 от
18034,Сертификат о соответствии №ЕАЭС KZ 7500651.01.01.04785 от
18035,Сертификат о соответствии № KZ.7500651.01.01.01409
18036,Сертификат о соответствии № KZ.7500651.01.01.01410
18037,Декларация о соответствии № ЕАЭС KZ 7500651.13.12.10883 от
18038,Декларация о соответствии № ЕАЭС KZ 7500651.13.12.10884 от
18039,Декларация о соответствии № ЕАЭС KZ 7500651.13.12.10886 от
18040,Декларация о соответствии № ЕАЭС KZ 7500651.13.12.10887 от
18041,Декларация о соответствии № ЕАЭС KZ 7500651.13.12.10888 от
18042,Декларация о соответствии № ЕАЭС KZ 7500651.13.12.10889 от
18049,Евразийский экономический союз. Декларация соответствия KZ.7100317.24.01.02836
18050,Евразийский экономический союз. Декларация соответствия KZ.7100317.24.01.02837
18051,Евразийский экономический союз. Декларация соответствия KZ.7100317.24.01.02835
18052,Евразийский экономический союз. Декларация соотвествияKZ.7100317.24.01.02837
18055,"Евразийский экономический союз. Сертификат соответствия KZ.7100317.22.01.00380
Серия KZ № 0177042"
18057,Евразийский экономический союз. Сертификат соответствия KZ.7100317.22.01.0038
18058,Евразийский экономический союз. Сертификат соответствия KZ.7100317.22.01.00380
18061,Евразийский экономический союз. Декларация соответствия KZ.7100317.13.12.03513
18062,Евразийский экономический союз. Декларация соответствия KZ.7100317.13.12.03511
18063,Евразийский экономический союз. Декларация соответствия KZ.7100317.13.12.03449
18064,Евразийский экономический союз. Декларация о соответствии ЕАЭС KZ.7100317.13.12.03513
18077,"Сертификат соответствия 
№KZ.7100841.01.01.01612"
18090,"Сертификат соответствия 
№KZ.7100841.01.01.01613"
18106,"Сертификат соответствия 
№KZ.7100841.01.01.01754"
18116,"Сертификат соответствия 
№KZ.7100841.01.01.01614"
18122,"Сертификат соответствия 
№KZ.7100841.01.01.01611"
18129,ЕАЭС KZ 7500986.13.12.03132
18130,ЕАЭС KZ 7500986.01.01.02718
18131,ЕАЭС KZ 7500986.13.12.03154
18132,ЕАЭС KZ 7500986.13.12.03133
18133,ЕАЭС KZ 7500986.13.12.03143
18134,ЕАЭС KZ 7500986.13.12.03139
18135,ЕАЭС KZ 7500986.01.01.02719
18136,ЕАЭС KZ 7500986.01.01.02722
18139,ЕАЭС KZ 7500986.13.12.03103
18140,ЕАЭС KZ 7500986.01.01.02724
18141,ЕАЭС KZ 7500986.13.12.03104
18142,ЕАЭС KZ 7500986.13.12.03105
18143,ЕАЭС KZ 7500986.13.12.03141
18144,ЕАЭС KZ 7500986.13.12.03106
18145,ЕАЭС KZ 7500986.13.12.03142
18146,ЕАЭС KZ 7500986.13.12.03107
18147,ЕАЭС KZ 7500986.13.12.03108
18148,ЕАЭС KZ 7500986.13.12.03109
18149,ЕАЭС KZ 7500986.13.12.03110
18150,ЕАЭС KZ 7500986.01.01.02725
18151,ЕАЭС KZ 7500986.01.01.02726
18152,ЕАЭС KZ 7500986.13.12.03111
18153,ЕАЭС KZ 7500986.01.01.02727
18155,ЕАЭС KZ 7500986.13.12.03112
18156,ЕАЭС KZ 7500986.13.12.03135
18157,ЕАЭС KZ 7500986.13.12.03136
18158,ЕАЭС KZ 7500986.13.12.03134
18159,ЕАЭС KZ 7500986.01.01.02728
18160,ЕАЭС KZ 7500986.01.01.02729
18161,ЕАЭС KZ 7500986.01.01.02730
18162,ЕАЭС KZ 7500986.13.12.03144
18163,ЕАЭС KZ 7500986.13.12.03131
18164,ЕАЭС KZ 7500986.13.12.03138
18165,ЕАЭС KZ 7500986.01.01.02721
18166,ЕАЭС KZ 7500986.01.01.02720
18167,ЕАЭС KZ 7500986.13.12.03137
18168,ЕАЭС KZ. 3510396.13.12.00207
18171,№KZ.5110730.01.01.00122
18172,"KZ3510317.01.01.01
603"
18174,KZ.3510317.01.01.02109
18175,Сертификат соответствия №EAЭС KZ3110317.01.01.00034
18181,Сертификат соответствия №EAЭС KZ3110317.01.01.00035
18182,Сертификат соответствия №EAЭС KZ3110317.01.01.00037
18183,Сертификат соответствия №EAЭС KZ3110317.01.01.00036
18190,Сертификат соответствия №EAЭС KZ3110317.01.01.00038
18192,Сертификат соответствия №EAЭС KZ3110317.01.01.00039
18194,Сертификат соответствия №EAЭС KZ3110317.01.01.00040
18195,Сертификат соответствия №EAЭС KZ3110317.01.01.00041
18196,Сертификат соответствия №EAЭС KZ3110317.01.01.00042
18197,Сертификат соответствия №EAЭС KZ3110317.01.01.00043
18199,Сертификат соответствия №EAЭС KZ3510317.01.01.00339
18200,Декларация соответствия  №EAЭС KZ3110317.13.12. 00083
18202,Декларация соответствия  №EAЭС KZ3110317.13.12. 00084
18204,Декларация соответствия  №EAЭС KZ3110317.13.12. 00085
18264,KZ.7500139.01.01.01868
18265,KZ.7500139.01.01.01776
18266,KZ.7500139.01.01.01700
18267,KZ.7500139.01.01.01760
18268,KZ.7500139.01.01.01761
18269,KZ.7500139.01.01.01764
18270,KZ.7500139.01.01.01715
18271,KZ.7500139.01.01.01749                г
18272,KZ.7500139.01.01.01701
18294,KZ.7500139.01.01.01711
18296,KZ.7500139.01.01.01702
18312,KZ.7500139.01.01.01703
18322,KZ.7500139.01.01.01704
18335,KZ.7500139.01.01.01705
18347,KZ.7500139.01.01.01706
18348,KZ.7500139.01.01.01707
18360,KZ.7500139.01.01.01708
18363,KZ.7500139.01.01.01709
18415,KZ.7500139.01.01.01710
18418,KZ.7500196.01.01.00121
18420,KZ.7500139.01.01.01712
18424,KZ.7500139.01.01.01713
18425,KZ.7500139.01.01.01714
18491,KZ.7500139.01.01.01716
18500,KZ.7500196.01.01.00107
18501,KZ.7500139.01.01.01717
18503,KZ.7500139.01.01.01718
18507,KZ.7500139.01.01.01794
18513,KZ.7500139.01.01.01727
18514,KZ.7500139.01.01.01734
18516,KZ.7500139.01.01.01811
18517,KZ.7500139.01.01.01725
18519,KZ.7500139.01.01.01735
18594,KZ.7500139.01.01.01736
18606,KZ.7500196.01.01.00215
18622,KZ.7500139.01.01.01746
18623,KZ.7500139.01.01.01802
18624,KZ.7500139.01.01.01844
18625,KZ.7500139.01.01.01845
18626,KZ.7500139.01.01.01846
18627,KZ.7500139.01.01.01737
18634,KZ.7500139.01.01.01738
18643,KZ.7500139.01.01.01728
18647,KZ.7500139.01.01.01739
18655,KZ.7500139.01.01.01779
18666,KZ.7500139.01.01.01729
18668,KZ.7500139.01.01.01772
18678,KZ.7500139.01.01.01774
18686,ЕАЭС KZ.7500196.01.01.00594
18687,KZ.7500139.01.01.01730
18745,KZ.7500139.01.01.01732
18755,KZ.7500139.01.01.01733
18760,KZ.7500139.01.01.01742                 г
18767,KZ.7500139.01.01.01763
18769,KZ.7500139.01.01.01773
18770,KZ.7500139.01.01.01744                 г
18771,KZ.7500139.01.01.01745                 г
18781,ЕАЭС KZ.7500196.01.01.00587
18783,ЕАЭС KZ.7500139.22.01.00316
18784,ЕАЭС KZ.7500139.22.01.00317
18785,ЕАЭС KZ.7500196.01.01.00588
18786,ЕАЭС KZ.7500139.22.01.00320
18787,ЕАЭС KZ.7500139.22.01.00321
18788,ЕАЭС KZ.7500196.01.01.00589
18790,ЕАЭС KZ.7500196.01.01.00590
18794,ЕАЭС KZ.7500196.01.01.00591
18800,ЕАЭС KZ.7500139.22.01.00319
18803,ЕАЭС KZ.7500196.01.01.00592
18824,ЕАЭС KZ.7500196.01.01.00593
18825,ЕАЭС KZ.7500196.01.01.00858
18826,KZ.7500196.01.01.00162
18828,KZ.7500139.01.01.01747                 г
18918,KZ.7500139.01.01.01748                г
18978,KZ.7500139.01.01.01770
18993,KZ.7500139.01.01.01752
18996,KZ.7500139.01.01.01753
19003,KZ.7500139.01.01.01781
19099,KZ.7500196.01.01.00158
19101,ЕАЭС KZ.7500139.22.01.00313
19102,ЕАЭС KZ.7500139.22.01.00314
19103,KZ.7500139.01.01.01755
19104,KZ.7500139.01.01.01756
19126,ЕАЭС KZ.7500139.22.01.00315
19127,KZ.7500139.01.01.01758
19141,KZ.7500139.01.01.01759
19153,KZ.7500139.01.01.01762
19155,KZ.7500139.01.01.01743                 г
19156,KZ.7500139.01.01.01769
19157,KZ.7500139.01.01.01741                 г
19158,KZ.7500139.01.01.01723
19159,KZ.7500139.01.01.01726
19163,KZ.7500139.01.01.01777
19164,"TC RU E-RU.MT02.00590.P6,"
19166,"TC KZ E-KZ.0401.00068,"
19167,"TC KZ E-KZ.0401.00065,"
19168,"TC KZ E-KZ.0317.00129,"
19170,"TC KZ E-KZ.0317.00248,"
19173,"TC RU E-RU.MT02.01013.P1,"
19175,"TC KZ E-KZ.0401.00044.P1.И1,"
19183,"TC KZ E-KZ.0401.00041.P2,"
19186,"TC KZ E-KZ.0401.00039.P1,"
19188,"TC KZ E-KZ.04.01.00055.И1,"
19190,EAЭС KZ 7500317.13.12.03219
19199,"KZ.3510317.01.01.00713,"
19202,"KZ.3510317.01.01.00714,"
19211,"KZ.3510317.01.01.00593,"
19248,"KZ.3510317.01.01.00829,"
19279,"KZ.3510317.01.01.00830,"
19306,"KZ.3510317.01.01.01714,"
19323,"KZ.3510317.01.01.00500,"
19339,"KZ.3510317.01.01.00501,"
19367,"KZ.3510317.01.01.01821,"
19405,"KZ.3510317.01.01.01909,"
19421,"KZ.3510317.01.01.00506,"
19444,"KZ.3510317.01.01.01649,"
19455,"KZ.3510317.01.01.01639,"
19504,"KZ.3510317.01.01.01983,"
19582,"KZ.3510317.01.01.02141,"
19615,"KZ.3510317.01.01.01981,"
19828,ЕАЭС KZ 6328317.13.12.00624
19830,ЕАЭС KZ 6328317.13.12.00623
19839,ЕАЭС KZ 6328317.01.01.00009 Серия KZ №0231676
19840,ЕАЭС KZ 6328317.13.12.00625
19852,ЕАЭС KZ 6328317.01.01.00010 Серия KZ №0231677
19866,ЕАЭС KZ 6328317.01.01.00011 Серия KZ №0231678
19895,Декларация о соответствии № ЕАЭС KZ 7500995.13.12.06419
19896,Декларация о соответствии № ЕАЭС KZ 7500317.13.12.04477
19897,"СЕРТИФИКАТ соответствие 
№KZ.7500551.01.01.01040"
19902,"СЕРТИФИКАТ соответствие 
№KZ.7500551.01.01.0104"
19905,"СЕРТИФИКАТ соответствие 
№KZ.7500551.01.01.01040     от 
до"
19938,"СЕРТИФИКАТ соответствие 
№KZ.7500551.01.01.01040 от"
20055,"СЕРТИФИКАТ соответствие 
№KZ.7500551.01.01.01040     от                       до"
20056,Сертификат соответствия № KZ.7500551.01.01.00621
20297,"От 22.04.2022
№KZ.7500551.
01.01.00622
До 02.02.2025"
20304,№ KZ.7500551.01.01.01444
20305,Сертификат соответствия № KZ. 7500551.01.01.01141 от
20320,Декларация о соответствии №ЕАЭС КZ 7100934.24.01.00310
20321,Декларация о соответствии №ЕАЭС КZ 7100934.13.12.00511
20322,Декларация о соответствии №ЕАЭС КZ 7100934.13.12.00299
20323,Декларация о соответствии №ЕАЭС КZ 7100934.24.01.00350
20324,Декларация о соответствии №ЕАЭС КZ 7100934.24.01.00340
20325,Декларация о соответствии №ЕАЭС КZ 7100934.13.12.00298
20326,Декларация о соответствии №ЕАЭС КZ 7100934.13.12.00346
20327,Декларация о соответствии №ЕАЭС КZ 7100934.24.01.00329
20328,Декларация о соответствии №ЕАЭС КZ 7100934.13.12.00513
20329,Декларация о соответствии №ЕАЭС КZ 7100934.13.12.00512
20330,Декларация о соответствии №ЕАЭС КZ 7100934.13.12.00669
20331,Декларация о соответствии №ЕАЭС КZ 7100934.13.12.00158
20332,Декларация о соответствии №ЕАЭС КZ 7100934.13.12.00401
20333,Декларация о соответствии №ЕАЭС КZ 7100934.13.12.00135
20334,Декларация о соответствии №ЕАЭС КZ 7100934.13.12.00297
20335,Декларация о соответствии №ЕАЭС КZ 7100934.13.12.00403
20336,Декларация о соответствии №ЕАЭС КZ 7100934.24.01.00344
20337,Декларация о соответствии №ЕАЭС КZ 7100934.13.12.00109
20338,Декларация о соответствии №ЕАЭС КZ 7100934.13.12.00272
20339,Декларация о соответствии №ЕАЭС N КZ Д- KZ.0934.В.00003
20340,Декларация о соответствии №ЕАЭС КZ 7100934.13.12.00148
20341,Декларация о соответствии №ЕАЭС КZ 7100934.13.12.00108
20342,Декларация о соответствии №ЕАЭС КZ 7100934.24.01.001366
20343,Декларация о соответствии №ЕАЭС КZ 7100934.13.12.00402
20344,Декларация о соответствии №ЕАЭС КZ 7100934.13.12.00147
20345,Декларация о соответствии №ЕАЭС КZ 7100934.24.01.00346
20346,Декларация о соответствии №ЕАЭС КZ 7100934.24.01.00309
21812,№KZ.7500551.01.01.00625
20347,Декларация о соответствии №ЕАЭС КZ 7100934.24.01.00326
20348,Декларация о соответствии №ЕАЭС КZ 7100934.24.01.00308
20349,Декларация о соответствии №ЕАЭС КZ 7100934.13.12.00672
20350,Декларация о соответствии №ЕАЭС КZ 7100934.13.12.00670
20351,Декларация о соответствии №ЕАЭС КZ 7100934.13.12.00668
20352,Декларация о соответствии №ЕАЭС КZ 7100934.13.12.00671
20353,Декларация о соответствии №ЕАЭС КZ 7100934.24.01.00349
20354,№ЕАЭС KZ 7100317.13.12.03276
20359,№ЕАЭС KZ 7100317.13.12.03277
20371,№ЕАЭС KZ 7100317.13.12.03278
20373,№ЕАЭС KZ 7100317.01.01.01343
20375,№ЕАЭС KZ 7100317.01.01.01342
20442,Сертификат соответствия ЕАЭС KZ 3510317.01.01.00357
20448,Сертификат соответствия ЕАЭС KZ 3510317.01.01.00356
20451,Сертификат соответствия ЕАЭС KZ 3510317.01.01.00359
20452,Сертификат соответствия ЕАЭС KZ 3510317.01.01.00349
20453,Сертификат соответствия ЕАЭС KZ 3510317.01.01.00350
20454,Сертификат соответствия ЕАЭС KZ 3510317.01.01.00352
20455,Сертификат соответствия ЕАЭС KZ 3510317.01.01.00353
20457,Сертификат соответствия ЕАЭС KZ 3510317.01.01.00351
20459,Сертификат соответствия ЕАЭС KZ 3510317.01.01.00355
20460,Сертификат соответствия ЕАЭС KZ 3510317.01.01.00354
20462,Сертификат соответствия ЕАЭС KZ 3510317.01.01.00358
20463,Сертификат соответствия ЕАЭС KZ 7500986.01.01.02392
20464,Сертификат соответствия ЕАЭС KZ 7500986.01.01.02393
20465,Сертификат соответствия ЕАЭС KZ 7500986.01.01.02394
20466,Сертификат соответствия ЕАЭС KZ 7500986.01.01.02395
20467,Сертификат соответствия ЕАЭС KZ 7500986.01.01.02390
20468,Сертификат соответствия ЕАЭС KZ 7500986.01.01.02391
20469,Сертификат соответствия ЕАЭС KZ 7500986.01.01.02458
20470,Сертификат соответствия ЕАЭС KZ 7500986.01.01.02459
20471,Сертификат соответствия ЕАЭС  KZ №7500986.01.01.06577
20472,Сертификат соответствия ЕАЭС KZ 7500986.01.01.06578
20490,№ЕАЭС KZ 7500986.01.01.06728
20491,№ЕАЭС KZ 7500986.01.01.06729
20492,№ЕАЭС KZ 7500986.01.01.06743
20493,№ЕАЭС KZ 7500986.01.01.06731
20494,"№KZ.1110317.22.01.00774,"
20495,"№KZ.1110317.22.01.00731,"
20496,"KZ.1110317.01.01.02054,"
20497,"№KZ.1110317.22.01.00730,"
20498,"№KZ.1110317.22.01.00748,"
20499,KZ.1100317.01.01.01567
20500,KZ.1110317.01.01.00855
20501,KZ.1110317.13.12.00895
20502,KZ.1110317.22.01.01113
20504,KZ.1100317.01.01.00251
20505,KZ.1110317.01.01.00755
20506,KZ.1110317.22.01.12000
20509,KZ.1110317.22.01.00722
20510,"№KZ.1110317.22.01.12006,"
20512,KZ.1110317.22.01.00704
20513,KZ.1110317.22.01.12032
20515,KZ.1110317.01.01.02287
20516,KZ.1110317.01.01.02286
20517,KZ.1110317.22.01.01116
20518,KZ.1110317.22.01.12022
20519,KZ.1110317.22.01.12002
20521,ЕАЭС KZ.1110317.22.01.12023
20522,"ЕАЭС KZ.1110317.01.01.00259,"
20523,KZ.1110317.01.01.00626
20524,KZ.1110317.01.01.00986
20525,KZ.1110317.01.01.01477
20526,KZ.1110317.01.01.00400
20527,№ 5-11/2100 от 07.04.2023г. Срок действия: до внесения изменений в законодательство.
20537,№ 5-11/2099 от 07.04.2023г. Срок действия: до внесения изменений в законодательство.
20548,№ 5-11/2176 от  23.06.23г. Срок действия: до внесения изменений в законодательство.
20560,№ 5-11/2177 от  23.06.23г. Срок действия: до внесения изменений в законодательство.
20564,№ 5-11/2116 от 04.05.2023г. Срок действия: до внесения изменений в законодательство.
20565,№ 5-11/2177 от 23.06.2023г. Срок действия: до внесения изменений в законодательство.
20566,№ 5-11/2176 от 23.06.2023г. Срок действия: до внесения изменений в законодательство.
20604,№ 5-11/2117 от 04.05.2023г. Срок действия: до внесения изменений в законодательство.
20621,"Декларация о соответствии
ЕАЭС № KZ.7500651.24.01.01414"
20622,"Декларация о соответствии
ЕАЭС № KZ.7500651.24.01.01415"
20623,"Декларация о соответствии
ЕАЭС № KZ.7500651.24.01.01416"
20624,"Сертификат соответствия №ЕАЭС KZ.7500651.22.01.01039
Серия KZ№ 0183059

Выдан ТОО «ТЕКС»,"
20625,"Сертификат соответствия №ЕАЭС KZ.7500651.22.01.01040
Серия KZ№ 0183060

Выдан ТОО «ТЕКС»"
20627,"Сертификат соответствия №ЕАЭС KZ.7500651.22.01.01038
Серия KZ№ 0183058

Выдан ТОО «ТЕКС»"
20628,"Декларация о соответствии
ЕАЭС № KZ.7500651.22.01.01030"
21813,№ЕАЭС KG417/031.Д.0038598
21814,KZ.7500802.01.01.00596
20629,"Сертификат соответствия №ЕАЭС KZ.7500651.22.01.01034
Серия KZ№ 0183015

Выдан ТОО «ТЕКС»"
20630,"Сертификат соответствия №ЕАЭС KZ.7500651.22.01.01035
Серия KZ№ 0183016

Выдан ТОО «ТЕКС»"
20631,"Декларация о соответствии
ЕАЭС № KZ 7500651.24.01.01422

Испытательный центр ТОО «ТЕКС»"
20632,"Декларация о соответствии
ЕАЭС № KZ 7500651.24.01.01427

Испытательный центр ТОО «ТЕКС»"
20633,"Декларация о соответствии
ЕАЭС № KZ 7500651.24.01.01424

Испытательный центр ТОО «ТЕКС»"
20634,"Декларация о соответствии
ЕАЭС № KZ 7500651.24.01.01428

Испытательный центр ТОО «ТЕКС»"
20635,"Сертификат соответствия №ЕАЭС KZ.7500651.01.01.03771
Серия KZ№ 0216540"
20636,"Декларация о соответствии
ЕАЭС № KZ.7500651.13.12.08585"
20637,"Декларация о соответствии
ЕАЭС № KZ.7500651.13.12.08586"
20638,"Сертификат соответствия №ЕАЭС KZ.7500651.01.01.05423
Серия KZ№ 0232252
С 02.05.2023 г по"
20640,"Декларация о соответствии
ЕАЭС № KZ.7500651.13.12.08601"
20641,"Сертификат соответствия №ЕАЭС KZ.7500651.01.01.03772
Серия KZ№ 0216541"
20642,"Сертификат соответствия №ЕАЭС
KZ.7500651.01.01.05292
Серия KZ№0229489"
20646,"Декларация о соответствии
ЕАЭС № KZ.7500651.13.12.11824"
20651,"Сертификат соответствия №ЕАЭС
KZ.7500651.01.01.05417
Серия KZ№0232246"
20653,"Декларация о соответствии
ЕАЭС № KZ.7500651.13.12.12060"
20656,"Декларация о соответствии
ЕАЭС № KZ.7500651.13.12.12067"
20659,"Декларация о соответствии
ЕАЭС № KZ.7500651.13.12.12059"
20662,"Сертификат соответствия №ЕАЭС
KZ.7500651.01.01.05418
Серия KZ№0232247"
20665,"Сертификат соответствия №ЕАЭС
KZ.7500651.01.01.05421
Серия KZ№0232250"
20668,"Декларация о соответствии
ЕАЭС № KZ.7500651.13.12.12057"
20671,"Сертификат соответствия №ЕАЭС
KZ.7500651.01.01.05419
Серия KZ№0232248"
20672,"Сертификат соответствия №ЕАЭС
KZ.7500651.01.01.05420
Серия KZ№0232249"
20675,"Сертификат соответствия №ЕАЭС
KZ.7500651.01.01.05422
Серия KZ№0232251"
20678,"Сертификат соответствия №ЕАЭС
KZ.7500651.01.01.05426
Серия KZ№0232255"
20681,"Декларация о соответствии
ЕАЭС № KZ.7500651.13.12.12064"
20682,"Сертификат соответствия №ЕАЭС
KZ.7500651.01.01.05416
Серия KZ№ 0232245"
20684,"Декларация о соответствии
ЕАЭС № KZ.7500651.13.12.12065"
20685,"Декларация о соответствии
ЕАЭС № KZ.7500651.13.12.12058"
20687,ЕАЭС N RU Д-KZ.КА01.В.11876/199
20688,ЕАЭС KZ 1510075.13.12.00934
21015,KZ.5110730.01.01.00194
21033,ЕАЭС KZ 7100317.01.01.01294 Серия KZ 0218347
21034,ЕАЭС KZ 7100317.01.01.01295 Серия KZ 0218348
21035,ЕАЭС KZ 7100317.01.01.01296 Серия KZ 0218349
21036,ЕАЭС KZ 7100317.01.01.01293 Серия KZ 0218346
21037,. ЕАЭС KZ 7100317.01.01.01293 Серия KZ 0218346
21041,ЕАЭС KZ 7100317.01.01.01292 Серия KZ 0218345
21043,ЕАЭС KZ 7100317.01.01.01291 Серия KZ 0218344
21044,ЕАЭС KZ 7100317.01.01.01290 Серия KZ 0218343
21046,ЕАЭС KZ 7100317.01.01.01289 Серия KZ 0218342
21048,ЕАЭС KZ 7100317.13.12.03159
21049,ЕАЭС KZ 7100317.13.12.03160
21051,№KZ.7500317.01.01.01708
21052,декларация о соответствии ЕАЭС № ЕАЭС KZ 7100934.13.12.00702
21053,KZ.3510317.01.01.01990
21084,ЕАЭС KZ 6328317.13.12.00647
21086,ЕАЭС KZ 6328317.13.12.00648
21095,ЕАЭС KZ 6328317.01.01.00014
21096,ЕАЭС KZ 6328317.13.12.00646
21108,ЕАЭС KZ 6328317.01.01.00013
21122,ЕАЭС KZ 6328317.01.01.00012
21137,№ ЕАЭС ЕАЭС KZ 1100317.01.01.01144 СРОК ДЕЙСТВИЯ
21138,"№ ЕАЭС ЕАЭС KZ 1100317.01.01.01734, СРОК ДЕЙСТВИЯ"
21139,"№ ЕАЭС ЕАЭС KZ 1100317.01.01.02494, СРОК ДЕЙСТВИЯ"
21140,№ KZ 7500669.01.01.01083
21141,№ ЕАЭС KZ 7500937.01.01.00740
21147,№ ЕАЭС KZ 7500986.01.01.04128
21153,№ ЕАЭС KZ 7500937.01.01.00739
21161,№ ЕАЭС KZ 7500937.01.01.00743
21162,№ KZ.7500937.01.01.02474
21167,№KZ.7500986.01.01.05892
21183,№KZ.7500937.01.01.02449
21469,№KZ.2710317.24.01.01602 от
21631,Сертификат соответствия № KZ.7500317.01.01.01656 от
21632,Сертификат соответствия №KZ.7100317.01.01.00765 от
21633,Сертификат соответствия №KZ.7100317.01.01.00763 от
21652,KZ.1510019.22.01.00309 от 06.05.2020 до 30.04.2025 KZ.1510019.22.01.00274
21698,KZ.7500361.22.01.04144
21699,KZ.1510019.22.01.00243
21700,KZ.1510019.24.01.00184
21702,KZ.7500361.22.01.04109
21704,KZ.7500361.22.01.04145
21705,KZ.1510019.24.01.00283
21706,KZ.7500995.01.01.01450
21764,ЕАЭС KZ 7100841.13.12.02651
21765,ЕАЭС KZ 7100841.13.12.02648
21766,ЕАЭС KZ 7100841.13.12.02649
21768,ЕАЭС KZ 7100841.13.12.02650
21801,Д/С №KZ.7500986.24.01.00586
21811,№KZ.7500551.01.01.01207
21817,KZ.7500802.01.01.00597
21819,KZ.7500802.13.12.01214
21823,KZ.7500802.13.12.01213
21825,KZ.7500802.13.12.01217
21826,KZ.7500802.01.01.00598
21827,KZ.7500802.13.12.01215
21829,KZ.7500802.01.01.00115
21830,KZ.7500802.13.12.01141
21831,KZ.7500802.13.12.01142
21832,KZ.7500802.13.12.01143
21833,KZ.7500802.13.12.01218
21834,KZ.7500802.13.12.01216
21836,ЕАЭС KZ7500995.13.12.06627
21837,№ ЕАЭС KZ 3910317.01.01.00581
21838,№ ЕАЭС KZ 3910317.01.01.00319
21839,№ ЕАЭС KZ 3910317.01.01.00325
21840,№ ЕАЭС KZ 3910317.01.01.00320
21841,№ ЕАЭС KZ 3910317.22.01.00216
21842,№ ЕАЭС KZ 1100317.01.01.00578
21844,№ ЕАЭС KZ 1100317.01.01.00205
21848,№ ЕАЭС KZ 1100317.01.01.01603
21849,№ ЕАЭС KZ 1100317.01.01.01184
21850,№ ЕАЭС KZ 3910317.22.01.00265
21851,№ ЕАЭС KZ 1100317.01.01.01674
21852,№ ЕАЭС KZ 1100317.01.01.01675
21853,№ ЕАЭС KZ 1100317.01.01.01607
21854,№ ЕАЭС KZ 1100317.01.01.00995
21855,№ ЕАЭС KZ 1100317.01.01.01614
21856,№ ЕАЭС KZ 1100317.01.01.00994
21857,№ ЕАЭС KZ 1100317.01.01.01271
21858,№ ЕАЭС KZ 3910317.22.01.00237
21859,№ ЕАЭС KZ 3910317.22.01.00236
21860,№ ЕАЭС KZ 1100317.01.01.02562
21861,№ ЕАЭС KZ 1100317.01.01.01157
21862,№ ЕАЭС KZ 1100317.01.01.01155
21863,№ ЕАЭС KZ 1100317.01.01.01153
21864,№ ЕАЭС KZ 1100317.01.01.01152
21865,№ ЕАЭС KZ 1100317.01.01.01151
21866,№ ЕАЭС KZ 1100317.01.01.02564
21867,№ ЕАЭС KZ 1100317.01.01.00580
21869,№ ЕАЭС KZ 1100317.01.01.00204
21870,№ ЕАЭС KZ 3910317.01.01.00326
21875,№ ЕАЭС KZ 3910317.22.01.00260
21876,№ ЕАЭС KZ 3910317.22.01.00264
21877,№ ЕАЭС KZ 1100317.01.01.01686
21878,№ ЕАЭС KZ 3910317.22.01.00259
21879,№ ЕАЭС KZ 3910317.22.01.00253
21880,№ ЕАЭС KZ 1100317.01.01.02188
21881,№ ЕАЭС KZ 1100317.01.01.02189
21882,№ ЕАЭС KZ 1100317.01.01.02190
21883,№ ЕАЭС KZ 1100317.01.01.02191
21884,№ ЕАЭС KZ 1100317.01.01.02193
21885,№ ЕАЭС KZ 1100317.01.01.02192
21886,"KZ 7500986.01.01.06980
Серия KZ №0239260"
21890,"KZ 7500986.13.12.07723
Серия KZ №0239260"
21891,"KZ 7500986.13.12.07725
Серия KZ №0239260"
21892,"KZ 7500986.01.01.06981
Серия KZ №0239261"
21893,"KZ 7500986.01.01.06982
Серия KZ №0239262"
21894,"KZ 7500986.13.12.07724
Серия KZ №0239260"
21895,"KZ 7500986.13.12.07726
Серия KZ №0239260"
21902,№ ЕАЭС KZ 3510317.13.12.02248
21903,Декларация о соответствия ЕАЭС KZ 1510317.13.12.00129
21904,Сертификат о соответствия ЕАЭС KZ 1510317.01.01.00015
21905,Сертификат о соответствия  ЕАЭС KZ 1510317.01.01.00017
21907,Декларация о соответствия ЕАЭС KZ 1510317.13.12.00363
21908,Декларация о соответствия ЕАЭС KZ 1510317.13.12.00364
21909,Декларация о соответствия  ЕАЭС KZ 1510317.13.12.00365
21912,Сертификат о соответствия  ЕАЭС KZ 1510317.01.01.00016
21920,Сертификат о соответствия  ЕАЭС KZ 4310317.01.01.00040
21922,Сертификат о соответствия   ЕАЭС KZ 4310317.01.01.00039
21928,Декларация о соответствия  ЕАЭС KZ 4310317.13.12.00191
21929,Декларация о соответствия  ЕАЭС KZ 4310317.13.12.00192
21930,Декларация о соответствия  ЕАЭС KZ 4310317.13.12.00193
21931,Декларация о соответствия  ЕАЭС KZ 4310317.13.12.00194
21932,Декларация о соответствия  ЕАЭС KZ 4310317.13.12.00195
21933,Декларация о соответствия  ЕАЭС KZ 4310317.13.12.00197
21937,KZ.3510317.01.01.01170
21953,№ЕАЭС KZ71000628.01.01.00042
21954,№ЕАЭС KZ71000628.01.01.00050
21956,"Декларация о соответствии №ЕАЭС KZ 100628.13.12.00067 от 08.08.2023 г.
до 08.08.2024г."
21957,"Декларация соответствия №ЕАЭС KZ 7100628.13.12.00063
с 12.07.2023 по 12.07.2024"
21958,декларация о соответствии №ЕАЭС KZ 7100628.13.12.00062 от 12.07.2023г. по 12.07.2024г.
21959,Сертификат соответствия №KZ7100628.01.01.00835 от 12.07.2023 по 12.07.2024
21960,Сертификат соответствия №КZ.7100317.01.01.00942 от 03.08. 2023г. до 03.08.2024г.
21961,№ЕАЭС KZ71000628.01.01.00042 от 28.12.2022г. по 28.12.2023г.
21962,№ЕАЭС KZ71000628.01.01.00050 от 31.03.2023г. по 31.03.2024г.
21964,KZ.7500196.01.01.00255 от 20.12.2022 до 20.12.2023 г
21969,KZ.7500196.01.01.00257 от 20.12.2022 до 20.12.2023 г
21975,KZ.7500196.01.01.00260 от 20.12.2022 до 20.12.2023 г
21976,KZ.7500196.01.01.00257 от 20.12.2022 до 20.12.2023г
21977,KZ.7500196.01.01.00252 от 20.12.2022 до 20.12.2023 г
21978,KZ.7500196.01.01.00254 от 20.12.2022 до 20.12.2023 г
21990,KZ.7500196.01.01.00941 21.12.2022 до 21.12.2023 г
21991,KZ.7500196.01.01.00941 от 21.12.2022 до 21.12.2023г
21993,KZ.7500196.01.01.00252 от 20.12.2022г по 20.12.2023г
21995,KZ.7500196.01.01.00253 от 20.12.2022г по 20.12.2023г
22045,KZ.7500196.01.01.00258 от 20.12.2022г. до 20.12.2023г
22046,KZ7500317.01.01.01305 от 16.03.2023 до 16.03.2024 г
22047,KZ.7500196.01.01.00256 от 20.12.2022г до 20.12.2023г
22048,KZ.7500196.01.01.00942 от 21.12.2022 до 21.12.2023 г
22050,KZ.7500196.01.01.00940 от 20.12.2022 до 20.12.2023 г
22059,Декларация соответствия ЕАЭС KZ 7500 317.13.12.03125
22063,Декларация соответствия ЕАЭС KZ 7500 317.13.12.03126
22066,"Сертификат соответствия 
№ KZ.7500937.01.01.01331 от 25.02.2022г. по 25.02.2023г."
22073,№KZ.3510317.01.01.01914 от 24.04.2023  года до 24.04.2024 года
22093,№KZ.3510317.01.01.01861 от 05.04.2023  года до 05.04.2024 года
22107,№ЕАЭС KZ 3510396.01.01.00290
22108,№ ЕАЭС KZ 3510396.13.12.00282
22109,№ ЕАЭС KZ 3510396.01.01.00289
22111,№ ЕАЭС KZ 3510396.13.12.00284
22112,№ ЕАЭС KZ 3510396.13.12.00283
22140,ЕАЭС KZ 7500802.01.01.00706
22158,№ KZ.1510317.01.01.00761
22161,№ ЕАЭС KZ 7100841.01.01.02183
22162,№ ЕАЭС KZ 7100841.13.12.02806
22165,ЕАЭС KZ 7100841.13.12.02807
22173,№ ЕАЭС KZ 7100841.13.12.02804
22179,"Сертификат ISO 13485:2016, № KAS100320200005,"
22180,Декларация о соответствии ЕАЭС KG417/033.Д.0001645
22181,Декларация о соответствии ЕАЭС KG417/031.Д.0007797
22182,Декларация о соответствии ЕАЭС KG417/031.Д.0007798
22183,Декларация о соответствии ЕАЭС N RU Д-KZ.HP15.B.04703/20
22184,Декларация о соответствии ЕАЭС N RU Д-KZ.КА01.B.04777/19
22185,Декларация о соответствии ЕАЭС KG417/031.Д.0008321
22186,"Сертификат соответствия
KZ.7500669.01.01.01308"
22187,KZ.3910317.01.01.00505
22188,"BY № 0021073,"
22243,KZ 5510317.13.12.01467 от 21.06.2023
22248,Сертификат соответствия № ЕАЭС KZ.3110317.01.01.00083
22249,Сертификат соответствия № ЕАЭС KZ.3110317.01.01.00086
22250,Сертификат соответствия № ЕАЭС KZ.3110317.01.01.00085
22252,Сертификат соответствия № ЕАЭС KZ.3110317.01.01.00084
22269,декларация о соответствии ЕАЭС №KZ.3110317.13.12.00150
22270,сертификат соответствия KZ.3110317.01.01.000546
22274,сертификат соответствия KZ.3110317.01.01.000548
22275,сертификат соответствия KZ.3110317.01.01.000549
22279,сертификат соответствия KZ.3110317.01.01.000547
22282,№ ЕАЭС KZ 7500361.13.12.17127
22284,№ ЕАЭС KZ 7500361.13.12.17128
22286,№ ЕАЭС KZ 7500361.01.01.06157              Серия KZ № 0235813
22290,№ ЕАЭС KZ 7500361.01.01.06158              Серия KZ № 0235812
22292,№ ЕАЭС KZ 7500361.01.01.06152              Серия KZ № 0235818
22294,№ ЕАЭС KZ 7500361.01.01.06154              Серия KZ № 0235816
22296,№ ЕАЭС KZ 7500361.13.12.17129
22299,№ ЕАЭС KZ 7500361.01.01.06153              Серия KZ № 0235817
22302,№ ЕАЭС KZ 7500361.01.01.06156              Серия KZ № 0235814
22307,№ ЕАЭС KZ 7500361.13.12.17125
22311,№ ЕАЭС KZ 7500361.01.01.06159              Серия KZ № 0235811
22312,№ ЕАЭС KZ 7500361.01.01.06155              Серия KZ № 0235815
22325,ЕАЭС KZ2710317.13.12.02159
22326,ЕАЭС KZ 2710317.13.12.02764
22327,ЕАЭС KZ 2710317.13.12.02763
22328,ЕАЭС KZ 2710317.13.12.02765
22329,ЕАЭС KZ 2710317.01.01.02553
22330,ЕАЭС KZ 2710317.13.12.03227
22332,KZ.7500551.01.01.01569
22336,Декларация о соответствии ЕАЭС № KZ. 7100317.13.12.03532
22365,сертификат соответствия №ЕАЭС ЕАЭС KZ 7100841.01.01.02308
22366,№ЕАЭС KZ 7500986.01.01.07259
22369,KZ 7500995.01.01.01526
22370,KZ 7500995.01.01.01298
22371,KZ 7500995.01.01.01527
22374,№ ЕАЭС KZ 7500995.13.12.07047
22376,KZ 7500995.01.01.01546
22377,KZ 7500995.01.01.01547
22378,"№ ЕАЭС KZ  7500995.13.12.07152
\"
22382,№ЕАЭС KZ 7500651.01.01.06490
22383,№ЕАЭС KZ 7500651.01.01.06489
22384,№ЕАЭС KZ7500651.13.12.14449
22385,№KZ.7500651.01.01.01951
22386,№KZ.7500651.01.01.01963
22387,№EAЭС KZ7500651.13.12.14815
22389,№ ЕАЭС KZ 5110317.01.01.00043 с
22390,№ ЕАЭС KZ 5110317.01.01.00044 с
22392,№ ЕАЭС KZ 5110317.13.12.00377 с
22393,№ ЕАЭС KZ 5110317.13.12.00378 с
22395,№ ЕАЭС KZ3110317.01.01.00002
22398,№ ЕАЭС KZ 5110317.13.12.00379 с
22399,"№ЕАЭС KZ 5110317.01.01.00051 
№ЕАЭС KZ 5110317.01.01.00051"
22400,№ЕАЭС KZ 5110317.01.01.00050
22401,№ЕАЭС KZ 5110317.01.01.00053
22402,№ЕАЭС KZ 5110317.01.01.00052
22403,№ЕАЭС KZ 5110317.01.01.00054
22404,№ KG 11.01.09.016. R.000485.01.23
22406,№ЕАЭС KZ 5110317.13.12.00603
22410,Сертификат соответствия № EASC Kz 7500651.01.01.06343
22411,Декларация о соответствии № ЕАЭС KZ 7500651.13.12.14106
22412,Декларация о соответствии № ЕАЭС KZ 7500651.13.12.14102
22413,Сертификат соответствия № ЕАЭС KZ 7500651.01.01.06344
22414,Сертификат соответствия № ЕАЭС KZ 7500651.01.01.06345
22772,ЕАЭС KZ 7500196.01.01.00689
22415,Сертификат соответствия № ЕАЭС KZ 7500651.01.01.006346
22416,Сертификат соответствия № ЕАЭС KZ 7500651.01.01.06352
22417,Декларация о  соответствии № ЕАЭС KZ 7500651.13.12.14104
22418,Сертификат соответствия № EASC KZ 750065101.01.06347
22419,Декларация о  соответствии № ЕАЭС KZ 7500651.13.12.14100
22420,Сертификат соответствия № ЕАЭС KZ 7500651.01.01.06350
22421,Декларация о  соответствии № ЕАЭС KZ 7500651.13.12.141011
22422,Сертификат соответствия № ЕАЭС KZ 7500651.01.01.06348
22423,Декларация о  соответствии № ЕАЭС KZ 7500651.13.12.14105
22424,Декларация о соответствии № ЕАЭС KZ 7500651.13.12.14102от
22425,Сертификат соответствия № ЕАЭС KZ 7500651.01.01.06351
22426,Декларация о  соответствии № ЕАЭС KZ 7500651.13.12.14103От
22427,Декларация о  соответствии № ЕАЭС KZ 7500651.13.12.14107
22428,Сертификат соответствия № EA3C KZ 7500651.01.01.06349
22429,"Декларация о  соответствии № ЕАЭС KZ 7500651.13.12.14108
."
22430,Сертификат соответствия № ЕАЭС KZ 5110317.01.01.00043
22433,"КСС № 0261300  
№ KZ.7500851.01.01.03162"
22434,КСС № 0261301 №               KZ.7500851.01.01.03163
22435,№ ТС KZ.7500851.22.01.00370
22436,"ЕАЭС KZ 3510317.
13.12.01701  от
  13.01.2023г."
22448,ЕАЭС KZ 3510317. 13.12.01702 от 13.01.2023г.
22456,Декларация о соответствии ЕАЭС KZ 7100841.13.12.01699
22457,Декларация о соответствии ЕАЭС KZ 7100841.13.12.01700
22458,Декларация о соответствии  ЕАЭС KZ 7100841.13.12.01701
22459,Декларация о соответствии  ЕАЭС KZ 7100841.13.12.01705
22460,Декларация о соответствии  ЕАЭС KZ 7100841.13.12.01706
22461,Сертификат соответствия № KZ.7500551.01.01.01135
22462,Сертификат соответствия № KZ.7500551.01.01.01136
22463,Сертификат соответствия № ЕАЭС KZ 7100841.05.01.02445
22464,Сертификат соответствия № ЕАЭС KZ 7100841.05.01.02444
22530,ЕАЭС KZ 7500986.13.12.07593
22531,ЕАЭС KZЕАЭС KZ 7500986.13.12.07594
22532,ЕАЭС KZЕАЭС KZ 7500986.13.12.07595
22533,ЕАЭС KZЕАЭС KZ 7500986.13.12.07298
22534,ЕАЭС KZЕАЭС KZ 7500986.13.12.07296
22536,ЕАЭС KZЕАЭС KZ 7500986.13.12.07297
22537,ЕАЭС KZЕАЭС KZ 7500986.13.12.07299
22538,ЕАЭС KZЕАЭС KZ 7500986.13.12.07306
22539,ЕАЭС KZЕАЭС KZ 7500986.13.12.07301
22542,ЕАЭС KZЕАЭС KZ 7500986.13.12.07300
22543,ЕАЭС KZЕАЭС KZ 7500986.13.12.07302
22544,ЕАЭС KZЕАЭС KZ 7500986.13.12.07307
22545,ЕАЭС KZЕАЭС KZ 7500986.13.12.07303
22546,ЕАЭС KZЕАЭС KZ 7500986.13.12.07304
22547,ЕАЭС ЕАЭС KZ 7500986.001.01.06524
22548,ЕАЭС ЕАЭС KZ 7500986.001.01.06523
22549,ЕАЭС ЕАЭС KZ 7500986.001.01.06525
22550,ЕАЭС ЕАЭС KZ 7500986.001.01.06526
22551,Информативное письмо Исх.№2223/2023-ОПС от 15.08.2023г.
22569,Информативное письмо Исх.№2281/2023-ОПС от 22.08.2023г.
22583,""
22584,"Сертификат соответствия
№ ЕАЭС KZ
3510317.01.01.00130
(19.11.21 - 19.11.24)"
22585,"Письмо Карагандинского
филиала АО «Национальный
центр экспертизы и
сертификации» № 22-2/1194
от 07.09.2023 года"
22586,"Сертификат соответствия
№ ЕАЭС KZ
3510317.01.01.00131
(19.11.21 - 19.11.24)"
22587,"Декларация о соответствии
№ ЕАЭС KZ
3510317.13.12.01283
(21.09.22 - 21.09.25)"
22588,"ЕАЭС KZ7500361.01.01.02125
От 15.06.2022 до 14.06.2027"
22598,сертификат соответствия ЕАЭС KZ 3910317.01.01.00674 серия KZ №0235327 от 05.10.2023г. до 04.10.2024г.
22600,декларация о соответствии  №ЕАЭС KZ 3910317.13.12.02539 от 05.10.2023г. до 04.10.2024г.
22601,"Декларация о соответствии
ЕАЭС KZ 7500986.13.12.08872 от 26.09.2023г. - 26.09.2026г."
22603,"Декларация о соответствии
ЕАЭС KZ 7500986.13.12.08873 от 26.09.2023г. - 26.09.2026г."
22614,KZ1510019.24.01.00272 от 12.06.20 г до 12.06.2025
22648,КZ1510019.24.01.00253 от 17.02.2020 до 17.02.2025
22666,КZ1510019.24.01.00273 от 17.02.2020 до 17.02.2025
22682,KG 417/033. Д.0020811 от 25.09.2023г. до 25.09.2026г.
22693,KG 417/033. Д.0020804 от 25.09.2023г. до 25.09.2026г.
22696,KG 417/033. Д.0020805 от 25.09.2023г. до 25.09.2026г
22699,KG 417/033.Д.0020808 от 25.09.2023г.до 25.09.2026г
22705,"Декларация о
соответствии
EAЭСKZ7100841.13.12.0
2627. 30.06.2023-
29.06.2024"
22706,"Сертификат соответствия
KZ7100841.01.01.01685.
04.07.2023-03.07.2024."
22707,№7500802.13.12.01208 от 23.12.2022 по 23.12.2023
22708,№7500802.13.12.01207 от 23.12.2022 по 23.12.2023
22709,№7500802.13.12.01206 от 23.12.2022 по 23.12.2023
22712,№7500802.01.01.00621 от 23.12.2022 до 23.12.2023
22713,№7500802.01.01.00620 от 23.12.2022 до 23.12.2023
22714,№7500802.01.01.00118 от 23.12.2022 до 23.12.2023
22727,"KZ7500533.13.12.00702 от 29.08.2023г.
срок до 28.08.2026г."
22728,ЕАЭС KZ 7500196.01.01.00688
22738,ЕАЭС KZ 7500196.01.01.00702
22775,ЕАЭС KZ 7500196.01.01.00690
22785,ЕАЭС KZ 7500196.01.01.00691
22794,ЕАЭС KZ 7500196.01.01.00692
22796,ЕАЭС KZ 7500196.01.01.00693
22797,ЕАЭС KZ 7500196.01.01.00700
22804,ЕАЭС KZ 7500196.01.01.00695
22812,ЕАЭС KZ 7500196.01.01.00698
22815,ЕАЭС KZ 7500196.13.12.01086
22816,Декларация о соответствии ЕАЭС № KZ 3110317.13.12.00118
22817,Сертификат соответствия № ЕАЭС KZ.3110317.01.01.00140
22818,Декларация о соответствии ЕАЭС № KZ 3110317.13.12.00118           .
22819,Декларация о соответствии ЕАЭС № KZ 3110317.13.12.00119
22822,Сертификат соответствия № ЕАЭС KZ.3110317.01.01.00063                  .
22823,Сертификат соответствия № ЕАЭС KZ.3110317.01.01.00063
22832,Сертификат соответствия № ЕАЭС KZ.3110317.01.01.00064
22881,№ЕАЭС KZ 7500986.01.01.02752
22887,№ЕАЭС KZ 7500986.01.01.02753
22889,№ ЕАЭС KZ 7500986.01.01.05567
22892,№ЕАЭС KZ 7500986.01.01.02181
22893,№ЕАЭС KZ 7500986.01.01.02159
22895,№ ЕАЭС KZ 7500986.01.01.08143 от 13.10.2024 г.
22897,№ ЕАЭС KZ 7500986.01.01.08142 от 13.10.2024 г.
22980,Декларация о соответствии № ЕАЭС KZ 1900193.13.12.05002
23005,Декларация о соответствии № ЕАЭС KZ 1900193.13.12.05001
23031,Декларация о соответствии № ЕАЭС KZ 1900193.13.12.05000
23064,Декларация о соответствии № ЕАЭС KZ 1900193.13.12.04999
23101,"Сертификат соответствия № KZ.7500802.01.01.00246
от 31.10.2023г. действителен до 12.09.2026г."
23111,"Сертификат соответствия № ЕАЭС KZ.7500986.01.01.08338
от 31.10.2023г. действителен до 31.10.2026г."
23207,ЕАЭС KZ7100317.13.12.03788
23215,"ЕАЭС KZ 3910317.13.12.02258,"
23216,"Декларация соответствия, ЕАЭС KZ 3910317.13.12.02568,"
23217,Декларация соответствия ЕАЭС KZ 6328317.13.12.00349 .
23227,Декларация соответствия ЕАЭС KZ 6328317.13.12.00641
23228,Декларация соответствия ЕАЭС KZ 6328317.13.12.00640
23239,Декларация о соответствии № ЕАЭС KZ 7100990.13.12.00092
23246,№ ЕАЭС KZ 7500651.01.01.06864
23247,№ ЕАЭС KZ 7500651.13.12.15442
23248,№ ЕАЭС KZ 7500651.01.01.06865
23249,№ ЕАЭС KZ 7500651.01.01.06866
23250,№ ЕАЭС KZ 7500651.01.01.06867
23251,№ ЕАЭС KZ 7500651.01.01.06868
23252,№ ЕАЭС KZ 7500651.01.01.06869
23253,№ ЕАЭС KZ 7500651.01.01.06870
23254,№ ЕАЭС KZ 7500651.01.01.06871
23255,№ ЕАЭС KZ 7500651.01.01.06872
23256,№ ЕАЭС KZ 7500651.01.01.06873
23257,№ ЕАЭС KZ 7500651.01.01.06874
23258,№ ЕАЭС KZ 7500651.13.12.15433
23259,№ ЕАЭС KZ 7500651.13.12.15447
23260,№ ЕАЭС KZ 7500651.01.01.06875
23261,№ ЕАЭС KZ 7500651.13.12.15435
23263,№ ЕАЭС KZ 7500651.01.01.06876
23265,№ ЕАЭС KZ 7500651.01.01.06884
23266,№ ЕАЭС KZ 7500651.01.01.06880
23268,№ ЕАЭС KZ 7500651.13.12.15445
23269,№ ЕАЭС KZ 7500651.01.01.06877
23270,№ ЕАЭС KZ 7500651.13.12.15443
23271,№ ЕАЭС KZ 7500651.13.12.15446
23273,№ ЕАЭС KZ 7500651.01.01.06879
23274,№ ЕАЭС KZ 7500651.13.12.15444
23276,№ ЕАЭС KZ 7500651.01.01.06878
23277,№ ЕАЭС KZ 7500651.13.12.15436
23278,№ ЕАЭС KZ 7500651.13.12.15440
23280,№ ЕАЭС KZ 7500651.13.12.15441
23344,№ ЕАЭС KZ 7500533.01.01.01.232 Серия KZ №0251209
23348,№ЕАЭС KZ 7500533.13.12.00848
23349,№ЕАЭС KZ 7500533.01.01.01234 Серия KZ №0251211
23350,№ЕАЭС KZ 7500533.01.01.01233 Серия KZ №0251210
23351,№ЕАЭС KZ 7500533.01.01.01237 Серия KZ 0251213 от
23353,ДС ЕАЭС № KZ.7500995.13.12.06277
23354,ДС ЕАЭС № KZ.7500995.13.12.06278
23355,ДС ЕАЭС № KZ.7500995.13.12.06279
23357,ДС ЕАЭС № KZ.7500995.13.12.05024
23358,ДС ЕАЭС № KZ.7500995.13.12.05023
23359,ДС ЕАЭС № KZ.7500995.13.12.05025
23361,ДС ЕАЭС № KZ.7500995.13.12.05022
23362,ДС ЕАЭС № KZ.7500995.13.12.05734
23363,ДС ЕАЭС № KZ.7500995.13.12.05733
23364,ДС ЕАЭС № KZ.7500995.01.01.00999
23367,ДС ЕАЭС № KZ.7500995.01.01.01661 г .
23369,ДС ЕАЭС № KZ.7500995.01.01.01660 г .
23383,СС № KZ.7500995.01.01.02236
23385,СС № KZ.7500995.01.01.02237
23387,СС № KZ.7500995.01.01.02235
23389,СС № KZ.7500995.01.01.02238
23391,ДС ЕАЭС № KZ.7500995.13.12.05802
23392,ДС ЕАЭС № KZ.7500995.13.12.05801
23393,ДС ЕАЭС № KZ.7500995.01.01.01487
23394,ДС ЕАЭС № KZ.7500995.13.12.05799
23395,ДС ЕАЭС № KZ.7500995.13.12.05800
23396,ДС ЕАЭС № KZ.7500995.01.01.01164
23397,ДС ЕАЭС № KZ.7500995.01.01.01165
23398,ДС ЕАЭС № KZ.7500995.13.12.05737
23399,ДС ЕАЭС № KZ.7500995.13.12.05736
23400,СС ЕАЭС № KZ.7500995.13.12.05735
23401,СС ЕАЭС № KZ.7500995.01.01.01488
23402,СС ЕАЭС № KZ.7500995.01.01.01487
23403,СС ЕАЭС № KZ.7500995.01.01.01497
23404,СС ЕАЭС № KZ.7500995.01.01.01486
23405,СС ЕАЭС № KZ.7500995.01.01.02233
23406,СС ЕАЭС № KZ.7500995.01.01.02234
23407,СС ЕАЭС № KZ.7500995.01.01.02232
23408,СС ЕАЭС № KZ.7500995.01.01.022
23409,СС ЕАЭС № KZ.7500995.01.01.02231
23410,СС ЕАЭС № KZ.7500995.01.01.02239
23411,KZ3910317.01.01.00471
23417,KZ3910317.13.12.02227
23419,KZ3910317.13.12.02236
23421,KZ3910317.13.12.02228
23423,KZ39103317/13/12/02229
23425,KZ3910317.13.12.02226
23427,KZ3910317.13.12.02235
23428,KZ3910317.01.01.00472
23430,KZ3910317.13.12.02232
23431,KZ3910317.13.12.02230
23432,KZ3910317.01.01.00473
23435,KZ3910317.13.12.02231
23438,KZ3910317.01.01.00474
23453,Сертификат соответствия ЕАЭС KZ 7500651.01.01.06595
23459,Сертификат соответствия ЕАЭС KZ 7500651.01.01.06596
23465,Сертификат соответствия № KZ.7500651.01.01.01999
23469,Сертификат соответствия № KZ.7500651.01.01.02000
23472,Сертификат соответствия № KZ.7500651.01.01.02001
23475,Сертификат соответствия № KZ.7500651.01.01.02002
23478,Сертификат соответствия № KZ.7500651.01.01.02003
23484,Сертификат соответствия № KZ.7500651.01.01.02004
23487,ЕАЭС KZ 7100841.13.12.00158
23488,ЕАЭС KG417/042.Д.0000246
23500,ЕАЭС KG 417/043.Д.0000024
23501,ЕАЭС KZ 7500802.01.01.00714
23544,KZ.7500551.01.01.01231
23549,ЕАЭС KZ 3510317.13.12.02297
23595,ЕАЭС KZ 3510317.13.12.02296  .
23596,ЕАЭС KZ 3510317.01.01.00720
23604,ЕАЭС KZ 3510317.01.01.00721
23605,ЕАЭС KZ 3510317.13.12.02295
23608,ЕАЭС KZ 3510317.13.12.02299
23609,ЕАЭС KZ 3510317.13.12.02848
23622,KZ 5510317.13.12.01645
23637,KZ 5510317.01.01.00550
23649,KZ 5510317.13.12.01721
23652,KZ 5510317.13.12.01641
23656,Декларация о соответствии ЕАЭС KZ 7500361.13.12.16554
23657,Декларация о соответствии ЕАЭС KZ 7500361.13.12.16555
23659,Декларация о соответствии ЕАЭС KZ 7500361.13.12.16552
23660,Декларация о соответствии ЕАЭС KZ 7500361.13.12.16556
23663,Декларация о соответствии ЕАЭС KZ 7500361.13.12.16553
23670,ЕАЭС KZ 3510317.13.12.02211
23676,ЕАЭС № ЕАЭС KZ 7100841.13.12.02491
23684,№ЕАЭС KZ5510317.13.12.00111
23685,"ЕАЭС KZ 7500533.13.12.00700,"
23686,Сертификат соответствия №KZ.7100841.01.01.02360
23704,№ ЕАЭС KZ 7500986.01.01.08009 от 29.09.2023 г.
23710,№ ЕАЭС KZ 7500986.01.01.08011 от 29.09.2023 г.
23713,№ ЕАЭС KZ 7500986.01.01.08010 от 29.09.2023 г.
23716,Декларация о соответствии ЕАЭС KZ 3510317.13.12.02773 от 19.10.2023 по 18.10.2024
23717,Сертификат соответствия №KZ6328317.01.01.00350 от 30.10.2023 до 29.10.2024
23718,Декларация о соответствии ЕАЭС KZ 3510317.13.12.02771 от 19.10.2023 по 18.10.2024
23719,Декларация о соответствии ЕАЭС KZ 3510317.13.12.02772 от 19.10.2023 по 18.10.2024
23731,Сертификат соответствия №KZ.1 500317.01.01.01290 от 15.03.2023 г. до 01.06.2025г.
23741,Сертификат соответствия №КZ.35l0317.05.01.0255l от 29.09.2023г. до 29.09.2024г.
23742,сертификат соответствия № KZ.2710317.01.01.00473 со сроком от 15.06.2022 г. до 10.06.2025 г
23771,Сертификат соответствия сертификат соответствия № KZ.2710317.01.01.00485 со сроком действия от 17.06.2022 г. до 10.06.2025 г.
23821,№544 с 24.09.2023 по 04.10.2023
23839,"Сертификат соответствия № ЕАЭС   ЕАЭС  KZ 2710317.01.01.02780 ,"
23840,Декларации о соответствии ЕАЭС №   ЕАЭС  KZ  2710317.13.12.02914
23841,Декларации о соответствии ЕАЭС №  ЕАЭС  KZ  2710317.13.12.02912
23842,Декларации о соответствии ЕАЭС №  ЕАЭС  KZ  2710317.13.12.02918
23843,Декларации о соответствии ЕАЭС №  ЕАЭС  KZ  2710317.13.12.02915
23844,Декларации о соответствии ЕАЭС №  ЕАЭС  KZ  2710317.13.12.02913
23845,"Сертификат соответствия №  ЕАЭС   ЕАЭС KZ2710317.01.01.02778,                                                                               Серия   KZ № 0236539"
23846,"Сертификат соответствия № ЕАЭС   ЕАЭС  KZ 2710317.01.01.02781 ,                                                                               Серия   KZ № 0236540"
23847,"Сертификат соответствия №  ЕАЭС   ЕАЭС  KZ 2710317.01.01.02779 ,                                                                               Серия   KZ № 0236542 ."
23848,Декларация №ЕАЭС KZ 7500802.13.12.01544
23849,Декларация №ЕАЭС KZ 7500802.13.12.01543
23850,Сертификат №KZ.7500802.01.01.00248
23861,EAЭС.KZ.3110317.01.01.00142
23865,EAЭС.KZ.3110317.13.12.00260
23870,EAЭС.KZ.3110317.01.01.00141
23923,KZ7500361.24.01.03711
23924,KZ.7500361.24.01.03712
23926,ЕАЭС KZ7500361.13.12.13643
23927,KZ.7500361.24.01.03714
23928,KZ.7500361.24.01.03713
23947,ЕАЭС KZ7100628.13.12.00047
23962,ЕАЭС KZ.7500533.13.12.00902
23963,ЕАЭС KZ.7500533.13.12.00909
23964,Сертификат соответствия  (KZ.O.02.0551) KZ.7500551.01.01.00901
24017,№ЕАЭС KG417/043.Д.0000043
24029,№ЕАЭС KG417/043.Д.0000045
24070,KZ. 7500995.01.01.02307
24071,№  KZ 3510317.01.01.00748
24072,KZ 1510019.24.01.00284
24073,KZ 3510317.01.01.00747
24074,ЕАЭС KZ  7500995.13.12.06499
24075,KZ 1510019.24.01.00245
24076,ЕАЭС KZ 7500995.13.12.06497
24078,ЕАЭС KZ 7500995.13.12.06498
24081,KZ 1510019.24.01.00219
24082,KZ 1510317.22.01.00045
24083,KZ 1510317.22.01.00046
24084,KZ 1510019.22.01.00280
24085,KZ 1510019.24.01.00246
24086,KZ 1510019.24.01.00242
24087,KZ 1510019.24.01.00241
24088,KZ 1510019.24.01.00243
24091,"KZ 1510317.22.01.00045
гг."
24093,"KZ 1510317.22.01.00045
гг"
24098,KZ. 3510317.01.01.00746
24099,№  KZ 7500986.13.12.08878
24100,KZ 7500995.13.12.05765
24101,KZ 1510019.24.01.00244
24102,"KZ 7500986.13.12.08878
гг."
24103,KZ 3510317.01.01.00749
24104,KZ 7100841.01.01.01866
24106,"KZ 7100841.13.12.00435,"
24107,KZ 7100841.13.12.03538
24108,"KZ 7100841.13.12.01862,"
24109,"KZ 7100841.13.12.00434,"
24110,KZ 7100841.01.01.02008
24111,"KZ 7100841.13.12.02626,"
24112,"KZ 7100841.13.12.03482,"
24114,KZ AD07.B03683/20
24115,"KZ 7100841.13.12.00436,"
24130,KZ 7100841.01.01.02719
24131,№ЕАЭС KZ 3510317.13.12.02788
24144,№ЕАЭС KZ 3510317.13.12.02788 от
24157,№ЕАЭС KZ 3510317.13.12.02789
24162,№ЕАЭС KZ 3510317.13.12.02790
24167,№ЕАЭС KZ 3510317.01.01.00829
24168,№ЕАЭС KZ 3510317.01.01.00830
24174,№ЕАЭС KZ 3510317.13.12.02790 от
24273,Сертификат соответствия №KZ.7500361.01.01.00561
24274,Сертификат соответствия №KZ.7500361.01.01.00562 .
24275,Сертификат соответствия №KZ.7500361.01.01.00600
24276,Сертификат соответствия №KZ.7500361.01.01.00601
24277,Сертификат соответствия №KZ.7500361.01.01.00602
24278,Сертификат соответствия №KZ.7500361.01.01.01423
24280,Сертификат соответствия № KZ.7500361.01.01.00562
24281,Сертификат соответствия № KZ.7500361.01.01.00872
24282,Сертификат соответствия № KZ.7500361.01.01.01422
24283,Сертификат соответствия № KZ.7500361.01.01.01423
24303,№ ЕАЭС KZ7500401.13.1203043
24306,№ KZ.7500401.01.01.00085
24313,№  KZ.7500401.01.01.00690
24324,ЕАЭС KZ 2710317.24.01.02604
24367,ЕАЭС KZ 2710317.01.01.03531
24371,ЕАЭС KZ 2710317.13.12.02708
24374,ЕАЭС KZ 2710317.01.01.02581
24381,KZ.3110317.13.12.00003
24383,KZ.3110317.01.01.00584
24387,KZ.3110317.01.01.00033
24389,KZ.3110317.01.01.00585
24391,KZ 3110317.13.12.00071
24407,KZ 3110317.13.12.00070
24422,KZ 3110317.01.01.00031
24425,KZ 3110317.01.01.00030
24429,KZ 3110317.13.12.00068
24432,KZ 3110317.13.12.00069
24435,KZ 3110317.13.12.00017
24437,KZ 3110317.13.12.00018
24439,КZ7500851.01.01.00255
24440,КZ7500851.01.01.00265
24441,ЕАЭС КZ7500851.01.01.00256
24442,KZ.7500851.01.01.00266
24443,ЕАЭС КZ7500851.01.01.00253
24444,ЕАЭС КZ7500851.01.01.00267
24445,ЕАЭС КZ7500851.01.01.00254
24446,КZ7500851.01.01.00268
24447,KZ 3110317.13.12.00066
24449,KZ3110317.13.12.00067
24451,KZ3110317.13.12.00065
24453,KZ3110317.01.01.00032
24454,KZ 3110317.13.12.00010
24461,KZ.3110317.01.01.00583
24463,KZ.3110317.01.01.00582
24464,KZ.3510317.01.01.00804
24466,KZ.3110317.01.01.00581
24468,KZ.3110317.01.01.00143
24470,KZ.3110317.01.01.00145
24472,KZ.3110317.01.01.00144
24473,KZ.3110317.01.01.00580
24474,Сертификат соответствия № ЕАЭС Kz 3510317.22.01.00297
24477,Сертификат соответствия № ЕАЭС KZ 3510317.22.01.00298
24478,Сертификат соответствия № ЕАЭС KZ 4310317.22.01.00025
24479,Сертификат соответствия № ЕАЭС KZ 4310317.22.01.00023
24480,Декларация о  соответствии № ЕАЭС KZ 4310317.24.01.01108
24481,Сертификат соответствия № ЕАЭС KZ 4310317.22.01.00021
24484,Сертификат соответствия № ЕАЭС KZ 4310317.22.01.00019
24489,Декларация о  соответствии № ЕАЭС KZ 4310317.24.01.01145
24490,Декларация о  соответствии № ЕАЭС KZ 4310317.24.01.01137
24491,Декларация о  соответствии № ЕАЭС KZ 4310317.24.01.01125
24492,Сертификат соответствия № ЕАЭС KZ 4310317.22.01.00022
24493,Сертификат соответствия № ЕАЭС KZ 4310317.22.01.00024
24736,ЕАЭС KZ 7500651.01.01.01555
24494,Декларация о  соответствии № ЕАЭС KZ 4310317.24.01.01129
24497,Сертификат соответствия № ЕАЭС KZ 4310317.22.01.00020
24498,Декларация о  соответствии № ЕАЭС KZ 4310317.24.01.01127
24501,№ ЕАЭС KZ 7500651.01.01.06426//
24504,№ЕАЭС KZ 7500651.01.01.06427//
24507,№ЕАЭС KZ 7500651.01.01.06428//
24511,№ЕАЭС KZ 7500651.01.01.06429//
24514,№ЕАЭС KZ 7500651.01.01.06436//
24517,№ЕАЭС KZ 7500651.01.01.06430//
24520,№ЕАЭС KZ 7500651.01.01.06433//
24524,№ЕАЭС KZ 7500651.01.01.06431//
24527,№ЕАЭС KZ 7500651.01.01.06432//
24530,№ ЕАЭС KZ 7500651.01.01.06434//
24532,№ЕАЭС KZ 7500651.01.01.06438//
24535,№ЕАЭС KZ 7500651.01.01.06435//
24538,№ЕАЭС KZ 7500651.01.01.06439//
24541,№ЕАЭС KZ 7510651.01.01.06437//
24544,№ЕАЭС KZ 7500651.01.01.06440///
24547,№ЕАЭС KZ 7500651.01.01.06441//
24550,№ЕАЭС KZ 7500651.13.12.14311//
24553,№ЕАЭС KZ 7500651.13.12.14373//
24554,№ЕАЭС KZ 7500651.01.01.06454//
24557,№ЕАЭС KZ 7500651.01.01.06455//
24559,№ЕАЭС KZ 7500651.01.01.06456//
24579,№ ЕАЭС KZ 7500651.13.12.14374//
24582,ЕАЭС KZ 7500651.13.12.14375//
24584,№ЕАЭС KZ 7500651.13.12.14376//
24587,№ЕАЭС KZ 7500651.13.12.14377//
24588,№ ЕАЭС KZ.7500651.01.01.01931 //
24591,№ ЕАЭС KZ.7500651.01.01.01932//
24595,№ ЕАЭС KZ.7500651.01.01.01933//
24596,KZ.7500651.01.01.01933
24598,№ ЕАЭС KZ.7500651.01.01.01934/
24601,№ ЕАЭС KZ.7500651.01.01.01935/
24603,№ ЕАЭС KZ.7500651.01.01.01936//
24606,№ ЕАЭС KZ.7500651.01.01.01937//
24609,№ ЕАЭС KZ.7500651.01.01.01938///
24613,№ ЕАЭС KZ.7500651.01.01.01939//
24617,№ ЕАЭС KZ.7500651.01.01.01940//
24620,№ ЕАЭС KZ.7500651.01.01.01941//
24623,№ ЕАЭС KZ.7500651.01.01.01942//
24626,№ ЕАЭС KZ.7500651.01.01.01943//
24629,№ ЕАЭС KZ.7500651.01.01.01944//
24632,№ ЕАЭС KZ.7500651.01.01.01945//
24635,№ ЕАЭС KZ.7500651.01.01.01946//
24638,№ ЕАЭС KZ.7500651.01.01.01947//
24644,Сертификат соответствия № KZ 3510317.01.01.01721 от
24650,Сертификат соответствия ЕАЭС KZ № 3510317.01.01.00646 от .
24651,Сертификат соответствия № KZ 3510317.01.01.01723 от
24652,Сертификат соответствия № KZ 3510317.01.01.01724 от
24654,Сертификат соответствия № KZ 3510317.01.01.01720 от
24658,Сертификат  соответствия № KZ 3510317.01.01.00647 от .
24659,Сертификат соответствия № KZ 3510317.01.01.01722 от
24660,Декларация ЕАЭС KZ 3510396.13.12.00292
24661,Декларация ЕАЭС KZ 3510396.13.12.00293
24662,Декларация ЕАЭС KZ 3510396.13.12.00294
24664,Декларация ЕАЭС KZ 3510396.13.12.00295
24669,Декларация ЕАЭС KZ 3510396.13.12.00296
24671,Декларация ЕАЭС KZ 3510396.13.12.00297
24672,Декларация ЕАЭС KZ 3510396.13.12.00298
24673,Декларация ЕАЭС KZ 3510396.13.12.00299
24675,Сертификат № ЕАЭСК KZ 3510396.01.01.00293.
24676,Сертификат № ЕАЭСК KZ 3510396.01.01.00293.  .
24677,Сертификат № ЕАЭСК KZ 3510396.01.01.00294.  .
24678,Сертификат № ЕАЭСК KZ 3510396.01.01.00294.
24679,Сертификат № ЕАЭСК KZ 3510396.01.01.00295.  .
24680,Сертификат № ЕАЭСК KZ 3510396.01.01.00295.
24681,Сертификат № ЕАЭСК KZ 3510396.01.01.00295. .
24683,Сертификат № ЕАЭСК KZ 3510396.01.01.00296.
24684,Сертификат № ЕАЭСК KZ 3510396.01.01.00297.  .
24685,Сертификат № ЕАЭСК KZ 3510396.01.01.00298.
24686,Сертификат № ЕАЭСК KZ 3510396.01.01.00299.
24688,Декларация ЕАЭС KZ 3510396.13.12.00300
24689,Декларация ЕАЭС KZ 3510396.13.12.00301
24690,Сертификат № ЕАЭСК KZ 3510396.01.01.00307.
24691,Сертификат № ЕАЭСК KZ 3510396.01.01.00308. .
24692,Сертификат № KZ 3510396.01.01.00076.
24693,Декларация ЕАЭС KZ 3510396.13.12.00208 .
24694,Декларация ЕАЭС KZ 3510396.13.12.00274
24696,Декларация ЕАЭС KZ 3510396.13.12.00240
24702,Декларация ЕАЭС KZ 3510396.13.12.00241
24705,Сертификат № KZ 3510396.01.01.00184.
24713,Декларация ЕАЭС KZ 3510396.13.12.00312
24715,ЕАЭС KZ 3510317.01.01.00729
24716,ЕАЭС KZ 3510317.13.12.02336
24722,№ ЕАЭС KZ 7500651.01.01.05336 от
24723,ЕАЭС KZ 7500651.01.01.05337
24724,ЕАЭС KZ 7500651.01.01.05338
24725,ЕАЭС KZ 7500651.01.01.05339
24726,ЕАЭС KZ 7500651.13.12.11856
24728,ЕАЭС KZ 7500651.13.12.11857
24730,ЕАЭС KZ 7500651.13.12.11862
24731,ЕАЭС KZ 7500651.13.12.11859
24733,ЕАЭС KZ 7500651.13.12.11861
24734,ЕАЭС KZ 7500651.13.12.11860
24735,ЕАЭС KZ 7500651.01.01.05342
24737,ЕАЭС KZ 7500651.01.01.01556
24738,ЕАЭС KZ 7500651.01.01.01557
24739,ЕАЭС KZ 7500651.13.12.11864
24740,ЕАЭС KZ 7500651.01.01.05344
24741,KZ 7500651.13.12.11881
24742,ЕАЭС KZ 7500651.01.01.05343
24743,ЕАЭС KZ 7500651.13.12.11873
24745,ЕАЭС KZ 7500651.13.12.11875
24747,ЕАЭС KZ 7500651.13.12.11877
24748,№KZ.7500802.01.01.00145
24750,KZ 7500986.01.01.05798 с
24768,№KZ.7500802.01.01.00146
24785,"От 03.05.2023 по 21.02.2025
ЕАЭС KZ 7500995.13/12.06296"
24787,"От 03.05.2023 по
21.02.2025
ЕАЭС KZ 7500995.13.12.06297"
24789,"От 03.05.2023 по 
21.02.2025
ЕАЭС KZ 7500995.13.12.06298"
24791,"От 03.05.2023 по 
21.02.2025
ЕАЭС KZ 7500995.13.12.06300"
24793,"От 03.05.2023 по
21.02.2025
ЕАЭС KZ 7500995.13.12.06301"
24795,"03.05.2023
21.02.2025
ЕАЭС KZ 7500995.13.12.06299"
24796,"03.05.2023
21.02.2025
ЕАЭС KZ 7500995.13/12.06296"
24798,"03.05.2023
21.02.2025
ЕАЭС KZ 7500995.13.12.06300"
24800,"03.05.2023
21.02.2025
ЕАЭС KZ 7500995.13.12.06301"
24802,"27.10.2022
27.10.2023
ЕАЭС KZ 7500995.13.12.04825"
24804,"17.12.2022
07.12.2025
ЕАЭС KZ 7500995.13.12.05174"
24805,"17.12.2022
07.12.2025
ЕАЭС KZ 7500995.13.12.05180"
24807,"Декларация соответствия № ЕАЭС KZ 7500995.13.12.05170 от 07.12.2022г.
действительна до 07.12.2025г."
24808,Декларация соответствия № ЕАЭС KZ 7500995.13.12.05172 от 07.12.2022г. действительна до 07.12.2025г.
24809,"Декларация соответствия № ЕАЭС KZ 7500995.13.12.05170 от 07.12.2022г.
действительна до07.12.2025г."
24811,"Декларация соответствия №ЕАЭС KZ 7500995.13.12.05170 от 07.12.2022г.
действительна до07.12.2025г."
24819,Декларация соответствия № ЕАЭС KZ 7500995.13.12.07059 от 15.09.2023г. действительна до 15.09.2024
24821,Сертификат соответствия № KZ.7500995.01.01.01556 от 29.09.2023 г. действителен до 29.09.2024 г.
24823,"Сертификат соответствия № ЕАЭС KZ 7500995.01.01.02277
от 09.10.2023 г. действителен до 21.02.2025 г."
24824,"Декларация соответствия № ЕАЭС KZ 7500995.13.12.07160 
от 29.09.2023 г. действительна до 29.09.2024 г."
24825,Сертификат соответствия №KZ.7100841.01.01.00585 сроком от 29.11.2022 до 29.11.2023
24838,"СЕРТИФИКАТ соответствие 
№KZ.2710317.01.01.00326         от 01.04.2022   до 01.04.2023"
24839,"СЕРТИФИКАТ соответствие 
№KZ.2710317.01.01.00326         от 01.04.2022                           до 01.04.2023"
24863,"СЕРТИФИКАТ соответствие 
№KZ.2710317.01.01.00378      от  20.04.2022                                 до  20.04 .2023"
24887,"СЕРТИФИКАТ соответствие 
№KZ.2710317.01.01.00379      от 20.04.2022 
до 20.04.2023"
24911,"ДЕКЛАРАЦИЯ О СООТВЕТСТВИИ
ЕАЭС KZ 7500986.13.12.07333 от 15.06.2023 г.-15.06.2026г."
24929,№ ЕАЭС KZ 7500986.01.01.07987 от 28.09.2023 г.
24932,№ЕАЭС KG417/026.KZ.02.04607 от 14.10.2022г.
24933,Информативное письмо 16/01-03 от 12.03.2023 г.
24943,Информативное письмо 16/01-03 от 12.09.2023г
24944,"ДЕКЛАРАЦИЯ О СООТВЕТСТВИИ
ЕАЭС KZ 7500533.13.12.00612 от 24.07.2023 до 23.07.2028"
24945,"ДЕКЛАРАЦИЯ О СООТВЕТСТВИИ
ЕАЭС KG417/033.Д.0019811 от 05.09.2023 до 04.09.2026"
24948,"ДЕКЛАРАЦИЯ О СООТВЕТСТВИИ
ЕАЭС KZ 7500533.13.12.00669 от 23.08.2023 до 22.08.2028"
24958,ЕАЭС KZ 7100990.01.01.00065 с 26.05.2022 по 25.05.2027
24959,KZ №0100697 ЕАЭС KZ 7100317.01.01.00786 c 08.06.2022 г до 08.06.2023 г
24960,KZ №0197827 ЕАЭС KZ 7100317.01.01.00795 c 08.06.2022 г до 08.06.2023 г
24968,KZ №0197823 ЕАЭС KZ 7100317.01.01.00787 c 08.06.2022 г до 08.06.2023 г
24973,KZ №0100099 ЕАЭС KZ 7100317.01.01.00788 c 08.06.2022 г до 08.06.2023 г
24975,KZ №0197825 ЕАЭС KZ 7100317.01.01.00789 c 08.06.2022 г до 08.06.2023 г
24979,KZ №0197826 ЕАЭС KZ 7100317.01.01.00790 c 08.06.2022 г до 08.06.2023 г
24990,ЕАЭС KZ 7100317.13.12.03289 с 16.05.2023 г по 16.05.2024 г
24992,ЕАЭС KZ 7100317.13.12.03290 с 16.05.2023 г по 16.05.2024 г
24994,ЕАЭС KZ 7100317.13.12.03336 с 29.05.2023 г по 28.05.2024 г
25012,KZ.7500361.01.01.03966 от 18.07.2023 до 06.06.2026 г.
25015,KZ.7500361.01.01.03972 от 18.07.2023 до 06.06.2026 г.
25030,KZ.7500361.01.01.03986 от 19.07.2023 до 06.06.2026 г.
25034,KZ.7500361.01.01.03973 от 1807.2023 до 06.06.2026 г.
25042,KZ.7500361.01.01.03971 от 1807.2023 до 06.06.2026 г.
25044,KZ.7500361.01.01.03975 от 18.07.2023 до 06.06.2023 г.
25051,KZ.7500361.01.01.03967 от 18.07.2023 до 06.06.2023 г.
25053,KZ.7500361.01.01.03969 от 18.07.2023 до 06.06.2026 г.
25054,KZ.7500361.01.01.03968 от 18.07.2023 до 06.06.2026 г.
25055,KZ.7500361.01.01.03970 от 18.07.2023 до 06.06.2026 г.
25056,KZ.1510019.24.01.00230 от 23.08.2019 до 23.08.2024
25069,ЕАЭС KZ.1510317.01.01.00041 от 28.02.2023 до 28.02.2026
25072,ЕАЭС KZ.1510317.01.01.00040 от 28.02.2023 до 28.02.2026
25093,KZ.7500551.01.01.00625 от 22 апреля 2022г.действителен до 15 апреля 2025г.
25116,KZ.7500551.01.01.00626 от 22 апреля 2022г.действителен до 15 апреля 2025г.
25156,Декларация о соответствии № ЕАЭС KZ 7500361.13.12.13862 от 13.12.2022 по 12.12.2025
25164,Сертификат соответствие № KZ.7100841.01.01.00978 от 23.02.2023 по 25.01.2026
33915,не требуется
25210,KZ.7100841.01.01.00978 с 23.02.2023 до 25.01.2026
25257,Декларация о соответствии № ЕАЭС KZ 7500361.13.12.13861 от 13.12.2022 по 12.12.2025
25316,"KZ.7500986.13.12.02084
27.05.2022-27.05.2023"
25317,"KZ.7500986.13.12.02085
27.05.2022-27.05.2023"
25318,"KZ.7500986.13.12.02087
27.05.2022-27.05.2023"
25319,"KZ.7500802.13.12.01329 
16.02.2023-16.03.2024"
25320,"KZ.7500986.13.12.02088
27.05.2022-27.05.2023"
25321,"KZ.7500986.01.01.01810 
27.05.2022-27.05.2023"
25322,"KZ.7500802.13.12.01331 
16.02.2023-16.03.2024"
25323,"KZ.7500986.01.01.01809 
27.05.2022-27.05.2023"
25324,"KZ.7500802.13.12.01330 
16.02.2023-16.03.2024"
25325,"KZ 7500986.13.12.04584
13.01.2023- 13.01.2024"
25326,"KZ 7500986.01.01.03951
27.12.2022-27.12.2023"
25328,"KZ 7500986.01.01.03952
27.12.2022-27.12.2023"
25329,"KZ 7500986.01.01.03953
27.12.2022-27.12.2023"
25330,"KZ 7500986.01.01.03954
27.12.2022-27.12.2023"
25331,"KZ 7500986.13.12.04366
27.12.2022-27.12.2023"
25332,"KZ 7500986.13.12.04367
27.12.2022-27.12.2023"
25333,"KZ 7500986.13.12.04368
27.12.2022-27.12.2023"
25334,"KZ 7500986.13.12.04369
27.12.2022-27.12.2023"
25335,"KZ 7500986.01.01.04145
11.01.2023-11.01.2024"
25336,"KZ 7500986.01.01.04146
11.01.2023-11.01.2024"
25337,"KZ 7500986.01.01.03955
27.12.2022-27.12.2023"
25338,"KZ 7500986.01.01.03956
27.12.2022-27.12.2023"
25339,"KZ 7500986.01.01.03957
27.12.2022-27.12.2023"
25340,"KZ 7500986.01.01.03958
27.12.2022-27.12.2023"
25341,"KZ 7500986.01.01.03959
27.12.2022-27.12.2023"
25343,"KZ 7500986.01.01.03960
27.12.2022-27.12.2023"
25345,"KZ 7500986.01.01.03957 
27.12.2022-27.12.2023"
25346,"KZ 7500986.01.01.03961
27.12.2022-27.12.2023"
25347,"KZ 7500986.13.12.04370
27.12.2022-27.12.2023"
25348,"KZ 7500986.13.12.04371
27.12.2022-27.12.2023"
25349,"KZ 7500986.13.12.04372
27.12.2022-27.12.2023"
25350,"KZ 7500986.13.12.04376
27.12.2022-27.12.2023"
25351,"KZ 7500986.13.12.04377
27.12.2022-27.12.2023"
25352,"KZ 7500986.13.12.04373
27.12.2022-27.12.2023"
25353,"KZ 7500986.13.12.04374
27.12.2022-27.12.2023"
25354,"KZ 7500986.13.12.04375
27.12.2022-27.12.2023"
25355,"KZ 7500986.01.01.03962
27.12.2022-27.12.2023"
25356,"KZ 7500986.13.12.04365
27.12.2022-27.12.2023"
25359,ЕАЭС KZ 7500986.13.12.09960 от 06.12.2023г
25360,"ЕАЭС KZ 7500986.13.12.09962
от 06.12.2023г"
25361,"ЕАЭС KZ 7500986.13.12.09961
от 06.12.2023г"
25362,"№ЕАЭС KZ 7500995.13.12.07548,"
25370,Сертификат соответствия № ЕАЭС KZ 7500986.01.01.08201 от 20.10.2023г. действителен до 20.10.2026г.
25389,Информационное письмо исх.№ 2849/2023- ОПС от 24.10.2023г.
25391,Информационное письмо исх.№ 150850-08 от 25.10.2023г.
25406,Сертификат соответствия ЕАЭС KZ 750065.01.01.07032 Серия   KZ№0243455    20.10.2023г-19.10.2028 г
25407,Сертификат соответствия ЕАЭС KZ 750065.01.01.07033 Серия   KZ№0243411   20.10.2023г-19.10.2028 г
25409,Сертификат соответствия ЕАЭС KZ 750065.01.01.07035 Серия   KZ№0243445  20.10.2023г-19.10.2028 г
25410,Сертификат соответствия ЕАЭС KZ 750065.01.01.07034  Серия   KZ№0243446   20.10.2023г-19.10.2028 г
25411,ЕАЭС KZ 7500651.13.12.15872    20.10.2023г
25412,ЕАЭС KZ 7500651.13.12.15872    20.10.2023г.  - 19.10.2028  г
25414,ЕАЭС KZ 7500651.13.12.15870   20.10.2023г - 19.10.2028 г
25415,ЕАЭС KZ 7500651.13.12.15873   20.10.2023г - 19.10.2028 г
25416,ЕАЭС KZ 7500651.13.12.15874  20.10.2023г-19.10.2026 г
25417,ЕАЭС KZ 750065.01.01.07038 Серия   KZ№0243449   20.10.2023г-19.10.2028 г
25418,ЕАЭС KZ 750065.01.01.07037 Серия   KZ№0243447  20.10.2023г-19.10.2028 г
25419,ЕАЭС KZ 7500651.13.12.15869   20.10.2023г.  - 20.10.2026 г
25422,ЕАЭС KZ 750065.01.01.07036 Серия   KZ№0243458   20.10.2023г.- 20.10.2028г
25423,ЕАЭС KZ 7500651.13.12.15865     20.10.2023г.  - 20.10.2026 г
25428,ЕАЭС KZ 7500651.13.12.15878     20.10.2023г.  - 20.10.2026 г
25429,ЕАЭС KZ 7500651.13.12.15875    20.10.2023г-20.10.2026 г
25430,ЕАЭС KZ 7500651.13.12.15877    20.10.2023г.- 20.10.2026г
25537,KZ.1510317.01.01.00926
25538,KZ.7500533.01.01.00046
25586,№ЕАЭС KZ.7100749.21.01.09503
25587,№ЕАЭС KZ 7100841.05.01.02325
25588,№ЕАЭС KZ 7100841.05.01.00179
25589,№ЕАЭС KZ 7100841.05.01.01437
25590,"№ЕАЭС KZ.7100749.21.01.14098,"
25591,№ЕАЭС KZ 7100841.05.01.01409
25592,№ЕАЭС KZ 7100841.05.01.01550
25593,№ЕАЭС KZ.7100984.21.01.00579
25596,№ЕАЭС KZ 7100841.05.01.02953
25597,ЕАЭС KZ 1510317.13.12.01038 от 30.06.2023г. по 30.03.2024г.
25603,ЕАЭС KZ 1510317.13.12.01150 от 31.10.2023г. по 30.06.2024г.
25613,ЕАЭС KZ 1510317.13.12.01127 от 05.10.2023г. по 05.06.2024г.
25623,ЕАЭС KZ 1510317.13.12.01128 от 05.10.2023г. по 05.06.2024г.
25625,ЕАЭС KZ 1510317.05.01.00050 от 27.10.2023г. по 30.06.2024г.
25627,ЕАЭС KZ 1510317.13.12.00927 от 17.02.2023г. по 17.02.2024г.
25648,EAЭС KZ 1900193.13.12.04206
25650,ЕАЭС KZ 7500533.13.12.00905
25653,Сертификат соответствия № KZ.7500551.01.01.01101
25654,"Сертификат соответствия №
KZ.7500651.05.01.01361"
25655,"Сертификат соответствия №
KZ.7500651.05.01.01360"
25854,KZ.7500441.13.12.00933 от 02.09.2022 до 01.09.2025
25656,Декларация о соответствии № ЕАЭС KZ.4710193.13.12.03380
25658,Декларация о соответствии № ЕАЭС KZ.4710193.13.12.03379
25661,ЕАЭС KZ 7500533. 13.12.01051
25665,Сертификат сооответствия № ЕАЭС KZ 7500986.0101.08934
25666,Сертификат сооответствия № ЕАЭС KZ 7500986.0101.08936
25667,Декларация соответствия № ЕАЭС KZ 7500986.13.12. 10129
25670,Декларация соответствия № ЕАЭС KZ 7500986.13.12. 10128
25672,Декларация соответствия № ЕАЭС KZ 7500986.13.12. 10130
25674,Сертификат сооответствия № ЕАЭС KZ 7500986.0101.08935
25675,Декларация соответствия № ЕАЭС KZ 7500986.13.12. 10132
25676,Декларация соответствия № ЕАЭС KZ 7500986.13.12. 10131
25677,KZ 7500995.01.01.01986 от 28.04.2023 до 28.04.2026
25678,KZ 7500995.01.01.01990 от 28.04.2023 до 28.04.2026
25679,KZ 7500995.01.01.01991 от 28.04.2023 до 28.04.2026
25680,KZ 7500995.01.01.01994 от 28.04.2023 до 28.04.2026
25681,KZ 7500995.01.01.01987 от 28.04.2023 до 28.04.2026
25682,KZ 7500995.01.01.01853 от 28.04.2023 до 28.04.2026
25684,KZ 7500995.13.12.06271 от 28.04.2023 до 28.04.2026
25747,ЕАЭС KZ 7500651.01.01.04768
25748,ЕАЭС KZ 7500651.01.01.04769
25750,ЕАЭС KZ 7500651.01.01.04770
25751,ЕАЭС KZ 7500651.01.01.04771
25752,ЕАЭС KZ 7500651.01.01.04772
25753,ЕАЭС KZ 7500651.01.01.04773
25754,ЕАЭС KZ 7500651.01.01.04774
25757,ЕАЭС KZ 7500651.01.01.04775
25760,"KZ 7500651.01.01.01401
  
  09.03.2024г"
25761,"KZ 7500651.01.01.01402
  
  09.03.2024г"
25762,"ЕАЭС KZ 7500651.01.01.05576
  17.05.2023г
  16.05.2028г"
25763,"ЕАЭС KZ 7500651.13.12. 10725
  03.03.2023г, 03.03.2026г"
25764,ЕАЭС KZ 7500651.13.12.10842
25765,"ЕАЭС KZ 7500651.13.12.10713
  17.05.2023г, 17.05.2026г"
25766,"ЕАЭС KZ 7500651.13.12.10855
  , 09.03.2026г"
25768,"ЕАЭС KZ 7500651.13.12.10843
  , 09.03.2026г"
25769,"ЕАЭС KZ 7500651.13.12. 10843
  , 09.03.2026г"
25770,"ЕАЭС KZ 7500651.13.12. 10717
  02.03.2023г, 02.03.2026г"
25772,"ЕАЭС KZ 7500651.13.12. 10844
  , 09.03.2026г"
25774,"ЕАЭС KZ 7500651.13.12. 12309
  17.05.2023г, 17.05.2026г"
25775,"ЕАЭС KZ 7500651.13.12.10711
  02.03.2023г, 02.03.2026г"
25776,"ЕАЭС KZ 7500651.13.12.10856
  , 09.03.2026г"
25778,"ЕАЭС KZ 7500651.01.01.04715
  03.03.2023г, 03.03.2026г"
25782,"ЕАЭС KZ 7500651.13.12.10733
  03.03.2023г, 03.03.2026г."
25787,Отказное письмо №2469-ОПС от 07.11.2023г.
25793,Отказное письмо №2150-ОПС от 29.06.2023г.
25797,Отказное письмо №1939-ОПС от 10.04.2023г.
25799,№ ЕАЭС KZ ЕАЭС KZ 7500651.13.12.10793 - 07.03.2023- 06.03.2028
25800,№ ЕАЭС KZ 7500651.13.12.10795 - 07.03.2023 - 06.03.2028
25801,"№ EAЭС KZ.7500651.01.01.04742 - 
06.03.2023 - 05.03.2028"
25802,"№KZ.7500651.01.01.04744 -
06.03.2023 - 05.03.2028"
25803,"№ KZ.7500651.01.01.04739-
06.03.2023-05.03.2028"
25804,"№KZ.7500651.01.01.04740 -
06.03.2023 - 05.03.2028"
25805,"№KZ.7500651.13.12.10792-
07.03.2023 - 06.03.2028"
25806,"№ KZ 7500651.13.12.10792- 07.03.2023-
06.03.2028"
25807,№ KZ 7500651.13.12.10792- 07.03.2023- 06.03.2028
25808,№ЕАЭС KZ 7500651.13.12.10792-  07.03.2023 - 06.03.2028
25809,"№KZ.7500651.01.01.04751-
07.03.2023 -
07.03.2026"
25810,"№KZ.7500651.01.01.04751 -
07.03.2023 -
07.03.2026 г"
25813,"№KZ.7500651.01.01.04738 - 
06.03.2023 - 05.03.2028"
25814,№ KZ.7500651.01.01.04750-  07.03.2023 - 07.03.2026
25815,№ KZ.7500651.01.01.04750-  07.03.2023 - 07.03.2026.
25816,KZ.7500651.01.01.02136-  8.11.2023 - 6.03.2026
25817,KZ.7500651.01.01.02135 - 8.11.2023 - 6.03.2026
25818,KZ.7500651.01.01.02137- 8.11.2023 - 6.03.2026.
25819,№KZ 7500651.13.12.10791 - 07.03.2023 - 06.03.2028
25820,"№KZ.7500361.22.01.04044- 
21.1.0.2020 - 20.10.2025"
25821,"№ KZ.7500361.22.01.04044- 
21.1.0.2020 - 20.10.2025"
25822,№ KZ.7500651.01.01.04743 - 06.03.2023 - 05.03.2028
25824,№ KZ 7500651.13.12.10756 - 06.03.2023 - 06.03.2026
25825,№KZ 7500651.13.12.10757- 06.03.2023 - 06.03.2026
25828,№ KZ 7500651.13.12.10754 - 06.03.2023 - 06.03.2026
25829,№KZ 7500651.13.12.10754 от 06.03.2023 г. по 06.03.2026 г.
25830,№ KZ 7500651.13.12.10751 - 06.03.2023 - 06.03.2026
25831,KZ.7500441.13.12.01108 от 31.10.2022 до 30.10.2025
25832,KZ.7500441.13.12.00862 от 11.08.2022 до 10.08.2025
25833,KZ.7500441.13.12.01170 от 23.11.2022 до 22.11.2025
25834,KZ.7500441.13.12.00902 от 24.08.2022 до 23.08.2025
25835,KZ.7500441.13.12.01107 от 31.10.2022 до 30.10.2025
25836,KZ.7500441.13.12.00864 от 11.08.2022 до 10.08.2025
25838,KZ.7500441.13.12.00863 от 11.08.2022 до 10.08.2025
25841,KZ.7500441.13.12.01075 от 18.10.2022 до 17.10.2025
25843,KZ.7500441.13.12.01116 от 08.11.2022 до 07.11.2025
25844,KZ.7500441.13.12.00905 от 24.08.2022 до 23.08.2025
25846,KZ.7500441.13.12.00901 от 24.08.2022 до 23.08.2025
25848,KZ.7500441.13.12.01140 от 15.11.2022 до 14.11.2025
25849,KZ.7500441.13.12.00122 от 27.07.2023 до 26.07.2026
25851,KZ.7500441.13.12.00663 от 19.05.2022 до 18.05.2025
25852,KZ.7500441.13.12.00889 от 17.08.2022 до 16.08.2025
25853,KZ.7500441.13.12.00859 от 09.08.2022 до 08.08.2025
33916,№ ЕАЭС KZ 7500986.01.01.01785
25855,KZ.7500441.13.12.00903 от 24.08.2022 до 23.08.2025
25856,KZ.7500441.13.12.00571 от 06.04.2022 до 05.04.2025
25858,KZ.7500441.13.12.00580 от 12.04.2022 до 11.04.2025
25859,KZ.7500441.13.12.00904 от 24.08.2022 до 23.08.2025
25862,KZ.7500441.13.12.01106 от 28.10.2022 до 27.10.2025
25863,KZ.7500441.13.12.01342 от 20.01.2023 до 19.01.2026
25864,KZ.7500441.13.12.01299 от 10.01.2023 до 09.01.2026
25865,KZ.7500441.13.12.01303 от 10.01.2023 до 09.01.2026
25866,KZ.7500441.13.12.01328 от 18.01.2023 до 17.01.2026
25867,KZ.7500441.13.12.01378 от 01.02.2023 до 31.01.2026
25868,KZ.7500441.13.12.01416 от 09.02.2023 до 08.02.2026
25869,KZ.7500441.13.12.00102 от 16.06.2023 до 15.06.2026
25870,KZ.7500441.13.12.00058 от 27.03.2023 до 26.03.2026
25871,KZ.7500441.13.12.01441 от 16.02.2023 до 15.02.2026
25872,KZ.7500441.24.01.01322 от 10.03.2021 до 09.03.2024
25873,KZ.7500441.13.12.00125 от 02.08.2023 до 01.08.2026
25874,KZ.7500610.13.12.00137 от 01.09.2023 до 31.08.2026
25875,KZ.7500441.24.01.01289 от 11.02.2021 до 10.02.2024
25876,KZ.7500441.13.12.01442 от 16.02.2023 до 15.02.2026
25877,KZ.7500441.13.12.00080 от 20.04.2023 до 20.04.2026
25878,KZ.7500441.13.12.01443 от 16.02.2023 до 15.02.2026
25881,KZ.7500441.24.01.01323 от 10.03.2021 до 09.03.2024
25882,KZ.7500441.13.12.00065 от 30.03.2023 до 29.03.2026
25883,KZ.7500441.13.12.01417 от 09.02.2023 до 08.02.2026
25884,KZ.7500441.13.12.01498 от 03.03.2023 до 02.03.2026
25885,KZ.7500441.13.12.00097 от 31.05.2023 до 30.05.2026
25886,KZ.7500441.13.12.01245 от 20.12.2022 до 19.12.2025
25887,KZ.7500441.13.12.00091 от 16.05.2023 до 15.05.2026
25888,KZ.7500441.13.12.00092 от 16.05.2023 до 15.05.2026
25889,KZ.7500441.13.12.00072 от 11.04.2023 до 10.04.2026
25890,KZ.7500441.13.12.00087 от 05.05.2023 до 04.05.2026
25891,KZ.7500441.13.12.00112 от 10.07.2023 до 09.07.2026
25892,KZ.7500441.13.12.00104 от 21.06.2023 до 20.06.2026
25893,KZ.7500441.13.12.01507 от 09.03.2023 до 08.03.2026
25894,KZ.7500441.13.12.01336 от 19.01.2023 до 18.01.2026
25898,KZ.7500441.13.12.00085 от 27.04.2023 до 26.04.2026
25899,KZ.7500441.13.12.01520 от 10.03.2023 до 09.03.2026
25900,KZ.7500441.24.01.01490 от 28.02.2023 до 27.02.2026
25901,KZ.7500441.13.12.00062 от 28.03.2023 до 27.03.2026
25902,KZ.7500441.24.01.01216 от 21.09.2020 до 21.09.2023
25903,KZ.7500441.13.12.00166 от 30.11.2023 до 29.11.2026
25904,KZ.7500441.13.12.01287 от 06.01.2023 до 05.01.2026
25905,KZ.7500441.13.12.01340 от 20.01.2023 до 19.01.2026
25906,KZ.7500441.13.12.00064 от 28.03.2023 до 27.03.2026
25907,KZ.7500441.24.01.01303 от 17.02.2021 до 16.02.2024
25908,KZ.7500441.13.12.00086 от 28.04.2023 до 27.04.2026
25909,KZ.7500441.13.12.01415 от 09.02.2023 до 08.02.2026
25910,KZ.7500441.13.12.00054 от 16.03.2023 до 15.03.2026
25911,KZ.7500441.24.01.01207 от 17.09.2020 до 17.09.2023
25912,KZ.7500441.13.12.00067 от 04.04.2023 до 03.04.2026
25913,KZ.7500441.24.01.01217 от 28.09.2020 до 28.09.2023
25914,KZ.7500441.13.12.01521 от 10.03.2023 до 09.03.2026
25915,KZ.7500441.13.12.01380 от 03.02.2023 до 02.02.2026
25916,KZ.7500441.13.12.01298 от 10.01.2023 до 09.01.2026
25919,KZ.7500441.24.01.01494 от 01.03.2023 до 28.02.2026
25920,KZ.7500441.13.12.00084 от 27.04.2023 до 26.04.2026
25921,KZ.7500441.13.12.00060 от 27.03.2023 до 26.03.2026
25922,KZ.7500441.24.01.01304 от 17.02.2021 до 16.02.2024
25923,KZ.7500441.13.12.00061 от 27.03.2023 до 26.03.2026
25924,KZ.7500441.13.12.01438 от 14.02.2023 до 13.02.2026
25925,KZ.7500441.13.12.00123 от 31.07.2023 до 30.07.2026
25926,KZ.7500441.13.12.00116 от 20.07.2023 до 19.07.2026
25927,KZ.7500441.24.01.01329 от 30.03.2021 до 29.03.2024
25928,KZ.7500441.13.12.01519 от 10.03.2023 до 09.03.2026
25929,KZ.7500441.24.01.01356 от 21.04.2021 до 20.04.2024
25930,KZ.7500441.13.12.01341 от 20.01.2023 до 19.01.2026
25931,KZ.7500441.13.12.00109 от 30.06.2023 до 29.06.2026
25932,KZ.7500441.13.12.00434 от 20.01.2022 до 19.01.2025
25933,KZ.7500441.13.12.01436 от 14.02.2023 до 13.02.2026
25934,KZ.7500441.13.12.00052 от 16.03.2023 до 15.03.2026
25935,KZ.7500441.13.12.01437 от 14.02.2023 до 13.02.2026
25936,KZ.7500441.13.12.00063 от 28.03.2023 до 27.03.2026
25937,KZ.7500441.13.12.00077 от 12.04.2023 до 11.04.2026
25938,KZ.7500441.13.12.00096 от 30.05.2023 до 29.05.2026
25939,KZ.7500441.13.12.00113 от 10.07.2023 до 09.07.2026
25940,KZ.7500441.13.12.00127 от 04.08.2023 до 03.08.2026
25941,KZ.7500441.24.01.00099 от 01.06.2023 до 31.05.2026
25942,KZ.7500441.13.12.00101 от 06.06.2023 до 05.06.2026
25943,KZ.7500441.24.01.01208 от 17.09.2020 до 17.09.2023
25944,KZ.7500441.13.12.00124 от 02.08.2023 до 01.08.2026
25946,KZ.7500441.13.12.00121 от 26.07.2023 до 25.07.2026
25949,KZ.7500441.13.12.00165 от 29.11.2023 до 28.11.2026
25950,KZ.7500441.24.01.01290 от 12.02.2021 до 10.02.2024
25951,KZ.7500441.24.01.01285 от 04.02.2021 до 03.02.2024
25952,KZ.7500441.24.01.01324 от 16.03.2021 до 15.03.2024
25953,KZ.7500441.24.01.01359 от 29.04.2021 до 28.04.2024
25954,KZ.7500441.13.12.00532 от 11.03.2022 до 10.03.2025
25955,KZ.7500441.13.12.00634 от 28.04.2022 до 27.04.2025
33938,№ ЕАЭС KZ 7500986.01.01.05224
25956,KZ.7500441.13.12.00129 от 08.08.2023 до 07.08.2026
25957,KZ.7500441.24.01.01368 от 26.05.2021 до 25.05.2024
25958,KZ.7500441.13.12.00071 от 11.04.2023 до 10.04.2026
25959,KZ.7500441.13.12.00120 от 26.07.2023 до 25.07.2026
25960,KZ.7500441.13.12.00118 от 26.07.2023 до 25.07.2026
25961,KZ.7500441.13.12.00117 от 24.07.2023 до 23.07.2026
25962,KZ.7500441.13.12.00111 от 04.07.2023 до 03.07.2026
25963,KZ.7500441.13.12.00110 от 30.06.2023 до 29.06.2026
25964,KZ.7500441.13.12.00095 от 30.05.2023 до 29.05.2026
25965,KZ.7500441.13.12.00093 от 23.05.2023 до 22.05.2026
25966,KZ.7500441.13.12.00088 от 12.05.2023 до 11.05.2026
25967,KZ.7500441.13.12.00083 от 26.04.2023 до 25.04.2026
25968,KZ.7500441.13.12.00079 от 17.04.2023 до 17.04.2026
25969,KZ.7500441.13.12.00068 от 10.04.2023 до 09.04.2026
25970,KZ.7500441.13.12.00069 от 10.04.2023 до 09.04.2026
25971,KZ.7500441.13.12.00059 от 27.03.2023 до 26.03.2026
25972,KZ.7500441.13.12.00057 от 24.03.2023 до 23.03.2026
25973,KZ.7500441.24.01.01497 от 01.03.2023 до 28.02.2026
25974,KZ.7500441.24.01.01461 от 20.02.2023 до 19.02.2026
25975,KZ.7500441.13.12.01435 от 14.02.2023 до 13.02.2026
25976,KZ.7500441.13.12.01434 от 14.02.2023 до 13.02.2026
25977,KZ.7500441.13.12.01396 от 08.02.2023 до 07.02.2026
25978,"KZ.7500441.13.12.01382
от 03.02.2023 до 02.02.2026"
25979,"KZ.7500441.13.12.01381
от 03.02.2023 до 02.02.2026"
25980,KZ.7500441.13.12.01315 от 16.01.2023 до 15.01.2026
25981,KZ.7500441.13.12.01197 от 02.12.2022 до 01.12.2025
25982,KZ.7500441.13.12.01142 от 16.11.2022 до 15.11.2025
25983,KZ.7500441.13.12.01143 от 16.11.2022 до 15.11.2025
25984,KZ.7500441.13.12.01144 от 16.11.2022 до 15.11.2025
25985,KZ.7500441.13.12.01133 от 10.11.2022 до 09.11.2025
25986,KZ.7500441.13.12.01099 от 28.10.2022 до 27.10.2025
25987,KZ.7500441.13.12.01097 от 27.10.2022 до 26.10.2025
25988,KZ.7500441.13.12.01098 от 27.10.2022 до 26.10.2025
25989,KZ.7500441.13.12.01091 от 27.10.2022 до 26.10.2025
25990,KZ.7500441.13.12.01054 от 11.10.2022 до 10.10.2025
25991,KZ.7500441.13.12.00039 от 30.09.2022 до 29.09.2025
25992,KZ.7500441.13.12.01005 от 22.09.2022 до 21.09.2025
25993,KZ.7500441.13.12.00888 от 17.08.2022 до 16.08.2025
25994,KZ.7500441.13.12.00887 от 17.08.2022 до 16.08.2025
25995,KZ.7500441.13.12.00780 от 13.07.2022 до 12.07.2025
25996,KZ.7500441.13.12.00757 от 27.06.2022 до 26.06.2025
25997,KZ.7500441.13.12.00742 от 17.06.2022 до 16.06.2025
25998,KZ.7500441.13.12.00741 от 16.06.2022 до 15.06.2025
25999,KZ.7500441.13.12.00695 от 30.05.2022 до 29.05.2025
26000,KZ.7500441.13.12.00678 от 24.05.2022 до 23.05.2025
26001,KZ.7500441.13.12.00679 от 24.05.2022 до 23.05.2025
26002,KZ.7500441.13.12.00642 от 29.04.2022 до 28.04.2025
26003,KZ.7500441.13.12.00641 от 29.04.2022 до 28.04.2025
26004,KZ.7500441.13.12.00595 от 14.04.2022 до 13.04.2025
26005,KZ.7500441.13.12.00569 от 06.04.2022 до 05.04.2025
26006,KZ.7500441.13.12.00570 от 06.04.2022 до 05.04.2025
26007,KZ.7500441.13.12.00531 от 11.03.2022 до 10.03.2025
26008,"KZ.7500441.13.12.00503
от 21.02.2022 до 16.02.2025"
26009,"KZ.7500441.13.12.00486
от 16.02.2022 до 15.02.2025"
26010,"KZ.7500441.13.12.00478
от 10.02.2022 до 09.02.2025"
26011,"KZ.7500441.13.12.00477
от 09.02.2022 до 08.02.2025"
26012,"KZ.7500441.13.12.00476
от 08.02.2022 до 07.02.2025"
26013,KZ.7500441.13.12.00465 от 28.01.2022 до 27.01.2025
26014,KZ.7500441.13.12.00464 от 28.01.2022 до 27.01.2025
26015,KZ.7500441.13.12.00458 от 27.01.2022 до 26.01.2025
26016,KZ.7500441.13.12.00452 от 21.01.2022 до 20.01.2025
26017,KZ.7500441.13.12.00453 от 21.01.2022 до 20.01.2025
26018,KZ.7500441.13.12.00361 от 08.12.2021 до 07.12.2024
26019,KZ.7500441.13.12.00295 от 18.11.2021 до 17.11.2024
26020,KZ.7500441.13.12.00263 от 28.10.2021 до 27.10.2024
26021,KZ.7500441.13.12.00255 от 22.10.2021 до 21.10.2024
26022,KZ.7500441.13.12.00201 от 30.09.2021 до 29.09.2024
26023,KZ.7500441.13.12.00202 от 30.09.2021 до 29.09.2024
26024,KZ.7500441.13.12.00097 от 20.08.2021 до 19.08.2024
26025,KZ.7500441.13.12.00096 от 20.08.2021 до 19.08.2024
26026,KZ.7500441.13.12.00187 от 21.09.2021 до 20.09.2024
26027,KZ.7500441.13.12.00077 от 06.08.2021 до 05.08.2024
26028,ЕАЭС N KZ Д-KZ.0441.В.00028 от 14.07.2021 до 13.07.2024
26029,ЕАЭС N KZ Д-KZ.0441.В.00013 от 09.07.2021 до 08.07.2024
26030,KZ.7500441.13.12.01382 от 25.06.2021 до 24.06.2024
26031,KZ.7500441.13.12.01383 от 25.06.2021 до 24.06.2024
26032,KZ.7500441.13.12.01379 от 24.06.2021 до 23.06.2024
26033,KZ.7500441.13.12.01375 от 18.06.2021 до 17.06.2024
26034,KZ.7500441.13.12.01374 от 18.06.2021 до 17.06.2024
26035,KZ.7500441.13.12.00098 от 01.06.2023 до 31.05.2026
26045,№ ЕАЭС KZ 7500986.01.01.08422 от 06.11.2023 по 06.11.2024
26051,№ ЕАЭС KZ 7500986.01.01.08423 от 06.11.2023 по 06.11.2024
26053,№ ЕАЭС KZ 7500986.01.01.08425 от 06.11.2023 по 06.11.2024
26056,№ ЕАЭС KZ 7500986.01.01.08426 от 06.11.2023 по 06.11.2024
26064,№ ЕАЭС KZ 7500986.01.01.08424 от 06.11.2023 по 06.11.2024
26135,"Сертификат соответствия KZ.2710317.05.01.01636
от 01.02.2024г. до 01.02.2025г."
26137,"Сертификат соответствия KZ.2710317.05.01.01635
от 01.02.2024г. до 01.02.2025г."
26174,"ЕАЭС KZ 7100841.13.12.03164,  22.09.2023- 21.09.2024"
26181,"ЕАЭС KZ 7100841.01.01.02474, 22.09.2023- 21.09.2024"
26182,"ЕАЭС KZ 7100841.01.01.02475, 22.09.2023- 21.09.2024"
26184,"ЕАЭС KZ 7100841.01.01.02476, 22.09.2023- 21.09.2024"
26186,"ЕАЭС KZ 7100841.13.12.03165, 22.09.2023- 21.09.2024"
26205,"ЕАЭС KZ 7100841.01.01.02477, 22.09.2023- 21.09.2024"
26253,"ЕАЭС KZ 7100841.13.12.03166, 22.09.2023- 21.09.2024"
26255,"ЕАЭС KZ 7100841.01.01.02478, 22.09.2023- 21.09.2024"
26263,Письмо НАЦЕКС исх. №СИО-05-10/2090 от 28.09.2023 г.
26271,ЕАЭС KZ 7100841.01.01.02612  от 26.10.2023 г. до 25.10.2024 г.
26331,"ЕАЭС KZ.7500986.21.01.20228
от 26.03.2021 г. 
Не установлен"
26333,Письмо НАЦЕКС исх. №СИО-05-10/1098 от 24.05.2023 г.
26334,Письмо НАЦЕКС исх. №СИО-05-10/1007 от 16.05.2023 г.
26359,Письмо НАЦЭКС исх №89 от 17.01.2019 г
26407,Письмо НАЦЕКС №СИО -05-10/2281 от 19.10.2023
26409,Письмо НАЦЕКС № СИО-05-10/2204 от 27.11.2020
26709,KZ 7100628.01.01.00051  с 29.04.2023 г. по 29.04.2024 г.
26711,"KZ 5510317.13.12.01915 дата выдачи 31.01.2024г., дата окончания 31.01.2025г"
26712,"KZ 5510317.13.12.01916 дата выдачи 31.01.2024г., дата окончания 31.01.2025г"
26713,"KZ 5510317.01.01.00625 дата выдачи 13.02.2024г., дата окончания 13.02.2025г"
26719,"KZ 5510317.13.12.01914 дата выдачи 31.01.2024г., дата окончания 31.01.2025г"
26727,"KZ 5510317.13.12.01918 дата выдачи 31.01.2024г., дата окончания 31.01.2025г"
26728,"KZ 7100841.13.12.03875 дата выдачи 07.02.2024г., дата окончания 07.02.2025г"
26737,"KZ 5510317.13.12.01919 дата выдачи 31.01.2024г., дата окончания 31.01.2025г"
26743,"KZ 5510317.01.01.00627 дата выдачи 13.02.2024г., дата окончания 13.02.2025г"
26747,"KZ 5510317.01.01.00626 дата выдачи 13.02.2024г., дата окончания 13.02.2025г"
26766,Сертификат соответствия № ЕАЭС KZ.7500986.01.01.09044 от 25.12.2023г действителен по 23.12.2024г
26775,Декларация соответствия № ЕАЭС 7100841.13.12.03684 от 27.12.2023г. действительна до 26.12.2026г.
26827,"Декларация о соответствии Евразийского экономического союза о соответствии товара требованиям Технического регламента Таможенного союза ТР ТС 007/2011 «О безопасности продукции, предназначенной для детей и подростков» от 18.07.2019 года ЕАЭС №RU Д-KZ.ПФ02.В.05641/19 (действует до 17.07.2023 года)"
26830,"СЕРТИФИКАТ СООТВЕТСТВИЯ №ЕАЭС КZ 7500986 01.01.03214 от 02/11.2022 до 02.11.2023. 
ТР ТС 017/2011 «О безопасности продукции легкой промышленности» утвержденного решением Комиссии Таможенного союза от 9 декабря 2011 г. №876;"
26832,"СЕРТИФИКАТ СООТВЕТСТВИЯ №ЕАЭС КZ 7500986 01.01.03215 от 02/11.2022 до 02.11.2023.
ГОСТ 25296-2003 Изделия швейные бельевые.ОТУ."
26833,"СЕРТИФИКАТ СООТВЕТСТВИЯ №ЕАЭC KZ 7500986  01.01.03216 от 02/11.2022 до 02.11.2023. 
ГОСТ 31405-2009 Изделия трикотажные бельевые для женщин и девочек. ОТУ"
26834,"СЕРТИФИКАТ СООТВЕТСТВИЯ  №ЕАЭС КZ 7500986  01.01.03217 от 02/11.2022 до 02.11.2023.
ГОСТ 29097- 2015 Изделия корсетные.ОТУ"
26835,СЕРТИФИКАТ СООТВЕТСТВИЯ  №ЕАЭС КZ 7500986 01.01.03218 от 02/11.2022 до 02.11.2023.
26836,СЕРТИФИКАТ СООТВЕТСТВИЯ №ЕАЭС КZ 7500986 01.01.03219 от 02/11.2022 до 02.11.2023.
26837,"СЕРТИФИКАТ СООТВЕТСТВИЯ №ЕАЭС КZ 7500986 01.01.03220 от 02/11.2022 до 02.11.2023. 
ГОСТ 31408-2009 Изделия трикотажные бельевые для мужчин и мальчиков. ОТУ."
26838,СЕРТИФИКАТ СООТВЕТСТВИЯ №ЕАЭС КZ 7500986 01.01.03221 от 02/11.2022 до 02.11.2023.
26839,"СЕРТИФИКАТ СООТВЕТСТВИЯ №ЕАЭС КZ 7500986 01.01.03222 от 02/11.2022 до 02.11.2023.
ТР ТС 007/2011 «О безопасности продукции предназначенной для детей и подростков» утвержденного решением Комиссии Таможенного союза от 2023 сентября 2011 г. &797;"
26840,СЕРТИФИКАТ СООТВЕТСТВИЯ №ЕАЭС КZ 7500986 01.01.03223 от 02/11.2022 до 02.11.2023.
26841,"ДЕКЛАРАЦИЯ СООТВЕТСТВИЯ №ЕАЭС KZ 7500986/13/12/03665 от 02/11.2022 до 02.11.2023 
ГОСТ 31293-2005 Одежда из кожн. ОТУ."
26842,ДЕКЛАРАЦИЯ СООТВЕТСТВИЯ №ЕАЭС KZ 7500986/13/12/03666 от 02/11.2022 до 02.11.2023
26843,"ДЕКЛАРАЦИЯ СООТВЕТСТВИЯ № ЕАЭС KZ 7500986/13/12/03667 от 02/11.2022 до 02.11.2023
ГОСТ 31409-2009 Изделия трикотажные верхние для женщин и девочек. ОТУ."
26844,ДЕКЛАРАЦИЯ СООТВЕТСТВИЯ № ЕАЭС KZ 7500986/13/12/03668 от 02/11.2022 до 02.11.2023
26845,"ДЕКЛАРАЦИЯ СООТВЕТСТВИЯ № ЕАЭС KZ 7500986/13/12/03669 от 02/11.2022 до 02.11.2023
ГОСТ 25295-2003 Одежда верхняя пальтово- костюмного ассортимента.ОТУ."
26846,ДЕКЛАРАЦИЯ СООТВЕТСТВИЯ № ЕАЭС KZ 7500986/13/12/03670 от 02/11.2022 до 02.11.2023
26847,ДЕКЛАРАЦИЯ СООТВЕТСТВИЯ № ЕАЭС KZ 7500986/13/12/03671 от 02/11.2022 до 02.11.2023
26848,"ДЕКЛАРАЦИЯ СООТВЕТСТВИЯ № ЕАЭС KZ 7500986/13/12/03672  от 02/11.2022 до 02.11.2023
ГОСТ 25294-2003 Одежда верхняя платьево-блузочного ассортимента.ОТУ"
26849,ДЕКЛАРАЦИЯ СООТВЕТСТВИЯ № ЕАЭС KZ 7500986/13/12/03673 от 02/11.2022 до 02.11.2023
33945,№ ЕАЭС KZ 7500986.01.01.08279
26850,"ДЕКЛАРАЦИЯ СООТВЕТСТВИЯ № ЕАЭС KZ 7500986/13/12/03674 от 02/11.2022 до 02.11.2023
ГОСТ 25294-2004 Одежда верхняя платьево-блузочного ассортимента. ОТУ."
26851,"ДЕКЛАРАЦИЯ СООТВЕТСТВИЯ № ЕАЭС KZ 7500986/13/12/03675 от 02/11.2022 до 02.11.2023
ГОСТ 30327-2013 Сорочки верхние. Общие технические условия"
26852,"ДЕКЛАРАЦИЯ СООТВЕТСТВИЯ № ЕАЭС KZ 7500986/13/12/03676 от 02/11.2022 до 02.11.2023
ГОСТ 31409-2009 Изделия трикотажные верхние для женщин и девочек.ОТУ"
26853,ДЕКЛАРАЦИЯ СООТВЕТСТВИЯ № ЕАЭС KZ 7500986/13/12/03677 от 02/11.2022 до 02.11.2023
26854,ДЕКЛАРАЦИЯ СООТВЕТСТВИЯ № ЕАЭС KZ 7500986/13/12/03678 от 02/11.2022 до 02.11.2023
26855,ДЕКЛАРАЦИЯ СООТВЕТСТВИЯ № ЕАЭС KZ 7500986/13/12/03679 от 02/11.2022 до 02.11.2023
26856,"ДЕКЛАРАЦИЯ СООТВЕТСТВИЯ № ЕАЭС KZ 7500986/13/12/03680 от 02/11.2022 до 02.11.2023
ГОСТ 23627-89 Изделия текстильно-галантерийные тканые, плетеные, витые и вязаные, метражные и штучные."
26857,"ДЕКЛАРАЦИЯ СООТВЕТСТВИЯ № ЕАЭС KZ 7500986/13/12/03682 от 02/11.2022 до 02.11.2023
ГОСТ 12.4.280-2014 Система стандартов безопасности труда, Одежда специальная для защиты от общих производственных загрязнений и механических воздействий. Общие технические требования 
СТБ 1387-2003 Система стандартов безопасности труда. Одежда производственная и специальная. Общие технические условия"
26858,"ДЕКЛАРАЦИЯ СООТВЕТСТВИЯ № ЕАЭС KZ 7500986/13/12/03681 от 02/11.2022 до 02.11.2023
ГОСТ 32118-2013 Головные уборы. ОТУ"
26892,Декларация ЕАЭС KZ 7500651.13.12.17939от15.02.2024г до 14.02.2029
26903,ЕАЭС KZ 7500985.13.12.02324 от 09.06.2022 г.
26904,ЕАЭС KZ 7500985.13.12.02325 от 09.06.2022 г.
26958,ЕАЭС KZ 7500985.13.12.04393 от 09.06.2023 г.
26959,ЕАЭС KZ 7500985.13.12.04392 от 09.06.2023 г.
26984,KZ.3510317.01.01.00881 01.06.2022 – 01.06.2023
26985,ЕАЭС KZ 3510317.01.01.00416 16.09.2022 – 16.09.2023
26986,ЕАЭС KZ 3510317.01.01.00363 22.08.2022 – 22.08.2023
26987,KZ 3510317.01.01.01086   20.07.2022 – 20.07.2023
26988,"ЕАЭС KZ 3510317.13.12.01774
31.01.2023-31.01.2024"
26991,ЕАЭС KZ 7500986.13.12.08763 От 14.09.2023 до 14.09.2024
27010,"Сертификаты соответствия №ЕАЭС KZ75000937.01.01.00826, срок действия 18.01.2024 по 17.01.2025 включительно"
27023,"ЕАЭС KZ 7500651.01.01.06645
от 19.09.2023г
до 18.09.2028г"
27025,"ЕАЭС KZ 7500651.01.01.06642
от 19.09.2023г
до 18.09.2028г"
27027,"ЕАЭС KZ 7500651.01.01.06643
от 19.09.2023г
до 18.09.2028г"
27030,"ЕАЭС KZ 7500651.01.01.06646
от 19.09.2023г
до 18.09.2028г"
27031,"ЕАЭС KZ 7500651.13.12.14845
от 18.09.2023
до 18.09.2026"
27032,"ЕАЭС KZ 7500651.13.12.14852
от 18.09.2023
до 18.09.2026"
27033,"ЕАЭС KZ 7500651.13.12.14913
от 18.09.2023
до 19.09.2028"
27034,"ЕАЭС KZ 7500651.01.01.06641
от 19.09.2023
до 18.09.2028"
27036,"ЕАЭС KZ 7500651.01.01.06651
от 19.09.2023
до 18.09.2026"
27037,"ЕАЭС KZ 7500651.13.12.14843
от 18.09.2023
до 18.09.2024"
27040,"ЕАЭС KZ 7500651.13.12.14859
от 18.09.2023
до 18.09.2026"
27041,"ЕАЭС KZ 7500651.13.12.14860
от 18.09.2023
до 18.09.2026"
27042,"ЕАЭС KZ 7500651.01.01.06644
от 19.09.2023г
до 18.09.2028г"
27045,"ЕАЭС KZ 7500651.13.12.14839
от 18.09.2023
до 17.09.2028"
27046,"ЕАЭС KZ 7500651.01.01.06647
от 19.09.2023г
до 18.09.2028г"
27047,"KZ 7500651.01.01.02018
от 19.09.2023г
до 19.09.2024г"
27048,"ЕАЭС KZ 7500651.13.12.14842
от 18.09.2023г
до 18.09.2026г"
27049,"ЕАЭС KZ 7500651.13.12.14844
от 18.09.2023г
до 18.09.2026г"
27050,"ЕАЭС KZ 7500651.01.01.06649
от 19.09.2023г
до 19.09.2028г"
27051,"KZ 7500651.01.01.02014
от 19.09.2023г
до 19.09.2024г"
27053,"ЕАЭС KZ 7500651.01.01.06650
от 19.09.2023г
до 18.09.2028г"
27054,"ЕАЭС KZ 7500651.13.12.14858
от 18.09.2023г
до 18.09.2026г"
27055,"KZ 7500651.01.01.02015
от 19.09.2023г
до 19.09.2024г"
27056,"ЕАЭС KZ 7500651.13.12.14863
от 18.09.2023г
до 18.09.2026г"
27057,"ЕАЭС KZ 7500651.13.12.14861
от 18.09.2023г
до 18.09.2026г"
27059,"ЕАЭС KZ 7500651.13.12.14861
ЕАЭС KZ 7500651.13.12.14862
от 18.09.2023г
до 17.09.2028г"
27060,"ЕАЭС KZ 7500651.13.12.14862
от 18.09.2023г
до 17.09.2028г"
27062,"ЕАЭС KZ 7500651.01.01.06652
от 19.09.2023г
до 18.09.2028г"
27063,"ЕАЭС KZ 7500651.01.01.06653
от 19.09.2023г
до 18.09.2028г"
27064,"KZ 7500651.01.01.02017
от 19.09.2023г
до 19.09.2024г"
27065,"ЕАЭС KZ 7500651.01.01.06648
от 19.09.2023г
до 18.09.2028г"
27067,"KZ 7500651.01.01.02019
от 19.09.2023г
до 19.09.2024г"
27087,KZ.7500937.01.01.00004 от 28.07.2021 г. до 22.07.2024 г.
27113,KZ.7500937.01.01.00002 от 28.07.2021 г. до 22.07.2024 г.
27117,"KZ.7500937.01.01.00003 "" 22 "" июля 20 24 г"
27118,KZ.7500937.01.01.00003 от 28.07.2021 г. до 22.07.2024 г.
27123,ЕАЭС KZ.7100841.01.01.00521 от 11.10.2022 г. до 11.10.25 г.
27125,KZ.7100841.01.01.00245 от 11.10.2022 г. до 22.07.2024 г.
27127,KZ.7100841.01.01.01135 от 07.04.2023 г. до 07.04.24 г.
27129,KZ.7100841.01.01.01141 от 10.04.2023 г. до 10.04.24 г.
27131,KZ.7100841.01.01.01134 от 07.04.2023 г. до 07.04.24 г.
27132,ЕАЭС KZ.7100841.01.01.01511 от 10.04.2023 г. до 09.04.2028 г.
27149,KZ.7500551.01.01.01582 от 08.09.2023г. до 08.09.2024г.
27163,Сертификат № ЕАЭС  KZ 3510396.01.01.00271. Срок действия с 03.05.2023 г.по 03.05.2026 г.
27164,Сертификат № ЕАЭС KZ 3510396.01.01.00272. Срок действия с 03.05.2023 г. по 06.05.2026 г.
27165,Сертификат № ЕАЭС KZ 3510396.01.01.00273. Срок действия с 03.05.2023 г. по 03.05.2026 г.
27167,Сертификат № ЕАЭС KZ 3510396.01.01.00274. Срок действия с 03.05.2023 г. по 03.05.2026 г.
27168,Сертификат № ЕАЭС KZ 3510396.01.01.00288. Срок действия с 16.06.2023 г. по 03.05.2026 г.
27169,Сертификат № ЕАЭС KZ 3510396.01.01.00276. Срок действия с 03.05.2023 г. по 06.05.2026 г.
27170,Сертификат № ЕАЭС KZ 3510396.01.01.00277. Срок действия с 03.05.2023 г.по 03.05.2026 г.
27172,Декларация ЕАЭС  KZ 3510396.13.12.00273 Срок действия с 03.05.2023 г. по 03.05.2026 г.
27176,Декларация ЕАЭС KZ 3510396.13.12.00271 Срок действия с 03.05.2023 г. по 03.05.2026 г.
27178,Декларация ЕАЭС KZ 3510396.13.12.00270 Срок действия с 03.05.2023 г. по 03.05.2026 г.
27180,Декларация ЕАЭС  KZ 3510396.13.12.00268 Срок действия с 03.05.2023 г. по 03.05.2026 г.
27181,Декларация ЕАЭС KZ 3510396.13.12.00267 Срок действия с 03.05.2023 г. по 03.05.2026 г.
27182,Декларация ЕАЭС KZ 3510396.13.12.00266 Срок дейстаия с 03.05.2023г. по 03.05.2026г.
27183,Декларация ЕАЭС KZ 3510396.13.12.00264 Срок действия с 03.05.2023 г. по 03.05.2026 г.
27184,Декларация ЕАЭС KZ 3510396.13.12.00265 Срок действия с 03.05.2023 г. по 03.05.2026 г.
27185,Декларация ЕАЭС KZ 3510396.13.12.00269 Срок действия с 03.05.2023 г. по 03.05.2026 г.
27187,№ KZ.7100841.01.01.00748 от 26.12.2022г. до 26.12.2023г.
27188,№ KZ.7100841.01.01.00747 от 26.12.2022 до 26.12.2023г.
27189,№ KZ.7100841.01.01.00756 от 26.12.2022 до 26.12.2023г.
27190,№ KZ.7100841.01.01.00755  от 26.12.2022 до 26.12.2023г.
27191,№ KZ.7100841.01.01.00754  от 26.12.2022 до 26.12.2023г.
27192,№ KZ.7100841.01.01.00757  от 26.12.2022 до 26.12.2023г.
27193,№ KZ.7100841.01.01.00435  от 09.11.2022 до 09.11.2023
27194,№ KZ.7100841.01.01.00436  от 09.11.2022 до 09.11.2023г.
27195,"KZ.7100841.01.01.01975
от 17.08.2023 до
16.08.2024"
27258,"KZ. 3510396.01.01.00321
14.09.2023-14.09.2026"
27259,KZ. 3510396.13.12.00324 14.09.2023-14.09.2026
27261,KZ. 3510396.01.01.00319 14.09.2023-14.09.2026
27265,"KZ. 3510396.01.01.00320
14.09.2023-14.09.2026"
27267,"KZ. 3510396.13.12.00128
24.05.2022-24.05.2025."
27269,"KZ. 3510396.13.12.00131
27.05.2022-27.05.2025"
27270,"KZ. 3510396.13.12.00130
27.05.2022-27.05.2025"
27271,"KZ. 3510396.01.01.00099 
30.05.2022-30.05.2025"
27272,"KZ. 3510396.01.01.00098
30.05.2022-30.05.2025"
27273,"KZ. 3510396.13.12.00126
23.05.2022-22.05.2027"
27274,"KZ. 3510396.13.12.00129
27.05.2022-26.05.2027"
27275,KZ. 3510396.01.01.00097 30.05.2022-30.05.2025
27276,KZ. 3510396.01.01.00248 24.01.2023-12.09.2025
27282,"KZ. 3510396.01.01.00165
12.09.2022-12.09.2025"
27292,"KZ. 3510396.01.01.00164
12.09.2022-12.09.2025"
27296,"KZ. 3510396.01.01.00178
16.09.2022-16.09.2025"
27298,"KZ. 3510396.13.12.00198
12.09.2022-12.09.2025"
27299,"KZ. 3510396.01.01.00342 
22.11.2023-22.11.2026"
27301,"KZ. 3910317.01.01.00019
21.09.2021-21.09.2024"
27303,"Договор о государственных закупках работ, не связанных со строительством №222 2021-11-09"
27304,"Договор о государственных закупках работ, не связанных со строительством №ЦП/22-269 2022-11-25"
27306,"Сертификат соответствия, зарегистрирован от ""27"" октября 2023 г., №KZ.7500317.01.01.01867, действителен до ""27"" октября 2024 г."
27307,"Сертификат соответствия от ""27"" октября 2023 г., №KZ.7500317.01.01.01868, действителен до ""27"" октября 2024 г."
27369,"№ ЕАЭС KZ 7500361.01.01.01620 
от 05.04.2022  
до 20.01.2027"
27370,"№ ЕАЭС KZ 7500361.01.01.01942 
от 24.05.2022 
до 20.01.2027"
27371,"№ KZ.7700.02.01.01035687 от 04.10.2023г., бессрочно"
27372,"№ KZ.7700.02.01.01035671 от 04.10.2023г., бессрочно"
27373,"№ KZ.7700.02.01.00999886 от 27.06.2023г., бессрочно"
27374,"№ KZ.7700.02.01.00930268 от 15.12.2022г., бессрочно"
27375,"№ KZ.7700.02.01.00931786 от 20.12.2022г., бессрочно"
27376,"№ KZ.7700.02.01.00895145 от 14.09.2022г., бессрочно"
27377,"№ KZ.7700.02.01.01073902 от 04.01.2024г., бессрочно"
27378,"№ KZ.7700.02.01.00984183 от 19.05.2023г., бессрочно"
27379,"TC RU E-KZ.MP03.00459.P1, от 10.09.2018г., на партию"
27380,"№ KZ.7700.02.01.00831553 от 09.03.2022г., бессрочно"
27529,ЕАЭС KZ 7100841.01.01.02717 от 15.11.2023 до 14.11.2026 г.
27539,"№ ЕАЭС KZ 3510317.01.01.00717 от 15.06.2023 г.,  до 14.06.2025 г."
27541,Сертификат соответствия № ЕАЭС KZ 7100937.01.01.00177 от 27.02.2024г. действителен до 27.02.2027г.
27546,"№ ЕАЭС KZ7100841.01.01.02492,"
27558,KZ 7500361.01.01.03920
27560,KZ 7500361.01.01.03919
27566,KZ 7500361.01.01.03940
27570,KZ 7500361.01.01.03922
27572,KZ 7500361.01.01.03914
27576,KZ 7500361.01.01.03935
27578,KZ 7500361.01.01.03923
27581,KZ 7500361.01.01.03926
27584,KZ 7500361.01.01.03918
27586,"Декларация о соответствии № ЕАЭС KZ 7500361.13.12.16531,"
27587,Декларация соответствия ЕАЭС KZ7500651.13.12.17474  KZ.Т.02.0650); KZ7500651.13.12.17474  KZ.Т.02.0650);
27588,"Декларация соответствия ЕАЭС KZ7500651.13.12.17474 19.01.2024 г. 
KZ.Т.02.0650);
Декларация соответствия ЕАЭС KZ7500651.13.12.17474 
протокол испытания No 019/180124/22-No019/180124/23 от 18/01/2024г., испытательного центра ТОО ""Текс"" ( аттестат: KZ.Т.02.0650); Схема декларирования 1д ."
27589,"Декларация соответствия ЕАЭС KZ7500651.13.12.17473 19.01.2024 г. по 18.01.2029 года
протокол испытания No 019/180124/24-No019/180124/25 от 18/01/2024г., испытательного центра ТОО ""Текс"" ( аттестат: KZ.Т.02.0650); Схема декларирования 1д ."
27590,"Декларация соответствия ЕАЭС KZ7500651.13.12.17473 
протокол испытания No 019/180124/24-No019/180124/25   ( аттестат: KZ.Т.02.0650);"
27591,"Декларация соответствия ЕАЭС KZ7500651.13.12.17469 
No 017/180124/3-No017/180124/5  ( аттестат: KZ.Т.02.0650);"
27592,"Декларация соответствия ЕАЭС KZ7500651.13.12.17469 19.01.2024 г. по 19.01.2027 года
протокол испытания No 017/180124/3-No017/180124/5 от 18/01/2024г., испытательного центра ТОО ""Текс"" ( аттестат: KZ.Т.02.0650); Схема декларирования 1д ."
27594,"Декларация соответствия ЕАЭС KZ7500651.13.12.17470 19.01.2024 г. по 19.01.2027 года
протокол испытания No 017/180124/6-No017/180124/8 от 18/01/2024г., испытательного центра ТОО ""Текс"" ( аттестат: KZ.Т.02.0650); Схема декларирования 1д ."
27596,"Декларация соответствия ЕАЭС KZ7500651.13.12.17471 19.01.2024 г. по 19.01.2027года
протокол испытания No 017/180124/9-No017/180124/11 от 18/01/2024г., испытательного центра ТОО ""Текс"" ( аттестат: KZ.Т.02.0650); Схема декларирования 1д ."
27600,"Сертификат  соответствия ЕАЭС KZ7500651.01.01.07732 19.01.2024 г. по 19.01.2027 года
протокол испытания No 017/180124/30 от 18/01/2024г., испытательного центра ТОО ""Текс"" ( аттестат: KZ.Т.02.0650); Схема декларирования 1с ."
27601,"Сертификат  соответствия ЕАЭС KZ7500651.01.01.07733
19.01.2024 г. по 19.01.2027 года
протокол испытания No 017/180124/31 от 18/01/2024г., испытательного центра ТОО ""Текс"" ( аттестат: KZ.Т.02.0650); Схема декларирования 1с ."
27602,"Декларация соответствия ЕАЭС KZ7500651.13.12.17476 19.01.2024 г. по 19.01.2027 года
протокол испытания No 017/180124/12 от 18/01/2024г., испытательного центра ТОО ""Текс"" ( аттестат: KZ.Т.02.0650); Схема декларирования 1д ."
27603,"Декларация соответствия ЕАЭС KZ7500651.13.12.17475 19.01.2024 г. по 19.01.2027 года
протокол испытания No 017/180124/13 от 18/01/2024г., испытательного центра ТОО ""Текс"" ( аттестат: KZ.Т.02.0650); Схема декларирования 1д ."
27604,"Сертификат  соответствия ЕАЭС KZ7500651.01.01.07734
19.01.2024 г. по 18.01.2029 года
протокол испытания No No019/180124/28-No019/180124/29 испытательного центра ТОО ""Текс"" ( аттестат: KZ.Т.02.0650); Схема декларирования 1с ."
27606,"Декларация соответствия ЕАЭС KZ7500651.13.12.17477 19.01.2024 г. по 19.01.2027 года
протокол испытания No 017/180124/14 от 18/01/2024г., испытательного центра ТОО ""Текс"" ( аттестат: KZ.Т.02.0650); Схема декларирования 3д ."
27608,"Декларация соответствия ЕАЭС KZ7500651.13.12.17478 19.01.2024 г. по 19.01.2027 года
протокол испытания No 017/180124/15 от 18/01/2024г., испытательного центра ТОО ""Текс"" ( аттестат: KZ.Т.02.0650); Схема декларирования 3д ."
27610,"Декларация соответствия ЕАЭС KZ7500651.13.12.17479 19.01.2024 г. по 19.01.2027 года
протокол испытания No 017/180124/16 от 18/01/2024г., испытательного центра ТОО ""Текс"" ( аттестат: KZ.Т.02.0650); Схема декларирования 3д ."
27611,"Декларация соответствия ЕАЭС KZ7500651.13.12.17480 19.01.2024 г. по 19.01.2027 года
протокол испытания No 017/180124/17 от 18/01/2024г., испытательного центра ТОО ""Текс"" ( аттестат: KZ.Т.02.0650); Схема декларирования 3д ."
27612,"Декларация соответствия ЕАЭС KZ7500651.13.12.17481  No 017/180124/18, No 017/180124/19 ТОО ""Текс"" ( аттестат: KZ.Т.02.0650);"
27613,"Декларация соответствия ЕАЭС KZ7500651.13.12.17481  No 017/180124/18, No 017/180124/19  KZ.Т.02.0650); ."
27614,"Декларация соответствия ЕАЭС KZ7500651.13.12.17481  No 017/180124/18, No 017/180124/19  : KZ.Т.02.0650); ."
27615,Декларация соответствия ЕАЭС KZ7500651.13.12.17482 No 019/180124/26 : KZ.Т.02.0650); .
27616,"Декларация соответствия ЕАЭС KZ7500651.13.12.17483 
протокол испытания No 019/180124/27  KZ.Т.02.0650);  ."
27617,"Декларация соответствия ЕАЭС KZ7500651.13.12.17489 No 017/180124/20, KZ.Т.02.0650);"
27618,"Декларация соответствия ЕАЭС KZ7500651.13.12.17484 No 017/180124/21,"
27619,"Декларация соответствия ЕАЭС KZ7500651.13.12.17485
 No 017/180124/35,: KZ.Т.02.0650); ."
27620,"Сертификат  соответствия ЕАЭС KZ7500651.01.01.07735
19.01.2024 г. по 18.01.2029 года
протокол испытания No No017/180124/32- от 18/01/2024 г., испытательного центра ТОО ""Текс"" ( аттестат: KZ.Т.02.0650); Схема декларирования 1с ."
27645,KZ10317.13.12.01114
27656,Письмо №255-ОПС от 24.01.2024г.
27659,Письмо №2502/2022 от 15.11.2022г.
27670,"Декларация о соответствии  
 ЕАЭС KZ 7100841.13.12.02703
от 13.07.2023г. по 13.01.2024г."
27671,"Декларация о соответствии  
№ ЕАЭС KZ 7100841.13.12.02704 от 13.07.2023 г. по 13.01.2024г."
27672,"Декларация о соответствии  
№ ЕАЭС KZ 7100841.13.12.02705 от 13.07.2023г. по 13.01.2024г."
27673,Декларация о соответствии № ЕАЭС KZ 7100841.13.12.02707 от 13.07.2023г. – срок не установлен
27674,"Декларация о соответствии №
ЕАЭС KZ 7100841.13.12.02990 от 25.08.2023г. – срок не установлен"
27675,Сертификат соответствия № ЕАЭС KZ 7100841.05.01.02064 от 13.07.2023г. по 12.07.2024г.
27676,Сертификат  соответствия № KZ.7100841.05.01.01702 от 05.07.2023г. по 05.01.2024г.
27677,Сертификат  соответствия № KZ.7100841.05.01.01703 от 05.07.2023г. по 05.01.2024г.
27678,Декларация о соответствии № ЕАЭС KZ 7100841.13.12.02706 от 13.07.23г по 13.01.2024г.
27679,"Сертификат  соответствия № 
KZ.7500551.05.01.01485  от 26.07.23г.  по 26.01.2024г."
27694,№ KZ.7500551.13.12.00016 от «13» февраля 2024г. до «13» февраля 2025г.
27695,KZ.7500317.01.01.01924 от 20.11.2023г. до 20.11.2024г.
27696,Декларация соответствия № ЕАЭС KZ 7500533.13.12.01332 от 07.03.2024г действительна до 06.03.2024г.
27715,KZ.7500610.21.01.00001 06.11.2020
27716,KZ.7500610.21.01.00002 06.11.2020
27728,KZ.7500610.21.01.00005 26.02.2021
27769,KZ.2310317.01.01.00171 от 19.07.2023г.
27772,KZ.2310317.01.01.00172 от 19.07.2023г.
27785,Отказное письмо №336/03 от 06.03.2024г. от АФ АО Нацэкс
27844,ЕАЭС.KZ.7500986.01.01.08840 от 08.12.2023 до 08.12.2026
27848,ЕАЭС.KZ.7500986.01.01.08841 от 08.12.2023 до 08.12.2026
27849,№ KZ.7500551.13.12.00033
27862,№ KZ.7500551.13.12.00034
27864,№ ЕАЭС KZ 7500533.13.12.01351
27866,Сертификат соответствия  №ЕАЭС RU  C-KZ.ИШО1.В.00219/22  серия RU №0388066
27876,KZ.5510317.22.01.00312 03.04.2020/01.04.2025
27877,KZ5510317.01.01.00594 05.01.2024/04.01.2029
27882,KZ.5510317.22.01.00305 12.03.2020/11.03.2025
27895,KZ.7100934.22.01.03023 11.06.2019/11.06.2024
27906,KZ.5510317.22.01.00262 14.10.2019/12.08.2024
27919,KZ.5510317.22.01.00311 31.03.2020/30.03.2025
27924,KZ.5510317.01.01.00197 09.03.2022/28.01.2025
27928,KZ5510317.01.0100624 12.02.2024/11.02.2029
27951,KZ5510317.01.01.00470 25.08.2023/24.08.2028
27956,KZ5510317.01.01.00595 31.01.2024/30.01.2029
27958,KZ.5510317.22.01.00362 30.10.2020/22.10.2025
27959,KZ.5510317.22.01.00251 23.08.2019/23.08.2024
27997,KZ.7100934.22.01.03026 14.04.2020/14.04.2025
28000,KZ.5510317.22.01.00241 30.03.2022/07.06.2024
28001,KZ.5510317.22.01.00241 30.06.2022/07.06.2024
28003,KZ.5510317.01.01.00363 06.09.2022/05.09.2027
28007,KZ.5510317.01.01.00231 27.04.2022/28.01.2025
28024,KZ.5510317.22.01.00245 09.08.2019/09.08.2024
28027,KZ.5510317.01.01.00469 28.11.2022/28.01.2025
28029,KZ.5510317.22.01.00250 21.08.2019/21.08.2024
28038,KZ5510317.01.01.00068 28.09.2021/27.09.2026
28050,KZ.5510317.22.01.00354 26.08.2020/25.08.2025
28073,KZ.5510317.01.01.00410 27.01.2023/26.01.2028
28075,"KZ 5510317.13.12.01577 дата выдачи 22.08.2023г., дата окончания 22.08.2026г"
28117,"KZ 5510317.13.12.02018 дата выдачи 11.03.2024г., дата окончания 22.08.2026г"
28128,"KZ 5510317.13.12.02017 дата выдачи 11.03.2024г., дата окончания 22.08.2026г"
28132,"KZ 5510317.13.12.01575 дата выдачи 22.08.2023г., дата окончания 22.08.2026г"
28137,"KZ 5510317.13.12.01576 дата выдачи 22.08.2023г., дата окончания 22.08.2026г"
28149,"KZ 5510317.13.12.02018 дата выдачи 11.03.2024г., дата окончания 22.08.2026г; KZ 5510317.13.12.01581 дата выдачи 22.08.2023г., дата окончания 22.08.2026г; KZ 5510317.13.12.01578 дата выдачи 22.08.2023г., дата окончания 22.08.2026г; KZ 5510317.13.12.01577 дата выдачи 22.08.2023г., дата окончания 22.08.2026г; KZ 5510317.13.12.01576 дата выдачи 22.08.2023г., дата окончания 22.08.2026г; KZ 5510317.13.12.01575 дата выдачи 22.08.2023г., дата окончания 22.08.2026г. KZ.5510317.01.01.00520  дата выдачи 29.09.2023г., дата окончания 29.09.2024г. KZ.5510317.01.01.00519 дата выдачи 29.09.2023г., дата окончания 29.09.2024г."
28155,"KZ.5510317.01.01.00519 дата выдачи 29.09.2023г., дата окончания 29.09.2024г."
28177,"KZ KZ 5510317.13.12.02018 дата выдачи 11.03.2024г., дата окончания 22.08.2026г; KZ 5510317.13.12.01581 дата выдачи 22.08.2023г., дата окончания 22.08.2026г; KZ 5510317.13.12.01578 дата выдачи 22.08.2023г., дата окончания 22.08.2026г; KZ 5510317.13.12.01577 дата выдачи 22.08.2023г., дата окончания 22.08.2026г; KZ 5510317.13.12.01576 дата выдачи 22.08.2023г., дата окончания 22.08.2026г; KZ 5510317.13.12.01575 дата выдачи 22.08.2023г., дата окончания 22.08.2026г. KZ.5510317.01.01.00520  дата выдачи 29.09.2023г., дата окончания 29.09.2024г. KZ.5510317.01.01.00519 дата выдачи 29.09.2023г., дата окончания 29.09.2024г."
28179,"KZ 5510317.13.12.01581 дата выдачи 22.08.2023г., дата окончания 22.08.2026г"
28217,"KZ.5510317.01.01.00519 дата выдачи 29.09.2023г., дата окончания 29.09.2024г. KZ.5510317.01.01.00520  дата выдачи 29.09.2023г., дата окончания 29.09.2024г."
28218,"KZ.5510317.01.01.00520  дата выдачи 29.09.2023г., дата окончания 29.09.2024г."
28219,"№ KZ.7100841.01.01.01547 от 13.06.2023 г., дейстителен до 12.06.2024 г."
28220,"№ KZ.7100841.01.01.01548 от 13.06.2023 г., дейстителен до 12.06.2024 г."
28224,Сертификат соответствия KZ 7500533.01.01.01060 от 31.07.2023
28230,Сертификат соответствия №0206304 срок действия до 30.07.2026г
28233,Сертификат соответствия KZ.7500533.01.01.00262 от 30.11.2023г.
28234,Сертификат соответствия № KZ.7500533.01.01.00261 30.11.2023г.
28239,Сертификат соответствия № KZ.7500533.01.01.00267 от 01.12.2023г.
28246,"KZ.1510019.22.01.00270 от 27.09.2019 до 27.09.2023
KZ.7500401.01.01.02061 от 14.12.2022 до 14.12.2026"
28247,KZ.1510019.22.01.00270 от 27.09.2019 до 27.09.2023 KZ.7500401.01.01.02061 от 14.12.2022 до 14.12.2026
28294,TC KZ 7500401.13.12.00002 от 10.09.2021 до 26.08.2024
28296,ТС KZ 7100841.13.12.00448 от 22.12.2023г.
28428,"Декларация №ЕАЭС KZ 7500986.13.12.09264 от 20.10.2023г по 20.10.2024г.. ИЛ ТОО ""ТДА СЕРВИС"""
28429,"Сертификат №ЕАЭСК  KZ 7500986.01.01.08199 , с 20.10.2023г, до 20.10.2024 г. ИЛ ТОО ""ТДА СЕРВИС"""
28431,"Декларация №ЕАЭС KZ 7500986.13.12.09265 от 20.10.2023г по 20.10.2024г. ИЛ ТОО ""ТДА СЕРВИС"""
28432,"Сертификат №ЕАЭСК  KZ 7500986.01.01.08200 , с 20.10.2023г, до 20.10.2024 г. ИЛ ТОО ""ТДА СЕРВИС"""
28433,"Декларация №ЕАЭС KZ 7500986.13.12.09266 от 20.10.2023г по 20.10.2024г. ИЛ ТОО ""ТДА СЕРВИС"""
28455,№ЕАЭС KZ 1100317.01.01.03018 с 17.11.2023г. по 16.11.2028г.
28456,№ЕАЭС KZ 1100317.01.01.03019 с 17.11.2023г. по 16.11.2028г.
28457,№KZ.7500196.01.01.00234 от 18.10.2022г. до 05.08.2025г.
28470,Декларация соответствия № ЕАЭС KZ 7500317.13.12.06041 от 14.02.2024г действительна до 14.02.2027г.
28471,Декларация соответствия № ЕАЭС KZ 7500317.13.12.06042 от 14.02.2024г действительна до 14.02.2027г.
28472,ЕАЭС KZ 7500986.01.01.05209 от 16.03.2023г№ по 16.03.2026г.
28484,15.08.2023 №ЗТ-2023-01417859
28559,KZ.7500651.01.01.02314 от 19.01.2024 г.
28561,KZ.7500651.01.01.02315 от 19.01.2024 г.
28563,№ KZ.7500651.01.01.02310 от 19.01.2024
28564,KZ.7500651.01.01.02309 от 19.01.2024 г.
28565,KZ.7500651.01.01.02308 от 19.01.2024 г.
28566,KZ.7500651.01.01.02316 от 19.01.2024 г.
28567,KZ.7500651.01.01.02307 от 19.01.2024 г.
28568,KZ.7500651.01.01.02306 от 19.01.2024 г.
28569,KZ.7500651.01.01.02311 от 19.01.2024 г.
28570,KZ.7500651.01.01.02312 от 19.01.2024 г.
28571,ЕАЭС KZ 7500651.01.01.07731 от 19.01.2024
28572,"ЕАЭС KZ 7500651.13.12.17441
от 19.01.2024"
28573,№ ЕАЭС KZ 7500651.01.01.07730 от 19.01.2024
28574,"ЕАЭС KZ 7500651.13.12.17447
от 19.01.2024"
28575,"ЕАЭС № ЕАЭС KZ 7500651.13.12.17444
от 19.01.2024 г."
28576,"ЕАЭС KZ 7500651.13.12.17448
от 19.01.2024"
28577,KZ.7500651.01.01.02313 от 19.01.2024 г.
28578,ЕАЭС KZ 7500651.01.01.07730 от 19.01.2024 г.
28579,ЕАЭС № ЕАЭС KZ 7500651.01.01.07729 от 19.01.2024 г.
28581,ЕАЭС KZ 7500651.13.12.17443 от 19.01.2024 г.
28584,ЕАЭС KZ 7500651.13.12.17445 от 19.01.2024 г.
28589,"ЕАЭС № ЕАЭС KZ 7500651.13.12.17442
от 19.01.2024 г."
28590,"ЕАЭС № ЕАЭС KZ 7500651.13.12.17442
от 19.01.2024 г"
28591,"ЕАЭС № ЕАЭС KZ 7500651.13.12.17446
от 19.01.2024 г."
28594,ЕАЭС KZ 7500651.01.01.07727 от 19.01.2024 г.
28597,ЕАЭС KZ 7500651.01.01.07728 от 19.01.2024 г.
28600,ЕАЭС KZ 7500651.13.12.17436 от 19.01.2024 г.
28601,ЕАЭС KZ 7500651.13.12.17435 от 19.01.2024 г.
28602,ЕАЭС KZ 7500651.13.12.17437 от 19.01.2024 г.
28603,ЕАЭС KZ 7500651.13.12.17438 от 19.01.2024 г.
28604,ЕАЭС KZ 7500651.13.12.17440 от 19.01.2024 г.
28605,ЕАЭС KZ 7500651.13.12.17439 от 19.01.2024 г.
28607,Декларация соответствия ЕАЭС  KZ 7500533.01.01.01557 серия KZ№0251224  от 29.12.2023 г. по 28.12.2024 г.
28610,ЕАЭС KZ 7100841.13.12.03093 от 11.09.2023г по 10.09.2026г.
28624,сертификат соответствия №ЕАЭС ЕАЭС 7500986.01.01.09248 со сроком действия от 12.01.2024г. по 12.01.2025г.
28625,Декларация о соответствии № ЕАЭС № ЕАЭС KZ 7500533.13.12.01112 со сроком действия от 12.01.2024г. по 11.01.2025г.
28631,Декларация о соответствии № ЕАЭС KZ 7500533.13.12.01114 со сроком действия от 12.01.2024г. по 11.01.2025г.
28632,Декларация о соответствии № ЕАЭС ЕАЭС KZ 7500533.13.12.01121 со сроком действия от 16.01.2024г. по 15.01.2025г.
28638,"Декларация о соответствии № ЕАЭС KZ 7500651.13.12.09963, дата выдачи 20.01.2023, дата окончания 19.01.2028"
28661,"Сертификат соответствия № ЕАЭС KZ 7500651.01.01.04379, дата выдачи 20.01.2023, дата окончания 19.01.2028"
28675,"Сертификат соответствия № ЕАЭС KZ 7500651.01.01.04378, дата выдачи 20.01.2023, дата окончания 19.01.2028"
28770,"Декларация о соответствии № ЕАЭС KZ 7500651.13.12.18007, дата выдачи 16.02.2024, дата окончания 19.01.2028"
28772,"Сертификат соответствия № ЕАЭС KZ 7500651.01.01.07764, дата выдачи 25.01.2024, дата окончания 24.01.2029"
28783,"№ ЕАЭС KZ 7500651.01.01.08338
с 18.03.2024 г. по 18.03.2027 г."
28784,"№ ЕАЭС KZ 7500651.01.01.08339
с 18.03.2024 г. по 18.03.2027 г."
28786,"№ ЕАЭС KZ 7500651.13.12.18834
с 18.03.2024 г. по 18.03.2027 г."
28791,"№ ЕАЭС KZ 7500651.13.12.18835
с 18.03.2024 г. по 18.03.2027 г."
28807,"№ ЕАЭС KZ 7500651.01.01.08333
с 15.03.2024 г. по 15.03.2027 г."
28808,"№ ЕАЭС KZ 7500651.13.12.18862
с 19.03.2024 г. по 19.03.2027 г."
28817,KZ.7500317.01.01.01927 от 23.11.2023 по 23.11.2024
28820,"ЕАЭС KZ 7500651.13.12.17617
от 31.01.2024. по 31.01.2027"
28821,"ЕАЭС KZ 7500651.13.12.17618
от 31.01.2024. по 31.01.2027"
28823,"ЕАЭС KZ 7500651.13.12.17619
от 31.01.2024. по 31.01.2027"
28824,"№ KZ 7500651.01.01.02345
От31.01.2024г до 31.01.2025"
28825,"KZ 7500651.01.01.02346
От31.01.2024г до 31.01.2025"
28826,"KZ 7500651.01.01.02347
От31.01.2024г до 31.01.2025"
28827,"№ KZ 7500651.01.01.02348
От31.01.2024г до 31.01.2025"
28828,Декларация о соответствии № ЕАЭС KZ 7500995.13.12.08544 от 09.04.2024г действительна до 09.04.2025г.
28829,Декларация о соответствии № ЕАЭС KZ 7100841.13.12.04141 от 29.03.2024г действительна до 28.03.2025г.
28830,Декларация о соответствии № ЕАЭС KZ 7100841.13.12.04140 от 29.03.2024г действительна до 28.03.2025г.
28831,№ЕАЭС KZ 6300317.13.12.00947 от 10.08.2023 по 10.08.2024
28833,№ЕАЭС KZ 6300317.13.12.00947 от 10.08.2023 по 10.08.2024 г.
28837,№ЕАЭС KZ 6300317.01.01.00004 серия №0159176 от 28.08.23 по 28.08.24
28838,№ЕАЭС KZ 6300317.13.12.00946 от 10.08.2023 по 10.08.2024 г.
28845,КZ №7500317.01.01.01805 выдан 26 сентября 2023 года до 26 сентября 2024 г.
28924,Декларация о соответствии ЕАЭС KZ 7100841.13.12.01699 от 07.02.2023 до 07.08.2023 г.
28925,"Декларация о соответствии ЕАЭС KZ 7100841.13.12.01700
от 07.02.2023 до 07.08.2023 г."
28926,Декларация о соответствии  ЕАЭС KZ 7100841.13.12.01701 от 07.02.2023 до 07.08.2023 г.
28927,Декларация о соответствии  ЕАЭС KZ 7100841.13.12.01705 от 08.02.2023 до – срок не установлен
28928,Декларация о соответствии  ЕАЭС KZ 7100841.13.12.01706 от 08.02.2023 до – срок не установлен
28929,Сертификат соответствия № KZ.7500551.01.01.01135 от 08.02.23г. по 08.02.24г.
28930,Сертификат соответствия № KZ.7500551.01.01.01136  от 08.02.23г. по 08.02.24г.
28931,Сертификат соответствия № ЕАЭС KZ 7100841.05.01.02445 от 14.09.23г. до – срок не установлен
28932,Сертификат соответствия № ЕАЭС KZ 7100841.05.01.02444 от 14.09.23г. до – срок не установлен
28933,"ЕАЭС KZ 3510317.
13.12.01701  от
  13.01.2023г. по 13.01.2024г."
28945,ЕАЭС KZ 3510317. 13.12.01702 от 13.01.2023г. по 13.01.2024г.
28954,№KZ7500052.24.01.08298 от 10.01.2020 до 22.10.2022
28957,KZ7500052.24.01.08298 от 10.01.2020г по 22.10.2022г
28966,KZ.7500052.24.01.08313 от 23.01.2020 по 09.01.2023г
28970,KZ.7500052.24.01.08311 от 23.01.2020 по 09.01.2023г
28971,KZ7500052.24.01.08301от 10.01.2020г по 09.01.2023г.
28972,KZ7500052.24.01.08303 от 10.01.2020г по 09.01.2023г
28988,KZ.7500052.24.01.08131 от 23.10.2019 22.10.2022г
29003,KZ.7500052.24.01.08312 от 23.01.2020 по 09.01.2023г
29029,KZ.7500052.24.01.08133 от 23.10.2019г по 22.10.2022г
29033,KZ.7500052.22.01.24010 от 10.01.2020 по 22.10.2022г
29034,KZ.7500052.22..01.2404 от 23.10.2019г по 22.10.2022г
29035,КЗ.7500052.22.01.24005 от 23.10.2019г по 22.10.2022г
29036,KZ.7500052.24.01.08310 от 23.01.2020г по 22.10.2022г
29037,KZ7500052.24.01.08127 от 23.10.2019г по 22.10.2022г
29038,KZ7500052.24.01.08126 от 23.10.2019г по 22.10.2022г
29073,KZ7500052.24.01.08300от 10.01.2020г по 22.10.2022г
29077,KZ.7500052.24.01.08301 от 23.01.2020г по 09.01.2023г
29079,KZ7500052.24.01.08299 от 10.01.2020г по 22.10.2022г
29081,KZ7500052.24.01.08301 от 10.01.2020г по 09.01.2023г
29090,KZ7500052.24.01.08128 от 23.10.2019г по 22.10.2022г
29094,KZ7500052.22.01.24011 от 10.01.2020г по 22.10.2022г
29096,KZ7500052.22.01.24009 от 10.01.2020г по 09.01.2023г
29103,KZ.7500052.24.01.08309 от 23.01.2020г по 23.10.2022г
29113,KZ7500052.24.01.08123 от 23.10.2019г по 22.10.2022г
29150,ЕАЭС KZ 7100984.13.12.01013 от 22.06.2022г. по 22.06.2023г.
29151,ЕАЭС KZ 7100984.13.12.01013 от 22.06.2022г. по 22.06.2023г
29155,ЕАЭС KZ 7100984.13.12.01014 от 22.06.2022г. по 22.06.2023г
29166,ЕАЭС KZ 7100841.13.12.04020 от 06.03.2024 по 06.09.2024г
29167,ЕАЭС KZ 7100841.13.12.04079 от 18.03.2024 по 18.09.2024
29179,"KZ.5510317.01.01.00122
с 21.12.2021 по 23.12.2023
KZ.5510317.01.01.00123
с 21.12.2021 по 23.12.2023"
29183,"KZ.75000361.01.01.01264
с 29.06.2022 по 23.12.2023
KZ.7500361.01.01.01421
с 11.08.2022 по 23.12.2023"
29194,"KZ.5510317.01.01.00121
с 21.12.2021 по 23.12.2023
KZ.7500361.01.01.01265
с 29.06.2022 по 23.12.2023"
29207,ЕАЭС KZ 6328317.01.01.00017 от 25.08.23 по 24.08.24
29209,ЕАЭС KZ 6328317.01.01.00015 от 25.08.23 по 24.08.24
29220,ЕАЭС KZ 6328317.01.01.00016 от 25.08.23 по 24.08.24
29227,ЕАЭС KZ 7500651.13.12.17988 от 15.02.2024 до 15.02.2027
29228,ЕАЭС KZ 7500651.13.12.17989 от 15.02.2024 до 15.02.2027
29229,ЕАЭС KZ 7500651.13.12.17984 от 15.02.2024 до 14.02.2029
29230,ЕАЭС KZ 7500651.13.12.17984  от 15.02.2024 до 14.02.2029
29231,ЕАЭС KZ 7500651.13.12.17990 от 15.02.2024 до 15.02.2027
29232,ЕАЭС KZ 7500651.13.12.17991 от 15.02.2024  до 15.02.2027
29233,ЕАЭС KZ 7500651.01.01.07950 от 15.02.2024 до 15.02.2027
29234,ЕАЭС KZ 7500651.01.01.07951 от 15.02.2024 до 15.02.2027
29235,ЕАЭС KZ 7500651.13.12.17992 от 15.02.2024 до 15.02.2027
29237,ЕАЭС KZ 7500651.13.12.17993 от 15.02.2024 до 15.02.2027
29238,ЕАЭС KZ 7500651.01.01.07952 от 15.02.2024 до 15.02.2027
29239,ЕАЭС KZ 7500651.13.12.17994 от 15.02.2024 до 15.02.2027
29241,ЕАЭС KZ 7500651.13.12.17995 от 15.02.2024 до 15.02.2027
29242,ЕАЭС KZ 7500651.13.12.17986 от 15.02.2024 до 15.02.2027
29244,ЕАЭС KZ 7500651.13.12.17983 от 15.02.2024 до 14.02.2029
29245,ЕАЭС KZ 7500651.13.12.17986 от 15.02.2024 до 14.02.2027
29249,ЕАЭС KZ 7500651.13.12.17987 от 15.02.2024 до 15.02.2027
29250,ЕАЭС KZ 7500651.13.12.17985 от 15.02.2024 до 15.02.2027
29251,ЕАЭС KZ 7500651.13.12.17983  от 15.02.2024 до 14.02.2029
29253,№78 от 16.02.2024 г.
29265,KZ.7500196.01.01.00193/17.06.2022-24.05.2025
29266,KZ.7500196.01.01.00194/17.06.2022-24.05.2025
29267,KZ.7500196.01.01.00195/17.06.2022-24.05.2025
29268,KZ.7500196.01.01.00230/23.09.2022 – 24.05.2025
29269,KZ.7500196.01.01.00402/21.06.2022-24.05.2025
29270,KZ.7500196.01.01.00197/22.06.2022-24.05.2025
29271,KZ.7500196.01.01.00221/26.07.2022-24.05.2025
29272,KZ.7500196.01.01.00223/11.08.2022-24.05.2025
29273,KZ.7500196.01.01.00224/11.08.2022-24.05.2025
29274,KZ.7500196.01.01.00246/17.11.2022-24.05.2025
29275,KZ.7500196.01.01.00265/23.12.2022-24.05.2025
29276,KZ.7500196.01.01.00266/23.12.2022-24.05.2025
29277,KZ.7500196.01.01.00273/10.02.2023-24.05.2025
29278,KZ.7500196.01.01.00432/11.08.2023-24.05.2025
29279,KZ.7500196.01.01.00500/20.11.2023-24.05.2025
29293,Сертификат соответствия KZ.7100841.01.01.02336 от 12.10.2023г. до 28.08.2026г.
29294,Сертификат соответствия KZ.7100841.01.01.02335 от 12.10.2023г. до 28.08.2026г.
29295,Сертификат соответствия KZ.7100841.01.01.02332 от 12.10.2023г. до 28.08.2026г.
29296,Сертификат соответствия KZ.7100841.01.01.02333 от 12.10.2023г. до 28.08.2026г.
29297,Сертификат соответствия KZ.7100841.01.01.02334 от 12.10.2023г. до 28.08.2026г.
29315,Сертификат соответствия №ЕАЭС ЕАЭС KZ 7500986.01.01.09669 со сроком действия от 21.02.2024г. по 21.02.2027г.
29317,Сертификат соответствия №ЕАЭС ЕАЭС KZ 7500986.01.01.09670 со сроком действия от 21.02.2024г. по 21.02.2027г.
29318,"№ ЕАЭС  KZ 3110317.01.01.00152
с 15.01.2024 по 15.01.2026 г."
29339,"№ ЕАЭС  KZ 3110317.01.01.00151
с 15.01.2024 по 15.01.2026 г."
29345,"№ ЕАЭС  KZ3110317.13.12. 00306
с 09.01.2024 по  09.01.2026 г."
29347,"№ ЕАЭС  KZ3110317.13.12. 00306
с 09.01.2024 по  09.01.2026 г.
№ ЕАЭС  KZ3110317.13.12. 00306
с 09.01.2024 по  09.01.2026 г."
29349,"№ ЕАЭС  KZ3110317.13.12. 00307
с 09.01.2024 по  09.01.2026 г."
29397,"Декларация ЕАЭС KZ № ЕАЭС KZ 7500651.13.12.19579 от 17.04.2024 года до 16.04.2029 года
протокола испытаний № 019/160424/71 от 16/04/2024г., испытательного центра ТОО ""Текс"" ( аттестат: KZ.Т.02.0650); Схема декларирования 1д"
29398,"Декларация ЕАЭС KZ № ЕАЭС KZ 7500651.13.12.19580 от 17.04.2024 года до 16.04.2029 года
протокола испытаний № 019/160424/72 от 16/04/2024г., испытательного центра ТОО ""Текс"" ( аттестат: KZ.Т.02.0650); Схема декларирования 1д"
29399,"Сертификат №  ЕАЭС ЕАЭС KZ 7500651.01.01.08655 от 17.04.2024 года до 16.04.2029 года
протокола испытаний № 019/160424/ от 16/04/2024г., испытательного центра ТОО ""Текс"" ( аттестат: KZ.Т.02.0650); акта анализа состояния производства №09042024/73 от 09/04/2024г., ОПС ТОО ""Текс""( аттестат: КZ.Т.02.0651); эксперт-аудитор Калжатбаева А.М.; Схема сертификации 1с"
29400,"Сертификат №  ЕАЭС ЕАЭС KZ 7500651.01.01.08656 от 17.04.2024 года до 16.04.2029 года,
протокола испытаний № 019/160424/74 от 16/04/2024г., испытательного центра ТОО ""Текс"" ( аттестат: KZ.Т.02.0650); акта анализа состояния производства №09042024/1 от 09/04/2024г., ОПС ТОО ""Текс""( аттестат: КZ.Т.02.0651); эксперт-аудитор Калжатбаева А.М.; Схема сертификации 1с"
29401,"Декларация ЕАЭС KZ № ЕАЭС KZ 7500651.13.12.19582 от 17.04.2024 года до 16.04.2029 года,
протокола испытаний № 019/160424/75 от 16/04/2024г., испытательного центра ТОО ""Текс"" ( аттестат: KZ.Т.02.0650); Схема декларирования 1д"
29402,"Сертификат №  ЕАЭС ЕАЭС KZ
7500651.01.01.08657 от 17.04.2024 года до 16.04.2029 года,
протокола испытаний № 019/160424/76 от 16/04/2024г., испытательного центра ТОО ""Текс"" ( аттестат: KZ.Т.02.0650); акта анализа состояния производства №09042024/1 от 09/04/2024г., ОПС ТОО ""Текс""( аттестат: КZ.Т.02.0651); эксперт-аудитор Калжатбаева А.М.; Схема сертификации 1с"
29403,"Сертификат №  ЕАЭС ЕАЭС KZ 7500651.01.01.08658 от 17.04.2024 года до 16.04.2029 года,
протокола испытаний № 019/160424/77от 16/04/2024г., испытательного центра ТОО ""Текс"" ( аттестат: KZ.Т.02.0650); акта анализа состояния производства №09042024/1 от 09/04/2024г., ОПС ТОО ""Текс""( аттестат: КZ.Т.02.0651); эксперт-аудитор Калжатбаева А.М.; Схема сертификации 1с"
29405,"Сертификат №  ЕАЭС ЕАЭС KZ 7500651.01.01.08659 от 17.04.2024 года до 16.04.2029 года,
протокола испытаний № 019/160424/78от 16/04/2024г., испытательного центра ТОО ""Текс"" ( аттестат: KZ.Т.02.0650); акта анализа состояния производства №09042024/1 от 09/04/2024г., ОПС ТОО ""Текс""( аттестат: КZ.Т.02.0651); эксперт-аудитор Калжатбаева А.М.; Схема сертификации 1с"
29406,"Декларация ЕАЭС KZ № 7500651.13.12.19584от 17.04.2024 года до 16.04.2029 года, Протокол испытаний № 935 от протокола испытаний № 019/160424/80 от 16/04/2024г., испытательного центра ТОО ""Текс"" ( аттестат: KZ.Т.02.0650); Схема декларирования 1д"
29961,"KZ.7500651.01.01.07892
от 13.02.2024г. до 12.02.2029г."
29407,"Сертификат № KZ.7500651.01.01.02494 от 17.04.2024 года до 16.04.2029 года,
протокола испытаний № ЛП/160424/79 -нан 16/04/2024ж., испытательного центра ТОО
""Текс"" ( сертификат: KZ.Т.02.0650); акта анализа состояния производства -нан 09/04/2024ж., ОПС ТОО ""Текс""( сертификат:
КZ.Т.02.0651);
Схема сертификации 3"
29408,"Сертификат №  ЕАЭС ЕАЭС KZ
7500651.01.01.08660 от 17.04.2024 года до 16.04.2029 года,
протокола испытаний № 019/160424/81от 16/04/2024г., испытательного центра ТОО ""Текс"" ( аттестат: KZ.Т.02.0650); акта анализа состояния производства №09042024/1 от 09/04/2024г., ОПС ТОО ""Текс""( аттестат: КZ.Т.02.0651); эксперт-аудитор Калжатбаева А.М.; Схема сертификации 1с"
29409,Сертификат соответствия №KZ.3110317.01.01.00654 от 10.11.2023г. до 22.08.2026г.
29412,Сертификат соответствия №KZ.3110317.01.01.00656 от 10.11.2023г. до 22.08.2026г.
29416,Сертификат соответствия №KZ.3110317.01.01.00659 от 10.11.2023г. до 22.08.2026г.
29468,Сертификат соответствия №KZ.3110317.01.01.00660 от 10.11.2023г. до 22.08.2026г.
29523,Сертификат соответствия №KZ.3110317.01.01.00658 от 10.11.2023г. до 22.08.2026г.
29526,Сертификат соответствия №KZ.3110317.01.01.00652 от 10.11.2023г. до 22.08.2026г.
29527,Сертификат соответствия №KZ.3110317.01.01.00657 от 10.11.2023г. до 22.08.2026г.
29531,Сертификат соответствия №KZ.3110317.01.01.00653 от 10.11.2023г. до 22.08.2026г.
29533,Сертификат соответствия №KZ.3110317.01.01.00655 от 10.11.2023г. до 22.08.2026г.
29534,Сертификат соответствия №ЕАЭС №KZ.3510317.01.01.00420 от 23.09.2022г. до 21.10.2024г.
29539,"KZ.7500651.01.01.02481, дата: 11.04.2024-11.04.2025гг."
29540,"№ KZ.7500651.01.01.02480, дата: 11.04.2024-11.04.2025гг."
29541,"№ KZ.7500651.01.01.02482, дата: 11.04.2024-11.04.2025гг."
29542,"№ KZ.7500651.01.01.02479, дата: 11.04.2024-11.04.2025гг."
29543,"№ KZ.7500651.01.01.08573, дата: 11.04.2024-10.04.2029гг."
29544,№ ЕАЭС KZ.3510317.01.01.00643 с 04.05.2023 по 03.05.2026
29569,№ ЕАЭС KZ.3510317.22.01.00175 с 26.05.2020 по 28.05.2023
29608,№ ЕАЭС RU C-KZ.HB07.В.00681/22 с 25.07.2022 по 24.07.2027
29615,№ ЕАЭС KG 417/043.KZ.02.00335 от 18.04.2023 по 17.04.2025
29634,Декларация соответствия № ЕАЭС KZ 7500802.13.12.01530 от 07.09.2023г. действителен до 07.09.2026г.
29649,"Декларация о соответствии ЕАЭС № KZ. 7500651.13.12.13986 от
04.08.2023 г. до 04.08.2024 г."
29650,"Декларация о соответствии ЕАЭС № KZ. 7500651.13.12.13988 от
04.08.2023 г. до 04.08.2024 г."
29652,"Сертификат соответствии ЕАЭС № KZ. 7500651.01.01.06259 от
04.08.2023 г. до 04.08.2024 г."
29661,"Декларация о соответствии ЕАЭС № KZ. 7500651.13.12.13987 от
04.08.2023 г. до 04.08.2024 г."
29666,ЕАЭС.KZ. 3510317.01.01.00007 c 03.08.2021 по 03.08.2024.
29668,ЕАЭС.KZ. 3510317.01.01.00007c 03.08.2021 по 03.08.2024.
29670,ЕАЭС.KZ. 3510317.01.01.00008c 03.08.2021 по 03.08.2024.
29676,"Не подлежит процедуре обязательного подтверждения соответствия, согласно Статье 1, пункт 4 ТР ЕАЭС     №017/2011«О безопасности изделий легкой промышленности"
29687,"KZ.7500551.01.01.00408
20.12.2021-08.12.2024"
29688,"KZ.7500551.01.01.00407
20.12.2021-08.12.2024"
29689,"KZ.7500551.01.01.00818
08.07.2022-04.07.2025"
29690,"KZ.7500551.01.01.00405
20.12.2021-08.12.2024"
29691,"KZ.7500551.01.01.00406
20.12.2021-08.12.2024"
29692,Сертификат соответствия № ЕАЭС ЕАЭС KZ 3110317.01.01.00171 от 16.02.2024г. по 16.02.2026 г
29694,Сертификат соответствия № ЕАЭС ЕАЭС KZ 3110317.01.01.00170 от 16.02.2024г. по 16.02.2026 г
29698,Сертификат соответствия № ЕАЭС ЕАЭС KZ 3110317.01.01.00174 от 16.02.2024г. по 16.02.2026 г
29699,Сертификат соответствия № ЕАЭС ЕАЭС KZ 3110317.01.01.00175 от 16.02.2024г. по 16.02.2026 г
29700,Сертификат соответствия № ЕАЭС ЕАЭС KZ 3110317.01.01.00176 от 16.02.2024г. по 16.02.2026 г
29701,Декларация о соответствии № ЕАЭС.KZ.3110317.13.12.00341 от 16.02.24г. по 16.02.26г.
29702,Декларация о соответствии № ЕАЭС.KZ.3110317.13.12.00342 от 16.02.24г. по 16.02.26г.
29703,Декларация о соответствии № ЕАЭС.KZ.3110317.13.12.00338 от 16.02.24г. по 16.02.26г.
29705,Декларация о соответствии № ЕАЭС.KZ.3110317.13.12.00334 от 16.02.24г. по 16.02.26г.
29706,Декларация о соответствии № ЕАЭС.KZ.3110317.13.12.00335 от 16.02.24г. по 16.02.26г.
29707,Декларация о соответствии № ЕАЭС.KZ.3110317.13.12.00346 от 17.02.24г. по 17.02.26г.
29708,Декларация о соответствии № ЕАЭС.KZ.3110317.13.12.00332 от 16.02.24г. по 16.02.26г.
29709,Декларация о соответствии № ЕАЭС.KZ.3110317.13.12.00333 от 16.02.24г. по 16.02.26г.
29711,Декларация о соответствии № ЕАЭС.KZ.3110317.13.12.00336 от 16.02.24г. по 16.02.26г.
29712,Декларация о соответствии № ЕАЭС.KZ.3110317.13.12.00337 от 16.02.24г. по 16.02.26г.
29713,Декларация о соответствии № ЕАЭС.KZ.3110317.13.12.00329 от  15.02.24г. по 14.02.29г.
29715,Сертификат соответствия № ЕАЭС ЕАЭС KZ 3110317.01.01.00166 от 16.02.2024г. по 16.02.2026 г.
29963,"KZ.7500651.01.01.07940
от 14.02.2024г. до 13.02.2029г."
29719,Сертификат соответствия № ЕАЭС ЕАЭС KZ 3110317.01.01.00179 от 16.02.2024г. по 16.02.2026 г
29720,Сертификат соответствия № ЕАЭС ЕАЭС KZ 3110317.01.01.00172 от 16.02.2024г. по 16.02.2026 г
29721,Сертификат соответствия № ЕАЭС ЕАЭС KZ 3110317.01.01.00173 от 16.02.2024г. по 16.02.2026 г
29722,Сертификат соответствия № ЕАЭС ЕАЭС KZ 3110317.01.01.00178 от 16.02.2024г. по 16.02.2026 г
29723,Сертификат соответствия № ЕАЭС ЕАЭС KZ 3110317.01.01.00167 от 16.02.2024г. по 16.02.2026 г
29726,Декларация о соответствии № ЕАЭС.KZ.3110317.13.12.00340 от 16.02.24г. по 16.02.26г.
29727,Декларация о соответствии № ЕАЭС.KZ.3110317.13.12.00343 от 16.02.24г. по 16.02.26г.
29729,Сертификат соответствия № KZ.3110317.01.01.00718 от 16.02.24г. по 16.02.25г.
29730,Декларация о соответствии № ЕАЭС.KZ.3110317.13.12.00331 от 15.02.24г. по 14.02.29г.
29733,Сертификат соответствия № ЕАЭС ЕАЭС KZ 3110317.01.01.00177 от 16.02.2024г. по 16.02.2026 г
29734,Декларация о соответствии № ЕАЭС.KZ.3110317.13.12.00344 от 16.02.24г. по 16.02.26г.
29735,Декларация о соответствии № ЕАЭС.KZ.3110317.13.12.00347 от 17.02.24г. по 17.02.26г.
29737,Сертификат соответствия № ЕАЭС ЕАЭС KZ 3110317.01.01.00169  от 16.02.2024г. по 16.02.2026 г.
29739,Сертификат соответствия № ЕАЭС ЕАЭС KZ 3110317.01.01.00168 от 16.02.2024г. по 16.02.2026 г
29741,Декларация о соответствии № ЕАЭС.KZ.3110317.13.12.00330 от 15.02.24г. по 14.02.29г.
29743,Декларация о соответствии № ЕАЭС.KZ.3110317.13.12.00339 от 16.02.2024г. по 16.02.2026 г
29744,Декларация о соответствии № ЕАЭС.KZ.3110317.13.12.00345 от 16.02.2024г. по 16.02.2026 г.
29745,Декларация о соответствии № ЕАЭС.KZ.3110317.13.12.00348 от 17.02.2024г. по 17.02.2026 г.
29748,Декларация о соответствии № ЕАЭС.KZ.3110317.13.12.00359 от 01.03.2024г. по 17.02.2026 г.
29752,Декларация о соответствии № ЕАЭС.KZ.3110317.13.12.00359 от 01.03.2024г. по 17.02.2026 г
29757,"№ ЕАЭС KZ 7100841.05.01.03407 №02244705 
от 16.04.2024 г. 
по срок не установлен"
29761,ЕАЭС KZ 7500986.01.01.09864 от 13.03.2024 по 13.03.2025
29765,Сертификат соответствия № ЕАЭС KZ 7100841.13.12.03618 от 13.12.2023г. действителен до 12.12.2024г.
29848,Сертификат соответствия ЕАЭС KZ7500651.01.01.08211 07.03.2024-06.03.2029
29849,Декларация о соответствии ЕАЭС KZ 7500651.13.12.18556 07.03.2024-06.03.2029
29850,Сертификат соответствия ЕАЭС KZ7500651.01.01.08241 11.03.2024-11.03.2027
29851,Сертификат соответствия ЕАЭС KZ7500651.01.01.08214 07.03.2024-07.03.2027
29855,Сертификат соответствия ЕАЭС KZ7500651.01.01.08238 11.03.2024-11.03.2027
29856,Сертификат соответствия ЕАЭС KZ7500651.01.01.08239 11.03.2024-11.03.2027
29857,Декларация о  соответствии ЕАЭС KZ.7500651.13.12.18646 11.03.2024-11.03.2025
29858,Декларация о  соответствии ЕАЭС KZ 7500651.13.12.18562 07.03.2024-07.03.2027
29860,Сертификат соответствия ЕАЭС KZ 7500651.01.01.08214 07.03.2024-07.03.2027
29862,Декларация о  соответствии ЕАЭС KZ 7500651.13.12.18557 07.03.2024-06.03.2029
29863,Сертификат соответствия ЕАЭС KZ7500651.01.01.08212 07.03.2024-06.03.2029
29865,Сертификат соответствия ЕАЭС KZ 7500651.01.01.08213 07.03.2024-07.03.2027
29869,Сертификат соответствия ЕАЭС KZ7500651.01.01.08240  11.03.2024-11.03.2027
29872,Декларация о соответствии ЕАЭС KZ 7500651.13.12.18566 07.03.2024-07.03.2027
29880,№ ЕАЭС KZ 7500986.01.01.10020 от 29.03.2024 по 29.03.2025
29882,№ ЕАЭС KZ 7500986.01.01.10021 от 29.03.2024 по 29.03.2025
29895,EAЭС KZ 7100841.13.12.02964 от 21.08.2023
29896,Письмо №83/11 от 18.010.2023 г.  от АО «Национальный центр экспертизы и сертификации» Алматинский филиал
29898,"Сертификат соответствия  №KZ.7500661.00.01.02524 от 01/12/2022г -01.12.2025 г, Сертификат соответствия  №KZ.7500661.00.01.01391 от 01/07/2022г -01.07.2025 г"
29899,Сертификат соответствия  №KZ.7500091.05.01.22875 от 20/09/2022г -20.09.2025 г
29900,Сертификат соответствия  №KZ.7500661.00.01.02509 от 30/11/2022г -30.11.2025 г
29901,"Сертификат соответствия  №KZ.7500661.00.01.01393 от 01/07/2022г -01.07.2025 г ,Сертификат соответствия  №KZ.7500661.00.01.02272от 03/11/2022г -03.11.2025 г, Сертификат соответствия  №KZ.7500661.00.01.02347 от 24/11/2022г -24.11.2025 г"
29902,Сертификат соответствия  №KZ.7500661.00.01.02379от 25/11/2022г -25.11.2025 г
29903,Сертификат соответствия  №KZ.7500661.00.01.0601от 12/12/2022г -12.12.2025 г
29921,№ ЕАЭС KZ 7500986.01.01.09555 от 12.02.2024 по 12.02.2025
29928,№ ЕАЭС KZ 7500986.01.01.09557 от 12.02.2024 по 12.02.2025
29937,№ ЕАЭС KZ 7500986.01.01.09559 от 12.02.2024 по 12.02.2025
29938,№ ЕАЭС KZ 7500986.01.01.09556 от 12.02.2024 по 12.02.2025
29946,№ ЕАЭС KZ 7500986.01.01.09560 от 12.02.2024 по 12.02.2025
29947,№ ЕАЭС KZ 7500986.01.01.09558 от 12.02.2024 по 12.02.2025
29952,"KZ.7500651.01.01.07888
от 13.02.2024г. до 12.02.2029г."
29954,"KZ.7500651.01.01.07891
от 13.02.2024г. до 12.02.2029г."
29956,"KZ.7500651.01.01.07889
от 13.02.2024г. до 12.02.2029г."
29959,"KZ.7500651.01.01.07890
от 13.02.2024г. до 12.02.2029г."
29964,"KZ.7500651.01.01.07933
от 14.02.2024г. до 13.02.2029г."
29965,"KZ.7500651.01.01.07934
от 14.02.2024г. до 13.02.2029г."
29966,"ЕАЭС KZ.7500651.13.12.17896
от 13.02.2024г. до 12.02.2029г."
29967,"ЕАЭС KZ.7500651.13.12.17897
от 13.02.2024г. до 12.02.2029г."
29968,"KZ.7500651.01.01.07935
от 14.02.2024г. до 13.02.2029г."
29969,"ЕАЭС KZ.7500651.13.12.18011
от 16.02.2024г. до 15.02.2029г."
29970,"ЕАЭС KZ.7500651.13.12.17894
от 13.02.2024г. до 13.02.2027г."
29971,"ЕАЭС KZ.7500651.13.12.17895
от 13.02.2024г. до 13.02.2027г."
29972,"KZ.7500651.01.01.07949
от 15.02.2024г. до 14.02.2029г."
29973,"ЕАЭС KZ.7500651.13.12.17898
от 13.02.2024г. до 12.02.2029г."
29974,"KZ.7500651.01.01.07936
от 14.02.2024г. до 13.02.2029г."
29975,"KZ.7500651.01.01.07937
от 14.02.2024г. до 13.02.2029г."
29977,"ЕАЭС KZ.7500651.13.12.17899
от 14.02.2024г. до 13.02.2029г."
29979,"KZ.7500651.01.01.07939
от 04.02.2024г. до 13.02.2029г."
29984,"KZ.7500651.13.12.17982
от 15.02.2024г. до 14.02.2029г."
29985,"KZ.7500651.01.01.02401
от 14.02.2024г. до 14.02.2025г."
29987,"KZ.7500651.01.01.07938
от 14.02.2024г. до 14.02.2027г."
29988,"KZ.7500651.01.01.02407
от 15.02.2024г. до 15.02.2025г."
29991,"KZ.7500651.01.01.02402
от 14.02.2024г. до 14.02.2025г."
29992,"KZ.7500651.01.01.02403
от 14.02.2024г. до 14.02.2025г."
29993,"KZ.7500651.01.01.02399
от 14.02.2024г. до 14.02.2025г."
29994,"ЕАЭС KZ 7100841.13.12.04348, 12.04.2024, 11.04.2025"
29995,"Декларация о соответствии ЕАЭС № ЕАЭС KZ 7500651.13.12.07736
от 28.09.2022 г. до 28.09.2023 г."
29996,"Декларация о соответствии ЕАЭС № ЕАЭС KZ 7500651.01.01.03326
Серия KZ № 0212266
от 28.09.2022 г. до 28.09.2023 г"
29997,"Декларация о соответствии ЕАЭС № ЕАЭС KZ 7500651.01.01.03326
Серия KZ № 0212266
от 28.09.2022 г. до 28.09.2023 г."
29998,"Декларация о соответствии ЕАЭС № ЕАЭС KZ 7500651.13.12.07737
от 28.09.2022 г. до 28.09.2023 г."
30006,"Декларация о соответствии ЕАЭС № ЕАЭС KZ 7500651.01.01.03325
Серия KZ № 0212265
от 28.09.2022 г. до 28.09.2023 г."
30012,"Декларация о соответствии ЕАЭС № ЕАЭС KZ 7500651.13.12.07737
от 28.09.2022 г. до 28.09.2023 г"
30015,Декларация о соответствии ЕАЭС № ЕАЭС KZ 7500651.13.12.19587 от 18.04.2024 г г. до 18.04.2027г.
30018,Декларация о соответствии ЕАЭС №  ЕАЭС KZ 7500651.01.01.08662 от 18.04.2024 г г. до 18.04.2027г.
30019,Декларация о соответствии ЕАЭС № ЕАЭС KZ 7500651.13.12.19588 от 18.04.2024 г г. до 18.04.2027г.
30020,Декларация о соответствии ЕАЭС № ЕАЭС KZ 7500651.01.01.08663 от 18.04.2024 г г. до 18.04.2027г.
30021,Декларация о соответствии ЕАЭС № ЕАЭС KZ 7500651.13.12.19588 от 18.04.2024 г г. до 18.04.2027г
30023,"Письмо отказное на товар 
исх. № 22 от 17.04.2024 г."
30024,"Письмо отказное на товар 
исх. № 22 от 17.04.2024 г.
Письмо отказное на товар 
исх. № 22 от 17.04.2024 г."
30029,№ ЕАЭС KZ 7500651.01.01.08667 с 18.04.2024 г. по 18.04.2027 г.
30039,ЕАЭС KZ7500986.01.01.09298 с 19 января 2024 по 19 января 2027 года
30040,ЕАЭС KZ7500986.01.01.09299 с 19 января 2024 по 19 января 2027 года
30044,Сертификат соответствия №KZ.7100841.01.01.01612 от 23.06.2023 г. до 22.06.2024 г.
30057,Сертификат соответствия №KZ.7100841.01.01.01613 от 23.06.2023 г. до 22.06.2024 г.
30073,Сертификат соответствия №KZ.7100841.01.01.01754 от 14.07.2023 г. до 13.07.2024 г.
30083,Сертификат соответствия №KZ.7100841.01.01.01614 от 23.06.2023 г. до 22.06.2024 г.
30089,Сертификат соответствия №KZ.7100841.01.01.01611 от 23.06.2023 г. до 22.06.2024 г.
30096,№ TC KZ E-KZ.0317.00183; 23.12.2021 - 22.12.2024
30097,№ TC KZ E-KZ.0317.00295; 01.12.2023 - 30.11.2024
30098,№ TC KZ E-KZ.0317.00230; 21.10.2022 - 20.10.2025
30099,№ TC KZ E-KZ.0317.00297; 01.12.2023 - 30.11.2026
30100,№ TC KZ E-KZ.0317.00159; 21.05.2021 - 20.05.2024
30101,№ TC KZ E-KZ.0317.00220; 20.06.2022 - 19.06.2025
30102,№ ТС KZ E-KZ.0317.00308; 10.01.2024 - 09.01.2027
30103,№ ТС KZ A-KZ.2518.00001; 05.07.2023 - бессрочно
30104,№ ТС KZ E-KZ.0317.00285.И1; 30.01.2024 - 05.10.2026
30105,№ ТС KZ E-KZ.0317.00347; 10.05.2024 - 09.05.2027
30106,№ ТС KZ E-KZ.0317.00338; 25.03.2024 - 25.03.2027
30107,№ ТС KZ E-KZ.0317.00274; 15.09.2023 - 14.09.2024
30108,№ ТС KZ E-KZ.0317.00288; 14.02.2024 - 13.02.2027
30109,№ ТС KZ E-KZ.0317.00262; 05.07.2023 - 04.07.2026
30110,"ЕАЭС KZ 3910317.13.12.01941
с 10.03.2023 г. до 10.03.2024 г."
30112,"ЕАЭС KZ 3910317.13.12.01942
с 10.03.2023 г. до 10.03.2024 г."
30126,"ЕАЭС KZ  3510317.13.12.03188
С 15.01.2024 г. по 14.01.2025 г."
30128,"ЕАЭС KZ  3510317.13.12.03189
С 15.01.2024 г. по 14.01.2025 г."
30129,"ЕАЭС KZ  351017.01.01.00973
С 15.01.2024 г. по 14.01.2025 г."
30134,"ЕАЭС KZ 35103 l7.01.01.00974
C 15.01.2024 г. по 14.01.2025 г."
30135,"ЕАЭС KZ  3510317.13.12.03190
С 15.01.2024 г. по 14.01.2025 г."
30143,Декларация соответствия № ЕАЭС KZ ЕАЭС KZ 7100841.13.12.02574 от 20.06.2023г. действительна до19.06.2024г.
30207,Декларация соответствия № ЕАЭС KZ 7100841.13.12.02573 от 20.06.2023г. действительна до19.06.2024г.
30228,Декларация о соответствии ЕАЭС KZ 7100841.13.12.02575 от 20.06.2023 по 19.06.2024
30332,Декларация о соответствии ЕАЭС KZ 7100841.13.12.02572 от 20.06.2023 по 19.06.2024
30349,Декларация о соответствии ЕАЭС KZ 7100841.13.12.02571 от 20.06.2023 по 19.06.2024
30370,№ЕАЭС KZ 7100841.13.12.02755 с 20.07.2023 по 19.07.2026 г.
30371,№ЕАЭС KZ 7100841.13.12.02756 с 20.07.2023 по 19.07.2026 г.
30373,№ЕАЭС KZ 7100841.01.01.02109 с 20.07.2023 по 19.07.2026 г.
30375,№ЕАЭС KZ 7100841.13.12.02754 с 20.07.2023 по 19.07.2026 г.
30382,№ЕАЭС KZ 7100841.01.01.02170 с 28.07.2023 по 27.07.2026 г.
30387,ЕАЭС KZ 7500986.01.01.09472
30390,",ЕАЭС KZ 7500986.01.01.09473"
30391,ЕАЭС KZ 7500986.01.01.09471
30392,ЕАЭС КZ 7500986.01.01.09474
30394,не подлежит обязательной сертификации
30447,"ЕАЭС KZ 7100841.13.12.04514 дата выдачи 24.04.2024г., дата окончания 24.04.2025г"
30448,"Письмо АО «НаЦЭК» № 1500/11 от 11.07.2023г. 
не подлежит оценки соответствия"
30449,"Письмо АО «НаЦЭК» № 433/11 от 02.04.2024г. 
не подлежит оценки соответствия"
30450,"ЕАЭС KZ 7100841.01.01.02516
С 29.09.2023г до 28.09.2024г."
30509,"ЕАЭС KZ 7100841.01.01.02512
С 29.09.2023г до 28.09.2024г."
30516,№ KZ.7500361.01.01.05556 от 27.03.2024 г. До 27.03.2025 г.
30517,№ЕАЭС KZ 7500361.01.01.07608 от 27.03.2024 г. До 26.03.2029 г.
30518,№ЕАЭС KZ 7500361.01.01.07607 от 27.03.2024 г. До 26.03.2029 г.
30523,№ЕАЭС KZ 7500361.01.01.07609 от 27.03.2024 г. До 26.03.2029 г.
30526,№ЕАЭС KZ 7500361.01.01.07606 от 27.03.2024 г. До 26.03.2029 г.
30528,№ KZ.7500361.01.01.05558 от  27 марта 2024	г. до 27 марта 2025 г.
30530,Евразийский экономический союз. Декларация о соответствии  ЕАЭС N RU Д-KZ.АМ04.В.00499/19 от 27.08.2019г. до 27.08.2024 г.
30531,Евразийский экономический союз. Декларация о соответствии ЕАЭС N RU Д-KZ.АМ04.В.00499/19 от 27.08.2019г. до 27.08.2024 г.
30547,Евразийский экономический союз. Декларация о соответствии ЕАЭС N RU Д-KZ.АМ04.В.00497/19 от 27.08.2019г. до 27.08.2024 г.
30552,Евразийский экономический союз. Декларация о соответствии ЕАЭС N RU Д-KZ.АМ04.В.00496/19 от 27.08.2019г. до 27.08.2024 г.
30568,Евразийский экономический союз Декларация о соответствии ЕАЭС N RU Д-KZ.АМ04.В.00496/19 от 27.08.2019г. до 27.08.2024 г.
30569,Евразийский экономический союз Сертификат соответствия ЕАЭС KZ 7100841.01.01.03397 от 16.04.2024г. до 15.04.2027 г.
30575,Евразийский экономический союз Сертификат соответствия ЕАЭС KZ 7100841.01.01.03398 от 16.04.2024г. до 15.04.2027 г.
30576,Сертификат соответсвия KZ.3910317.22.01.00226 от 28.05.2021 г. серия №0162140
30588,"Сертификат соответствия № KZ.7100841.01.01.02489 от 10.11.2023г., сроком до 22.05.2026г.;"
30589,"Сертификат соответствия № KZ.7100841.01.01.02490 от 10.11.2023г., сроком до 22.05.2026г."
30590,Информационное письмо №22-2/902 от 01.07.2023г.
30600,"Сертификат соответствия № KZ.7100841.01.01.03063 от 18.03.2024г., сроком до 22.05.2026г."
30601,№053 от 23.10.2023г.
30636,№2-3/190 от 16.02.2024г.
30645,№1 от 19.10.2023г.
30777,№2-3/190 от 16.02.2024г
30778,№022 от 02.05.2024г
30848,ЕАЭС KZ.7500937.13.12.00265 дата выдачи 03.11.2021; действительна по 03.11.2024
30849,ЕАЭС KZ.7500937.13.12.00266 дата выдачи 03.11.2021; действительна по 03.11.2024
30851,"ЕАЭС KZ.7500196.13.12.02083 от 
03.03.2023 г. /действителен по 
03.03.2026 г. включительно/"
30945,Декларация о соответствии № ЕАЭС KZ 7100841.13.12.04159 от 01.04.2024г. действительна до 31.03.2025г.
30948,Декларация о соответствии № ЕАЭС KZ 7100841.13.12.04161 от 01.04.2024г. действительна до 31.03.2025г.
30955,Декларация о соответствии № ЕАЭС KZ 7100841.13.12.04162 от 01.04.2024г. действительна до 31.03.2025г.
30962,Декларация о соответствии № ЕАЭС KZ 7100841.13.12.04163 от 01.04.2024г. действительна до 31.03.2025г.
30965,"ЕАЭС KG 417/01.06.Д.0002470, 16.04.2019"
30967,"ЕАЭС KG 417/01.06.Д.0002472, 16.04.2019"
30971,"ЕАЭС KG 417/01.06.Д.0002473, 16.04.2019"
30974,"ЕАЭС  KG  417/01.06.Д.0002473, 16.04.2019"
30975,"ЕАЭС KG 417/01.06. Д.0002475, 16.04.2019"
30979,"EAЭC KG 417/01.06.Д.0002476 ,  16.04.2019"
30980,"ЕАЭС KG 417/01.06.Д.0010913, 28.04.2020"
31003,"ЕАЭС KG417/01.06.Д.0002471,  16.04.2019"
31008,№ ЕАЭС KZ 7500651.13.12.19367 от 08.04.2024 до 07.04.2029
31012,№ ЕАЭС KZ 7500651.01.01.08537 от 08.04.2024 до 08.04.2027
31013,№ ЕАЭС KZ 7500651.01.01.08538 от 08.04.2024 до 08.04.2027
31015,№ ЕАЭС KZ 7500651.01.01.08539 от 08.04.2024 до 08.04.2027
31016,№ ЕАЭС KZ 7500651.13.12.19365 от 08.04.2024 до 07.04.2029
31017,№ ЕАЭС KZ 7500651.01.01.08542 от 08.04.2024 до 07.04.2029
31020,№ ЕАЭС KZ 7500651.01.01.08543 от 08.04.2024 до 07.04.2029
31022,№ ЕАЭС KZ 7500651.13.12.19366 от 08.04.2024 до 07.04.2029
31026,№ ЕАЭС KZ 7500651.01.01.08541 от 08.04.2024 до 07.04.2029
31030,№ ЕАЭС KZ 7500651.01.01.08540 от 08.04.2024 до 07.04.2029
31031,№ЕАЭС KZ 7500651.13.12.19363 т 08.04.2024 до 08.04.2027
31033,№ЕАЭС KZ 7500651.13.12.19364 т 08.04.2024 до 08.04.2027
31043,"Декларация о соответствии 
ЕАЭС KZ 3910317.13.12.01790"
31045,"Декларация о соответствии 
ЕАЭС KZ 3910317.13.12.01792"
31046,"Декларация о соответствии 
ЕАЭС KZ 3910317.13.12.01793"
31047,"Декларация о соответствии 
ЕАЭС KZ 3910317.13.12.01794"
31048,"Декларация о соответствии
ЕАЭС KZ 3910317.13.12.01847"
31058,"Декларация о соответствии 
ЕАЭС KZ 3910317.13.12.01802"
31060,"Декларация о соответствии 
ЕАЭС KZ 3910317.13.12.01789"
31062,"Декларация о соответствии 
ЕАЭС KZ 3910317.13.12.01791"
31065,"Сертификат соответствия
ЕАЭС KZ 3910317.01.01.00262"
31066,"Сертификат соответствия
ЕАЭС KZ 3910317.01.01.00780"
31068,"Сертификат соответствия
ЕАЭС KZ 3910317.01.01.00781"
31117,"EAЭС.KZ.3110317.01.01.00139 от 11.08.2023 до 07.11.2025, ЕАЭС.KZ3110317.13.12.00255 от 11.08.2023 до 07.11.2025г"
31129,EAЭС.KZ.3110317.01.01.00139 от 11.08.2023 до 07.11.2025
31177,EAЭС.KZ.3110317.01.01.00318 от 11.08.2023 до 07.11.2025
31182,KZ 5510317.13.12.00664 от 31.05.2022-31.05.2023
31185,KZ 5510317.13.12.02113 от 29.04.2024 по 29.04.2025
31191,ДЕКЛАРАЦИЯ О СООТВЕТСТВИИ ЕАЭС KZ 7100841.13.12.04569 от 30.04.2024
31196,"№ЕАЭС КZ 7100841.01.01.01852 
 Cерия КZ №0236853
31.05.2023-30.05.2026"
31305,KZ.1910317.13.12.00271 от 10.05.2023 г. до 10.05.2024 г.
31314,KZ.1910317.13.12.00269 от 10.05.2023 г. до 10.05.2024 г.
31319,KZ.1910317.01.01.00012 от 10.05.2023 г. до 10.05.2024 г.
31320,KZ.1910317.01.01.00013 от 10.05.2023 г. до 10.05.2023 г.
31321,KZ.1910317.13.12.00267 от 10.05.2023 г. до 10.05.2023 г.
31323,KZ.1910317.13.12.00268 от 10.05.2023 г. до 10.05.2024 г.
31325,KZ.1910317.13.12.00270 от 10.05.2023 г. до 10.05.2024 г.
31341,Сертификат соответствия КZ5510317.01.01.00739 c 27.10.2023г. по 27.10.2024г.
31342,Сертификат о соответствии КZ 5510317.01.01.00834 с 28.03.2024г по 28.03.2025г.
31343,Сертификат соответствия КZ 5510517.01.01.00704 от 18.09.2023г по 18.09.2024г.
31344,Сертификат соответствия КZ 5510517.01.01.00703 от 18.09.2023г по 18.09.2024г.
31345,Декларация о соответствии ЕАЭС КZ 5510317.13.12.01752 от 24.11.2023г по 24.11.2024г.
31346,Сертификат соответствия ЕАЭС КZ 5510317.01.01.00462 от 03.08.2023г по 02.08.2025г.
31347,Сертификат соответствия КZ 5510317.01.01.00833 от 28.03.2024г по 28.03.2025г.
31348,Сертификат соответствия КZ 5510317.01.01.00702 от 18.09.2023г по 18.09.2024г.
31349,Сертификат соответствия КZ 5510317.01.01.00705 от 18.09.2023г по 18.09.2024г.
31350,Сертификат соответствия КZ 5510317.01.01.00835 от 28.03.2024г по 28.03.2025г.
31351,Сертификат соответствия КZ 5510317.01.01.00738 от 27.10.2023г по 27.10.2024г.
31352,Декларация о соответствии ЕАЭС КZ5510317.13.12.01750 от 24.11.2023г по 24.11.2024г
31353,KZ.7700.02.01.00918848 от 21.11.2022 - до Бессрочно
31354,KZ.7700.02.01.00919405 от 22.11.2022 - до Бессрочно
31355,KZ.7700.02.01.00923969 от 02.12.2022 - до Бессрочно
31356,KZ.7700.02.01.00917522 от 17.11.2022 - до Бессрочно
31357,KZ.7700.02.01.00931310 от 20.12.2022 - до Бессрочно
31358,KZ.7700.02.01.00932142 от 21.12.2022 - до Бессрочно
31359,KZ.7700.02.01.00913587 от 04.11.2022 - до Бессрочно
31360,KZ.7700.02.01.00918615 от 18.11.2022 - до Бессрочно
31361,KZ.7700.02.01.01093552 от 27.02.2024 - до Бессрочно
31362,KZ.7700.02.01.00915726 от 11.11.2022 - до Бессрочно
31363,KZ.7700.02.01.00926846 от 09.12.2022 - до Бессрочно
31364,KZ.7700.02.01.00926580 от 08.12.2022 - до Бессрочно
31365,KZ.7700.02.01.00923794 от 02.12.2022 - до Бессрочно
31366,KZ.7700.02.01.00925440 - от 06.12.2022 - до Бессрочно
31367,KZ.7700.02.01.00919026 от 21.11.2022 - до Бессрочно
31368,KZ.7700.02.01.00926239 от 08.12.2022 - до Бессрочно
31369,KZ.7700.02.01.01107537 от 03.04.2024 - до Бессрочно
31370,KZ.7700.02.01.00927412 от 09.12.2022 - до Бессрочно
31371,KZ.7700.02.01.00928138 от 12.12.2022 - до Бессрочно
31372,KZ.7700.02.01.00926397 от 08.12.2022 - до Бессрочно
31373,KZ.7700.02.01.00921050 от 25.11.2022 - до Бессрочно
31374,KZ.7700.02.01.00921865 - от 29.11.2022 - до Бессрочно
31375,KZ.7700.02.01.00925098 от 06.12.2022 - до Бессрочно
31376,KZ.7700.02.01.00920889 от 25.11.2022 - до Бессрочно
31377,KZ.7700.02.01.00923283 от 01.12.2022 до Бессрочно
31378,KZ.7700.02.01.00917561 от 17.11.2022 - до Бессрочно
31379,KZ.7700.02.01.00928944 от 13.12.2022 - до Бессрочно
31380,KZ.7700.02.01.00920786 от 25.11.2022 - до Бессрочно
31381,KZ.7700.02.01.00922726 от 30.11.2022 - до Бессрочно
31382,KZ.7700.02.01.00921584 - 28.11.2022 - до Бессрочно
31383,KZ.7700.02.01.00921342 от 28.11.2022 - до Бессрочно
31384,KZ.7700.02.01.00924889 от 06.12.2022 - до Бессрочно
31385,KZ.7700.02.01.00922010 от 29.11.2022 - до Бессрочно
31386,KZ.7700.02.01.00928890 от 13.12.2022 - до Бессрочно
31387,KZ.7700.02.01.00983083 от 16.05.2023 -  до Бессрочно
33982,EAЭС KZ 7500802.13.12.01793
31388,KZ.7700.02.01.00986300 от 25.05.2023 - до Бессрочно
31389,KZ.7700.02.01.00989810 от 01.06.2023 -  до Бессрочно
31390,EAЭС KZ 7500986.01.01.10499 от 17.05.2024
31393,EAЭС KZ 7500986.01.01.10496 от 17.05.2024
31394,EAЭС KZ 7500986.01.01.10498 от 17.05.2024
31395,EAЭС KZ 7500986.01.01.10497 от 17.05.2024
31401,№KZ.Q.01.0483.C24.06999 от 23.05.2024г. до 23.05.2027г.
31523,№ЕАЭС KZ 7100841.01.01.00801 от 06.12.2022 до 06.12.2025.
31529,№KZ. 7500937.01.01.01636 от 12.04.2022 до 07.06.2024.
31628,"ЕАЭС N KZ Д-KZ.0317.В.00016
02.07.21-02.07.24г"
31629,"ЕАЭС TC KZ C-KZ.0317.В.00009
09.07.21-09.07.24г"
31630,"ЕАЭС TC KZ C-KZ.0317.В.00018
09.07.21-09.07.24г"
31633,"ЕАЭС TC KZ C-KZ.0317.В.00011
09.07.21-09.07.24г"
31634,"ЕАЭС TC KZ C-KZ.0317.В.00003
09.07.21-09.07.24г"
31636,"ЕАЭС N KZ Д-KZ.0317.В.00012
09.07.21-09.07.24г"
31638,"ЕАЭС N KZ C-KZ.0317.В.00003
02.07.21-02.07.24г"
31639,"ЕАЭС N KZ Д-KZ.0317.В.00017
02.07.21-02.07.24г"
31640,"ЕАЭС N KZ Д-KZ.0317.В.00018
02.07.21-02.07.24г"
31647,"ЕАЭС N KZ С-KZ.0317.В.00011
09.07.21-09.07.24г"
31648,"ЕАЭС TC KZ C-KZ.0317.В.00005
09.07.21-09.07.24г"
31650,"ЕАЭС N RU Д-KZ.РА01.В.80595/24 
с 09.02.2024 по 07.02.2029"
31651,"ЕАЭС N RU Д-KZ.РА01.В.84350/24 
с 09.02.2024 по 07.02.2029"
31652,ЕАЭС N RU Д-KZ.РА01.В.84363/24  с 09.02.2024 по 07.02.2029
31653,"ЕАЭС N RU Д-KZ.РА01.В.84364/24  
с 09.02.2024 по 07.02.2029"
31654,"ЕАЭС N RU Д-KZ.РА01.В.84341/24 
с 09.02.2024 по 07.02.2029"
31655,"ЕАЭС N RU Д-KZ.РА01.В.83668/24 
с 09.02.2024 по 07.02.2029"
31656,"ЕАЭС N RU Д-KZ.РА01.В.84356/24 
с 09.02.2024 по 07.02.2029"
31657,"ЕАЭС N RU Д-KZ.РА01.В.84370/24
с 09.02.2024 по 07.02.2029"
31658,"ЕАЭС N RU Д-KZ.РА01.В.84372/24 
с 09.02.2024 по 07.02.2029"
31659,"ЕАЭС N RU Д-KZ.РА01.В.89885/24 
с 09.02.2024 по 07.02.2029"
31660,"ЕАЭС N RU Д-KZ.РА01.В.84358/24 
с 09.02.2024  по 07.02.2029"
31661,"ЕАЭС N RU Д-KZ.РА01.В.84360/24
с 09.02.2024 по 07.02.2029"
31662,"ЕАЭС N RU Д-KZ.РА01.В.84354/24 
с 09.02.2024 по 07.02.2029"
31663,"ЕАЭС N RU Д-KZ.РА01.В.84275/24 
с 09.02.2024 по 07.02.2029"
31664,"ЕАЭС N RU Д-KZ.РА01.В.84345/24 
с 09.02.2024 по 07.02.2029"
31665,"ЕАЭС N RU Д-KZ.РА01.В.84369/24
с 09.02.2024 по 07.02.2024"
31666,"ЕАЭС N RU Д-KZ.РА01.В.84375/24 
С 09.02.2024 по 07.02.2029"
31667,"ЕАЭС N RU Д-KZ.РА01.В.84373/24 
с 09.02.2024  по 07.02.2029"
31668,"ЕАЭС N RU Д-KZ.РА01.В.84368/24  
с 09.02.2024 по 07.02.2029"
31669,Декларация о соответствии № ЕАЭС KZ 7500986.13.12.05019 от 10.02.2023 г. до 10.02.2026 г.
31670,Декларация о соответствии № ЕАЭС KZ 7500986.13.12.05020 от 10.02.2023 г. до 10.02.2026 г.
31671,Декларация о соответствии № ЕАЭС KZ 7500986.13.12.05021от 10.02.2023 г. до 10.02.2026 г.
31672,Декларация о соответствии № ЕАЭС KZ 7500986.13.12.05013 от 10.02.2023г. до 10.02.2026г
31673,Сертификат соответствия №ЕАЭС KZ 7500986.01.01.01.04608 от 10.02.2023 г. до 10.02.2026 г.
31674,Декларация о соответствии № ЕАЭС KZ 7500986.13.12.05015 от 10.02.2023г. до 10.02.2026г.
31675,Декларация о соответствии № ЕАЭС KZ 7500986.13.12.05017от 10.02.2023 г. до 10.02.2026г.
31676,Декларация о соответствии № ЕАЭС KZ 7500986.13.12.05014 от 10.02.2023 г. до 10.02.2026г.
31677,Сертификат соответствия №ЕАЭС KZ 7500986.01.01.01.04609 от 10.02.2023 г. до 10.02.2026 г.
31678,Декларация о соответствии № ЕАЭС KZ 7500986.13.12.05016 от 10.02.2023 г. до 10.02.2026г.
31679,Декларация о соответствии № ЕАЭС KZ 7500986.13.12.05018 от 10.02.2023г. до 10.02.2026г.
31680,Сертификат соответствия №ЕАЭС KZ 7500986.01.01.01.04610 от 10.02.2023 г. до 10.02.2026 г.
31681,Декларация о соответствии № ЕАЭС KZ 7500986.13.12.05022 от 10.02.2023г. до 10.02.2026г.
31682,Декларация о соответствии № ЕАЭС KZ 7500986.13.12.05023 от 10.02.2023 г. до 10.02.2026 г.
31683,Сертификат соответствия №ЕАЭС KZ 7500986.01.01.01.04611 от 10.02.2023 г. до 10.02.2026 г.
31684,Сертификат соответствия № ЕАЭС KZ 7500651.01.01.08775 от 30.04.2024г. действителен до 29.04.2029г.
31685,Декларация соответствия № ЕАЭС KZ 7500651.13.12.19846 от 30.04.2024г. действителен до 29.04.2029г.
31686,Декларация соответствия № ЕАЭС KZ 7500651.13.12.19845 от 30.04.2024г. действителен до 29.04.2029г.
31687,Сертификат соответствия № ЕАЭС KZ 7500651.01.01.08776 от 30.04.2024г. действителен до 29.04.2029г.
31688,Сертификат соответствия № ЕАЭС KZ 7500651.01.01.08777 от 30.04.2024г. действителен до 29.04.2029г.
31689,Сертификат соответствия № ЕАЭС KZ 7500651.01.01.08778 от 30.04.2024г. действителен до 29.04.2029г.
31690,Сертификат соответствия № ЕАЭС KZ 7500651.01.01.08779 от 30.04.2024г. действителен до 29.04.2029г.
31691,Сертификат соответствия № ЕАЭС KZ 7500651.01.01.08780 от 30.04.2024г. действителен до 29.04.2029г.
31692,Сертификат соответствия №KZ.7500545.01.01.02311 от 02.04.2024г действителен до 02.04.2025г
31697,"ЕАЭС KZ 7500995.13.12.08895
06.05.2024 г.
06.05.2025 г."
31699,"ЕАЭС KZ 7500995.13.12.08894
06.05.2024 г. 
06.05.2025 г."
31700,"ЕАЭС KZ 7500995.13.12.08891
06.05.2024 г.
06.05.2025 г."
31702,"ЕАЭС KZ 7500995.13.12.08890
06.05.2024 г.
06.05.2025 г."
31704,"KZ.7500995.01.01.01922
10.05.2024 г.
10.05.2025 г."
31706,"ЕАЭС KZ 7500995.13.12.08896
06.05.2024 г.
06.05.2025 г."
31711,"ЕАЭС KZ 7500995.13.12.08892
06.05.2024 г.
06.05.2025 г."
31713,"ЕАЭС KZ 7500995.13.12.08893
06.05.2024 г.
06.05.2025 г."
31714,"ЕАЭС KZ 7500995.13.12.08898
06.05.2024 г.
06.05.2025 г."
31716,"ЕАЭС KZ 7500995.13.12.08899
06.05.2024 г.
06.05.2024 г."
31717,"ЕАЭС KZ 7500995.13.12.08900
06.05.2024г.
06.05.2024 г."
31731,"KZ.7500995.01.01.01923
10.05.2024 г.
10.05.2025 г."
31733,"ЕАЭС KZ 7500995.01.01.02597
10.05.2024 г.
10.05.2025 г."
31734,"ЕАЭС KZ 7500995.13.12.08897
06.05.2024 г.
06.05.2024 г."
31736,ЕАЭС № KZ.7500196.24.01.00032 от 04.06.2021 г. по 03.06.2024 г.
31737,ЕАЭС № KZ.7500196.01.01.00662 от 13.05.2022 по 12.05.2027 г.
31738,ЕАЭС № KZ.7500196.24.01.00030 от 04.06.2021 г. по 03.06.2024 г.
31739,ЕАЭС № KZ.7500196.24.01.00031 от 04.06.2021 г. по 03.06.2024 г.
31740,ЕАЭС № KZ.7500139.24.01.00006 от 15.06.2020 г. по 14.06.2023 г.
31741,"1) ЕАЭС № KZ.7500196.13.12.01637 от 12.12.2022 по 11.12.2027 г.
2) № ЕАЭС KZ 7500196.01.01.00924 от 12.12.2022 по 11.12.2027 г."
31742,ЕАЭС № KZ.7500139.24.01.00011 от 30.07.2020 г. по 29.07.2023 г.
31744,1) ЕАЭС № KZ.7500196.24.01.00029 от 04.06.2021 г. по 03.06.2024 г.                     2) № ЕАЭС KZ.7500196.01.01.00925 от 12.12.2022 по 11.12.2027 г.
31745,"1) ЕАЭС № KZ.7500139.24.01.00014 от 30.07.2020 г. по 29.07.2023 г.
2) № ЕАЭС KZ.7500196.01.01.00920 от 09.12.2022 г. по 08.12.2027 г."
31746,ЕАЭС № KZ.7500139.24.01.00007 от 15.06.2020 г. по 14.06.2023 г.
31747,ЕАЭС № KZ.7500139.24.01.00027 от 26.02.2021 г. по 25.02.2024 г.
31749,ЕАЭС № KZ.7500139.24.01.00016 от 25.08.2020 г. по 24.08.2023 г.
31750,№ ЕАЭС KZ 7500196.13.12.04056 от 18.01.2024 г. по 18.01.2027 г.
31751,№ ЕАЭС KZ7500196.13.12.04057 от 18.01.2024 г. по 18.01.2027 г.
31753,№ ЕАЭС KZ 7500196.01.01.00927 от 12.12.2022 г. по 11.12.2027 г.
31754,№ ЕАЭС KZ 7500196.01.01.00662 от 13.05.2022 по 12.05.2027 г.
31755,№ ЕАЭС KZ 7500196.13.12.03952 от 05.01.2024 г. по 05.01.2027 г.
31756,№ ЕАЭС KZ 7500196.01.01.00926 от 12.12.2022 г. по 11.12.2027 г.
31757,№ ЕАЭС KZ 7500196.13.12.03996 от 12.01.2024 г. по 12.01.2027 г.
31759,№ ЕАЭС KZ.7500196.13.12.00916 от 27.05.2022 по 26.05.2027 г.
31760,№ ЕАЭС KZ 7500196.13.12.03303 от 22.09.2023 г. по 22.09.2026 г.
31761,№000298. Исх. № 183/10 от 07.02.2024 г.
31811,№6/ПС-1 от 31.05.2024
31818,ЕАЭС KZ 75000802.01.01.008-48  от 8 февраля 2024 года
31824,"декларация о соответствии
ЕАЭС KZ 7500986.13.12.10861 от  07.02.2024 г. до 07.02.2025 г."
31830,"декларация о соответствии
ЕАЭС KZ 7500986.13.12.10860 от  07.02.2024 г. до 07.02.2025 г."
31831,"декларация о соответствии
ЕАЭС KZ 7500986.13.12.10859  от  07.02.2024 г. до 07.02.2025 г."
31837,"№ ЕАЭС KZ 7100317.13.12.04393, выдан 12.04.2024 сроком по 12.04.2025 включительно"
31841,"№ ЕАЭС KZ 7100317.13.12.04394, выдан 12.04.2024 сроком по 12.04.2025 включительно"
31842,"№ ЕАЭС KZ 7100317.13.12.04391, выдан 12.04.2024 сроком по 12.04.2025 включительно"
31848,Не декларируется
31874,"№ ЕАЭС KZ 7100317.13.12.04392, выдан 12.04.2024 сроком по 12.04.2025 включительно"
31880,"№ ЕАЭС KZ 7100317.01.01.01686, выдан 12.04.2024 сроком по 12.04.2025 включительно"
31884,"№ ЕАЭС KZ 7100317.01.01.01687, выдан 12.04.2024 сроком по 12.04.2025 включительно"
31907,"Евразийский экономический союз. Декларация о соответствии 
ЕАЭС KZ 7100841.13.12.04295 от 10.04.2024г. до 09.04.2024 г."
31908,"Евразийский экономический союз. Декларация о соответствии 
ЕАЭС KZ 7100841.13.12.04292
10.04.2024г. до 09.04.2024 г."
31909,"Евразийский экономический союз. Декларация о соответствии 
ЕАЭС KZ 7100841.13.12.04294 от 10.04.2024г. до 09.04.2024 г."
31936,"Евразийский экономический союз. Декларация о соответствии 
ЕАЭС KZ 7100841.13.12.04293 от 10.04.2024г. до 09.04.2024 г."
31961,"Евразийский экономический союз. Сертификат соответствии 
ЕАЭС KZ 7100841.01.01.03374
10.04.2024г. до 09.04.2024 г."
31962,"Письмо о соответствии продукции № «180124-08» от 18.01.2024г., выданный ТОО «ФИРМА 
ТОРГОВАЯ ПАЛАТА»"
31976,ЕАЭС № ЕАЭС KZ 7100841.13.12.04013 от 04.03.2024 г.
31977,ЕАЭС № ЕАЭС KZ 7100841.13.12.04012 от 04.03.2024 г.
31980,не подлежит оценке соответствия
32009,"KZ.7500551.13.12.00032 от 14.03.2024г  , срок окончания 16.05.2025г"
32013,"ЕАЭС KZ   7100841.01.01.03286 от 20.03.2024г, срок окончания 19.03.2027г"
32096,не подлежит сертификации
32097,KZ.7700.02.01.01084103 от  02.02.2024г.
32098,KZ.7700.02.01.01083108 от  01.02.2024г.
32099,KZ.7700.02.01.01083109 от  01.02.2024г.
32100,KZ.7700.02.01.01083103 от  01.02.2024г.
32101,KZ.7700.02.01.01083110 от  01.02.2024г.
32102,KZ.7700.02.01.01083107 от  01.02.2024г.
32103,KZ.7700.02.01.01083111 от  01.02.2024г.
32104,KZ.7700.02.01.01084367 от  05.02.2024г.
32105,KZ.7700.02.01.01084574 от  05.02.2024г.
32106,KZ.7700.02.01.01084362 от  05.02.2024г.
32107,KZ.7700.02.01.01084563 от  05.02.2024г.
32108,KZ.7700.02.01.01086745 от  09.02.2024г.
32109,KZ.7700.02.01.01086636 от  09.02.2024г.
32110,KZ.7700.02.01.01086836 от  09.02.2024г.
32111,KZ.7700.02.01.01086746 от  09.02.2024г.
32112,KZ.7700.02.01.01086616 от  09.02.2024г.
32113,KZ.7700.02.01.01086845 от  09.02.2024г.
32114,KZ.7700.02.01.01086635 от  09.02.2024г.
32115,KZ.7700.02.01.01086627 от  09.02.2024г.
32116,KZ.7700.02.01.01081952 от  30.01.2024г.
32117,KZ.7700.02.01.01081954 от  30.01.2024г.
32118,KZ.7700.02.01.01081955 от  30.01.2024г.
32119,KZ.7700.02.01.01081956 от  30.01.2024г.
32120,KZ.7700.02.01.01083407 от  01.02.2024г.
32121,KZ.7700.02.01.01083408 от  01.02.2024г.
32122,KZ.7700.02.01.01083421 от  01.02.2024г.
32123,KZ.7700.02.01.01083399 от  01.02.2024г.
32124,KZ.7700.02.01.01084769от  06.02.2024г.
32125,KZ.7700.02.01.01084768 от  06.02.2024г.
32126,KZ.7700.02.01.01084655 от  06.02.2024г.
32127,KZ.7700.02.01.01084649 от  06.02.2024г.
32128,KZ.7700.02.01.01084652 от  06.02.2024г.
32129,KZ.7700.02.01.01084656 от  06.02.2024г.
32130,KZ.7700.02.01.01084665 от  06.02.2024г.
32131,KZ.7700.02.01.01084773 от  06.02.2024г.
32132,KZ.7700.02.01.01084666 от  06.02.2024г.
32133,KZ.7700.02.01.01084778 от  06.02.2024г.
32134,KZ.7700.02.01.01086761 от  09.02.2024г.
32135,KZ.7700.02.01.01086762 от  09.02.2024г.
32136,KZ.7700.02.01.01086763 от  09.02.2024г.
32137,KZ.7700.02.01.01086729 от  09.02.2024г.
32138,KZ.7700.02.01.01086764 от  09.02.2024г.
32139,KZ.7700.02.01.01086757 от  09.02.2024г.
32140,KZ.7700.02.01.01086727 от  09.02.2024г.
32141,KZ.7700.02.01.01086733 от  09.02.2024г.
32142,KZ.7700.02.01.01086734 от  09.02.2024г.
32143,KZ.7700.02.01.01086735 от  09.02.2024г.
32144,KZ.7700.02.01.01115142 от 18.04.2024
32145,KZ.7700.02.01.01079237 от 22.01.2024
32146,KZ.7700.02.01.01079239 от 22.01.2024
32147,KZ.7700.02.01.01087220 от 12.02.2024
32148,KZ.7700.02.01.01087358 от 12.02.2024
32149,KZ.7700.02.01.01087218 от 12.02.2024
32150,KZ.7700.02.01.01087338 от 12.02.2024
32151,KZ.7700.02.01.01079285 от 22.01.2024
32152,KZ.7700.02.01.01123744 от 10.05.2024
32153,KZ.7700.02.01.01123745 от 10.05.2024
32154,KZ.7700.02.01.01123616 от 10.05.2024
32155,KZ.7500937.01.01.01374 от 02 марта 2022 года  действителен до 02 марта  2023 года
32163,KZ.7100841.01.01.01592 от 19 июня 2023 года до действителен 18 июня 2024 года
32175,KZ.7100841.01.01.01593 от 19 июня 2023 года действителен до 18 июня 2024 года
32176,KZ.7100841.01.01.01593 от 19 июня 2023 года до 18 июня 2024 года
32186,письмо №3-04/958 от 09.10.2023
32208,письмо №3-04/358 от 04.04.2024
32212,Декларация о соответствии ЕАЭС KZ 1510317.13.12.00858 от 12.12.2022 г. до 12.12.2025 г.
32213,"Декларация о соответствии ЕАЭС KZ 3910317,13,12,01887 от 23.02.2023г. до 23.02.2026 г."
32214,Декларация о соответствии ЕАЭС KZ 1510317.13.12.00859 от 13.12.2022г. до 13.12.2025г.
32219,Оценке соответствия не подлежит
32221,"Сертификат соответствия №0203556 ЕАЭС KZ7100841.01.01.00558, от 18.10.2022 по 18.10.2025"
32227,"Сертификат соответствия KZ 7100841.01.01.00293, от 18.10.2022 по 30.09.2025"
32234,ЕАЭС № KG417/01.06.Д.0027501 от 14.05.2021 г. до 13.05.2024 г.
32244,ЕАЭС № KG417/01.06.Д.0027500 от 14.05.2021 г. до 13.05.2024 г.
32250,ЕАЭС № KG417/01.06.Д.0027502 от 14.05.2021 г. до 13.05.2024 г.
32268,ЕАЭС № KG417/01.06.Д.0027504 от 14.05.2021 г. до 13.05.2024 г.
32289,ЕАЭС KZ7500802.01.01.00919 17.04.2024-17.04.2025
32294,№ ЕАЭС KZ.7500551.01.01.01213
32295,№ЕАЭС KZ 7500986.01.01.04927 с 01.03.2023 до 01.03.2024
32299,№ЕАЭС KZ 7500986.01.01.04928 с 01.03.2023 до 01.03.2024
32300,№ЕАЭС KZ 7500986.01.01.04926 с 01.03.2023 до 01.03.2024
32301,№ЕАЭС KZ 7500986.01.01.10664 c 31.05.2024 до 31.05.2027
32307,Сертификат соответствия продукции (при декларировании) № KZ.7700.02.01.00640387 от 23.04.2020 г
32308,Сертификат соответствия продукции (при декларировании) № KZ.7700.02.01.01121363 от 03.05.2024 г
32326,"EAЭС KZ 7500937.01.01.00811
17.03.2023г до 17.03.2026г"
32330,№ ЕАЭС KZ 7500937.01.01.00817 от 28.03.2023 г до 28.03.2026г
32331,№ ЕАЭС KZ 7500937.01.01.00815 от 28.03.2023 г до 28.03.2026г
32334,№ ЕАЭС KZ 7500937.01.01.00771 от 22.02.2023г до 30.01.2026г
32335,"№ ЕАЭС KZ 7500937.01.01.00771 от 22.02.2023г до 30,01.2026г"
32336,№ ЕАЭС KZ 7500937.01.01.00830 от 26.02.2024г до 25.02.2027 г
32337,№ KZ.7100841.41.01.01.02954 от 26.02.2024г до 15.02.2027г
32338,№ ЕАЭС KZ 7500937.01.01.00830 от 26.02.2024г до 25.02.2027г
32339,№ KZ.7500937.01.01.01004 от 20.01.2022г до 30.09.2024г
32341,№ ЕАЭС KZ 7100841.01.01.02013 от 03.07.2023г до 02.07.2026г
32342,№ KZ.7100841.01.01.01819 от 27.07.2023г до 26.07.2024г
32343,№ ЕАЭС KZ 7100841.01.01.02376 от 31.08.2023г до 30.08.2026г
32344,№ ЕАЭС KZ7100841.01.01.02011 от 03.07.2023г до 02.07.2026г
32346,№ KZ.7100841.01.01.02953 от 26.02.2024 г до 15.02.2027г
32348,№ ЕАЭС KZ 7500937.01.01.00816 от 28.03.2023 г до 28.03.2026г
32358,№ ЕАЭС KZ 7500937.01.01.00815 от 28.03.2023г до 28.03.2026г
32359,№ ЕАЭС KZ 7500937.01.01.00816 от 28.03.2023г до 28.03.2026г
32373,№ KZ.7500937.01.01.01090 от 16.02.2022 г до 30.09.2024г
32380,№ KZ.7500937.01.01.01091 от 16.02.2022 г до 30.09.2024г
32396,№ ЕАЭС KZ 7500937.01.01.00772 от 22.02.2023г до 30.01.2026г
32413,№ ЕАЭС KZ 7100841.01.01.02378 от 31.08.2023г до 30.08.2026г
32418,Сертификат соответствия №KZ.7100841.01.01.02963 со сроком от 01.03.2024 до 28.02.2025г.
32431,Сертификат соответствия KZ.7100841.01.01.03252 со сроком от 18.04.2024 до 17.04.2025г.
32638,№ KZ.7500361.01.01.28444 от 08 октября 2020 года /действителен до 14.05.2022г
32639,№ KZ. 7500361.01.01.28439 от 25 сентября 2020 года /действителен до 14.05.2022г.
32640,№ KZ. 7500361.01.01.28440 от 25 сентября 2020 года /действителен до 14.05.2022г.
32642,№ KZ. 7500361.01.01.28114 от 23 мая 2019 года /действителен до 14.05.2022г
32644,№ KZ. 7500361.01.01.28115 от 23 мая 2019 года /действителен до 14.05.2022г.
32645,№ KZ. 7500361.01.01.28116 от 23 мая 2019 года /действителен до 14.05.2022г.
32646,№ KZ. 7500361.01.01.28117 от 23 мая 2019 года /действителен до 14.05.2022г.
32647,№ KZ. 7500361.01.01.28125 от 23 мая 2019 года /действителен до 14.05.2022г
32648,"KZ.И.13.1236
11.10.2016 - 11.10.2021"
32649,"№ KZ. 7500361.01.01.28125 от 23 мая 2019 года /действителен до 14.05.2022г

№ KZ.7500361.01.01.28444 от 08 октября 2020 года /действителен до 14.05.2022г

№ KZ. 7500361.01.01.28440 от 25 сентября 2020 года /действителен до 14.05.2022г.

№ KZ. 7500361.01.01.28110 от 23 мая 2019 года /действителен до 14.05.2022г."
32650,Информационное письмо Исх.№2242/2024 – ОПС от 15.05.2024
32655,"Декларации о соответствии № ЕАЭС N RU Д-KZ.HX37. B.14281/20
Срок до: 02.12.2025 года"
32656,"Декларации о соответствии № 
ЕАЭС N RU Д-KZ. HX37.B.14281/20
Срок до: 02.12.2025 года"
32657,"Декларации о соответствии № 
ЕАЭС KZ 7500533.01.01.00131 Серия 0196628
Срок до: 12.05.2027 года"
32658,"Декларации о соответствии № 
ЕАЭС N RU Д-KZ.HX.37. B.16571/20
Срок до: 22.12.2025 года"
32659,"Декларации о соответствии № ЕАЭС N RU Д-KZ.HX.37. B.14847/20
Срок до: 08.12.2025года"
32661,"Декларации о соответствии № N RU Д-KZ.HX.37. B.14906/20
Срок до: 10.12.2021 года"
32662,"Декларации о соответствии № KZ417/01.06.Д.0002156
Срок до: 03.04.2022 года"
32663,"Декларации о соответствии № KG417/01.06. Д0002155
Срок до: 03.04.2022 года"
32664,"Сертификат соответствия № KZ.7100841.01.01.02447, от 02.11.2023г. по 05.10.2026г."
32679,Декларация соответствия № ЕАЭС KZ 7500361.13.12.17685 от 27.10.2023г. по 26.10.2026
32680,Декларация соответствия № ЕАЭС KZ 7500361.13.12.17682 от 27.10.2023г. по 26.10.2026
32681,Декларация соответствия № ЕАЭС KZ 7500361.13.12.17681 от 27.10.2023г. по 26.10.2026
32682,Сертификат сооветствия №ЕАЭС KZ 7500802.05.01.00857 Срок действия с 09.02.2024г. по 09.02.2027г.
32685,Декларация о соответствии № ЕАЭС KZ 7500533.13.12.02205 от 17.05.2024 по 16.05.2025г.
32693,Декларация о соответствии № ЕАЭС KZ 7500533.13.12.02189 от 17.05.2024 по 16.05.2025г.
32697,Сертификат соответствия № KZ.7500669.01.01.02101 от 05.06.2024г. действительно до 05.06.2025г.
32698,Сертификат соответствия № KZ.7500669.01.01.02102 от 05.06.2024г. действительно до 05.06.2025г.
32702,Сертификат соответствия № KZ.7500669.01.01.02100 от 05.06.2024г. действительно до 05.06.2025г.
32703,Сертификат соответствия № ЕАЭС KZ 7500651.01.01.08918 от 24.05.2024г. действительна до 24.05.2027г.
32705,Сертификат соответствия № ЕАЭС KZ 7500651.01.01.08917 от 24.05.2024г. действительна до 24.05.2027г.
32706,Декларация о соответствии № ЕАЭС KZ  ЕАЭС KZ 7500651.13.12.20132 от 24.05.2024г. действительна до 24.05.2027г.
32717,Декларация о соответствии № ЕАЭС KZ 7500651.13.12.20131 от 24.05.2024г. действительна до 24.05.2027г.
32725,Декларация о соответствии № ЕАЭС KZ 7500651.13.12.20132 от 24.05.2024г. действительна до 24.05.2027г.
32741,Декларация о соответствии № ЕАЭС KZ 7500651.13.12.20133 от 24.05.2024г. действительна до 24.05.2027г.
32747,Декларация о соответствии № ЕАЭС KZ  ЕАЭС KZ 7500651.13.12.20133 от 24.05.2024г. действительна до 24.05.2027г.
32782,Декларация о соответствии № ЕАЭС KZ 7500651.13.12.20134 от 24.05.2024г. действительна до 24.05.2027г.
32787,Сертификат соответствия № ЕАЭС KZ 7100841.01.01.02946 от 29.12.2023г. действителен до 28.12.2024г.
32797,сертификат соответствия №KZ.7500651.01.01.02587 со сроком от 22.05.2024г. до 09.05.2027г.
32810,ЕAЭC KG417/035.Д.0017669 от 13.11.2023 г.
32811,KZ 7100841.13.12.01399 от 22.12.2022 по 22.12.2023
32843,№ЕАЭС KZ 7100841.13.12.01398 от 22.12.2022 по 22.12.2023
32858,ЕАЭС KZ 7100841.13.12.04263 от 08.04.24г.
32860,ЕАЭС KZ 7100841.13.12.04264 от 08.04.24г.
32864,ЕАЭС ТС KZ С-KZ.0651.В.00186  30.07.2021-30.07.2026
32865,ЕАЭС  KZ 7500651.01.01.00645  29.09.2021-30.07.2026
33984,ЕАЭС KZ 7500802.01.01.00880
32866,ЕАЭС  KZ 7500651.01.01.00645   29.09.2021-30.07.2026
32867,ЕАЭС  KZ  7500651.01.000647                29.09.2021-30.07.2026
32868,ЕАЭС  KZ  7500651.01.000647   29.09.2021-30.07.2026
32869,ЕАЭС  KZ 7500651.01.01.00646                                                          29.09.2021-30.07.2026
32870,ЕАЭС  KZ 7500651.01.01.00646  29.09.2021-30.07.2026
32871,ЕАЭС N KZ Д-KZ.0651.В.00424 30.07.2021-30.07.2024
32873,ЕАЭС N KZ Д-KZ.0651.В.00425            30.07.2021-30.07.2026
32875,ЕАЭС N KZ Д-KZ.0651.В.00423 30.07.2021-30.07.2026
32877,ЕАЭС N KZ Д-KZ.0651.В.00423   30.07.2021-30.07.2026
32878,ЕАЭС N KZ Д-KZ.0651.В.00423    30.07.2021-30.07.2026
32879,EAЭС KZ 7500937.01.01.00836 KZ №0134194 от 07.06.2024 по 06.06.2025
32885,Декларация о соответствии № ЕАЭС KZ 7500533.13.12.0145701 от 04.2024г. действительна до 31.03.2025г.
32887,KZ. 7100841.01.01.03741   от 06.06.2024 до 06.06.2028
32895,КZ.7100628.05.01.00657 от 17.02.2023г. до 17.11.2023г.
32896,КZ.7100628.05.01.00658 от 17.02.2023г. до 17.11.2023г.
32897,№ KZ.4700317.05.01.00508 от 31.08.2023г. до 29.02.2024г.
32899,KZ.7500533.01.01.00040 от 03.08.2023г. до 03.08.2026 г.
32900,"KZ.7500533.01.01.01013, от 12.06.2024г до 12.06.2027г."
32901,KZ 7500985.01.01.06028
32902,KZ 7500985.13.12.05227
32903,KZ 7500985.13.12.05220
32904,KZ 7500985.13.12.05230
32905,KZ 7500985.13.12.05223
32908,KZ 7500985.13.12.05231
32911,KZ 7500985.13.12.05228
32914,KZ 7500985.13.12.05226
32917,KZ 7500985.13.12.05229
32919,KZ 7500985.13.12.05225
32921,KZ 7500985.13.12.05224
32923,KZ 7500985.13.12.05221
32927,KZ 7500985.13.12.05222
32934,KZ7100841.01.01.02642
32943,Сертификат соответствия № ЕАЭС KZ 3110317.01.01.00078 с
32948,Сертификат соответствия № ЕАЭС KZ 3110317.01.01.00076
32950,Сертификат соответствия № ЕАЭС KZ 3110317.01.01.00082
32954,Сертификат соответствия № ЕАЭС KZ 3110317.01.01.00079
32957,Декларация о соответствии № ЕАЭС KZ 3110317.13.12.00138
32958,Декларация о соответствии № ЕАЭС KZ 3110317.13.12.00139
32959,Письмо Жф АО «НацЭКС» № 06П-3/45 от 23.01.24г.
32964,Декларация о соответствии № ЕАЭС KZ 3110317.13.12.00253
32980,Сертификат соответствия № ЕАЭС KZ 3110317.01.01.00081
32981,Сертификат соответствия № ЕАЭС KZ 3110317.01.01.00080
32982,№ ЕАЭС KZ 7500651.13.12.20290
33027,№ ЕАЭС KZ 7500651.01.01.08977
33034,№ ЕАЭС KZ 7500651.01.01.08978
33039,Декларация о соответствии №  ЕАЭС KZ 7500651.13.12.18192
33040,Декларация о соответствии №  ЕАЭС KZ 7500651.13.12.18193
33041,Сертификат соответствия № ЕАЭС KZ 7500651.01.01.08056
33042,Сертификат соответствия № ЕАЭС KZ 7500651.01.01.08057.
33043,Сертификат соответствия № ЕАЭС KZ 7500651.01.01.08058
33044,Декларация о соответствии №  ЕАЭС KZ 7500651.13.12.18194
33045,Декларация о соответствии №  ЕАЭС KZ 7500651.13.12.18196
33046,Декларация о соответствии №  ЕАЭС KZ 7500651.13.12.18197
33047,Сертификат соответствия № ЕАЭС KZ 7500651.01.01.08059
33048,Декларация о соответствии №  ЕАЭС KZ 7500651.13.12.18201
33049,Декларация о соответствии №  ЕАЭС KZ 7500651.13.12.18198
33050,Сертификат соответствия № KZ.7500651.01.01.02438
33052,Декларация о соответствии ЕАЭС №ЕАЭС KZ.7500995.13.12.08424
33054,ЕАЭС KZ 7500986.01.01.10555
33055,ЕАЭС KZ 7500986.01.01.10556
33060,ЕАЭС KZ 7500986.01.01.10557
33064,ЕАЭС KZ 7500986.01.01.10554
33066,ЕАЭС KZ 7500986.01.01.10553
33073,ЕАЭС KZ 7500986.01.01.10558
33076,№ЕАЭС KZ.7100841.01.01.02454
33079,№ЕАЭС KZ.7100841.01.01.02455
33081,ЕАЭС KZ 1900193.05.01.01413
33082,"ЕАЭС KZ 1900193.13.12.02277
ЕАЭС KZ
1900193.13.12.03773
ЕАЭС KZ
4710193.13.12.04472"
33083,Исх. № иО/20230105/1 от 05.01.2023г
33090,СЕРТИФИКАТ СООТВЕТСТВИЯ ПРОДУКЦИИ (ПРИ ДЕКЛАРИРОВАНИИ) KZ.7700.02.01.00842822
33091,СЕРТИФИКАТ СООТВЕТСТВИЯ ПРОДУКЦИИ (ПРИ ДЕКЛАРИРОВАНИИ) KZ.7700.02.01.01133014
33092,KZ.3910317.01.01.0102
33095,KZ.3910317.01.01.0101
33105,Сертификат соответствия Евразийского экономического союза ЕАЭС KZ 7500986.01.01.09032  «Оборудование информационных технологий»
33106,Сертификат соответствия Евразийского экономического союза  ЕАЭС KZ 7500986.01.01.09031 «Оборудование информационных технологий»
33107,Сертификат соответствия Евразийского экономического союза ЕАЭС KZ 7500986.01.01.09030 «Оборудование информационных технологий»
33108,Сертификат соответствия Евразийского экономического союза ЕАЭС KZ 7500986.01.01.09032 «Оборудование информационных технологий»
33472,№  ЕАЭС KG 417/01.06.Д.0038284
37470,№ KZ.3510396.01.01.00186
33109,Сертификат соответствия Евразийского экономического союза ЕАЭС KZ 7500986.01.01.09032 «Оборудование информационных технологий». Срок действия с 22.12.2023 г. по 22.12.2026 г.
33112,Сертификат соответствия Евразийского экономического союза ЕАЭС KZ 7100841.01.01.03804 «Персональные электронно-вычислительные машины торговой марки «МТ»
33114,Сертификат соответствия Евразийского экономического союза ЕАЭС KZ 7500986.01.01.07902  «Оборудование информационных технологий»
33115,Декларация соответствия ЕАЭС № KZ. 6328317.13.12.00869
33117,"Не подлежит процедуре обязательного подтверждения соответствия, Информационное письмо филиал «Семей» АО «НаЦЭкС» от 23.05.2024 №01-48/ОПС"
33118,Декларация соответствия ЕАЭС № KZ. 6328317.13.12.00868
33120,KZ.7500525.23.01.01514
33122,KZ.7500525.21.01.02927
33123,KZ.7500525.21.01.02940 от 27.12.2019 до 26.12.2024
33124,KZ.7500525.21.01.03087 Серия KZ 0128893
33125,ДоС ЕАЭС.KZ.7500525.23.01.01988
33126,ДоС KZ.7500525.23.01.01987
33127,СоС ЕАЭС.KZ.7500525.21.01.03102
33128,ЕАЭС.KZ.7500525.21.01.03082
33129,ДоС ЕАЭС.KZ.7500525.23.01.01983
33130,СоС ЕАЭС.KZ.7500525.21.01.03081
33131,СоС KZ.7500525.21.01.02931
33132,СоС KZ.7500525.22.01.00754                                  ПИСЬМО №107 от 29.09.2020 г
33133,ДоС ЕАЭС.KZ.7500525.23.01.01508
33139,1)KZ.7500525.21.01.03170  (ТР ТС 032)                                                   2) Исх ном. №259-ОПС от 09.04.21 (о необязательной оценке (подтверждения) соответствия в РК (ТР ТС 010)
33140,1)KZ.7500525.21.01.03158  (ТР ТС 032).                   2) Исх ном. №259-ОПС от 09.04.21 (о необязательной оценке (подтверждения) соответствия в РК (ТР ТС 010)
33141,1)KZ.7500525.21.01.03161  (ТР ТС 032)                                              2)Исх ном. №259-ОПС от 09.04.21 (о необязательной оценке (подтверждения) соответствия в РК (ТР ТС 010)
33142,1)KZ.7500525.21.01.03171(ТР ТС 032).                                                  2)Исх ном. №259-ОПС от 09.04.21 (о необязательной оценке (подтверждения) соответствия в РК (ТР ТС 010)
33143,1)KZ.7500525.21.01.03130 (ТР ТС 032).                                                  2)Исх ном. №259-ОПС от 09.04.21 (о необязательной оценке (подтверждения) соответствия в РК (ТР ТС 010)
33144,"1)KZ.7500525.21.01.03129  (ТР ТС 032)
2)Исх ном. №259-ОПС от 09.04.21 (о необязательной оценке (подтверждения) соответствия в РК (ТР ТС 010)"
33145,"1)KZ.7500525.21.01.03157 (ТР ТС 032)
2)Исх ном. №259-ОПС от 09.04.21 (о необязательной оценке (подтверждения) соответствия в РК (ТР ТС 010)"
33146,"1)KZ.7500525.21.01.03160 (ТР ТС 032)
2)Исх ном. №259-ОПС от 09.04.21 (о необязательной оценке (подтверждения) соответствия в РК (ТР ТС 010)"
33147,"1)KZ.7500525.21.01.03122 (ТР ТС 032)
2)Исх ном. №259-ОПС от 09.04.21 (о необязательной оценке (подтверждения) соответствия в РК (ТР ТС 010)"
33148,KZ.1900193.23.01.36129
33149,KZ.7500525.21.01.03183
33150,KZ.7500525.21.01.03182
33151,KZ.7500525.21.01.03184
33152,KZ.1900193.23.01.36131
33153,KZ.7500525.13.12.00147
33154,KZ.1900193.23.01.36130
33155,СоС KZ.7500525.21.01.03174
33156,СоС KZ.7500525.05.01.00017
33157,KZ№7500525.13.12.00202
33158,Исх ном. №1242/2021-ОПС от 14.07.21 (о необязательной оценке (подтверждения) соответствия в РК
33159,KZ.7500525.13.12.00008 от 06.09.2021 по 05.09.2026г.
33160,ЕАЭС KZ 7500525.13.12.00024
33161,ДС KZ7500525.13.12.00120
33162,СС KZ7500525.05.01.00646
33163,Исх ном. Письмо 783-ОПС от 27/12/2021 (о необязательной оценке (подтверждения) соответствия в РК
33164,KZ 7500525.13.12.00128
33165,KZ 7500525.13.12.00037
33166,ЕАЭС KZ 7500525.13.12.00059
33167,ЕАЭС KZ 7500525.13.12.00058
33168,KZ 7500525.13.12.00107
33169,Отказное письмо Исх.№1188-ОПС от 30.05.22
33170,Отказное письмо №181022-05 от 18/10/2022
33171,KZ 7500525.13.12.00144
33172,KZ 7500525.13.12.00190
33174,KZ 7500525.13.12.00196
33175,KZ 7500525.13.12.00177
33176,KZ 7500525.13.12.00201
33177,KZ.7500551.01.01.00440
33178,KZ 7500525.05.01.00623  Серия KZ 0223510
33179,KZ 7100841.13.12.01447
33180,KZ 7500525.13.12.00231
33357,ЕАЭС KZ 7100841.01.01.03108
33418,ЕАЭС KZ 7100841.01.01.03107
33428,KZ.4700317.01.01.00521
33429,KZ.4700317.01.01.00522
33430,KZ.7500802.01.01.00186
33441,№ЕАЭС KZ 7100990.01.01.00079 серия KZ №0195535
33442,№ЕАЭС KZ 7100990.01.01.00073 серия KZ №0195526
33453,№ ЕАЭС KG417/031.Д.0008962
33456,№ ЕАЭС KG417/033.Д.0008023
33459,№ ЕАЭС KG417/01.06.Д.0038229
33460,№ ЕАЭС KG417/01.06.Д.0038231
33465,№ ЕАЭС KG417/01.06.Д.0038224
33468,№ KZ.7500937.01.01.01845
33473,Декларация о соответствии регистрационный №  ЕАЭС KG 417/01.06.Д.0038224
33475,Декларация о соответствии регистрационный №  ЕАЭС KG 417/033.Д.0022218
33476,отказное письмо исх. № 12816/НЕ06 от 13.11.2023 г. ОСП ООО « Эксперт – С »
33477,№  ЕАЭС KG 417/01.06.Д.0038231
33482,№  ЕАЭС KG 417/031.Д.0008963
33484,Декларация о соответствии KZ.7100841.13.12.00004
33485,KZ.7100841.13.12.00004
33543,KZ.7100841.13.12.00005
33594,"Письмо от АФ АО ""Национальный центр экспертизы и сертификации"" исх. № 503/03 от 18.03.2024г"
33681,Сертификат соответствия зарегистрирован в реестре данных государственной системы технического регулирования KZ.7500551.13.12.00065
33684,№ 0246846 от 24.08.2023г по 24.08.2026г
33685,№ 0246845 от 24.08.2023г по 24.08.2026г
33688,№ ЕАЭС KZ7500651.13.12.20838
33702,№ ЕАЭС KZ7500651.13.12.20839
33708,№ ЕАЭС KZ7500651.01.01.09275
33711,№ ЕАЭС KZ7500651.01.01.09276
33717,не подлежит обязательному подтверждению
33722,Декларация о соответствии ЕАЭС KZ 7500533.13.12.02383
33736,Сертификат соответствия №KZ7500317.01.01.01952
33744,"KZ №0159772
ЕАЭС KZ 1100628.01.01.00018"
33746,"KZ №0091453
ЕАЭС KZ 7100984.21.01.00583"
33748,ЕАЭС KZ 7100628.01.01.00021
33749,ЕАЭС KZ 7100628.01.01.00023
33750,"KZ №0159780
ЕАЭС KZ 7100628.01.01.00025"
33751,"KZ №0212829
ЕАЭС KZ 3510396.01.01.00208"
33752,"KZ №0091453
ЕАЭС KZ 7100984.21.01.00584"
33753,"KZ №0091453
ЕАЭС KZ 7100984.21.01.00585"
33754,ЕАЭС KZ 3510396.13.12.00232
33756,"KZ №0.01.0628
ЕАЭС KZ 7100628.01.01.00185"
33757,"KZ №0.01.0628
ЕАЭС KZ 7100628.01.01.00184"
33758,"KZ №0212826
ЕАЭС KZ 3510396.01.01.00205"
33759,"KZ №0212827
ЕАЭС KZ 3510396.01.01.00206"
33760,"KZ №0159782
ЕАЭС KZ 7100628.01.01.00027"
33761,"KZ №0159778
ЕАЭС KZ 7100628.01.01.00023"
33762,ЕАЭС KZ 7100628.13.12.00034
33763,ЕАЭС KZ 7100628.13.12.00027
33764,"KZ №0159769
ЕАЭС KZ 7100628.01.01.00015"
33765,"KZ №0159765
ЕАЭС KZ 7100628.01.01.00011"
33766,"KZ №0159770
ЕАЭС KZ 7100628.01.01.00016"
33767,ЕАЭС KZ 7100628.13.12.00017
33770,"KZ №0159766
ЕАЭС KZ 7100628.01.01.00012"
33774,"KZ №0159770
ЕАЭС KZ 7100628.01.01.00013"
33775,ЕАЭС KZ 7100628.01.01.00029
33776,ЕАЭС KZ 7100628.13.12.00033
33791,Отказное письмо
33792,ЕАЭС KZ 3510396.13.12.00231
33794,"KZ №0212828
ЕАЭС KZ 3510396.01.01.00207"
33795,"KZ №0159781
ЕАЭС KZ 7100628.01.01.00026"
33796,ЕАЭС KZ 7100628.13.12.00032
33798,"KZ №0159763
ЕАЭС KZ 7100628.01.01.00009"
33799,ЕАЭС KZ 7100628.13.12.00015
33800,ЕАЭС KZ 7100628.13.12.00016
33801,ЕАЭС KZ 7100628.01.01.00148
33802,ЕАЭС KZ 7100628.01.01.00147
33804,"KZ №0110480
ЕАЭС KZ 3510396.01.01.00209"
33807,"KZ №0159762
ЕАЭС KZ 7100628.01.01.00008"
33808,"KZ №0159764
ЕАЭС KZ 7100628.01.01.00010"
33809,ЕАЭС KZ 7100628.13.12.00030
33810,ЕАЭС KZ 3510396.13.12.00229
33811,ЕАЭС KZ 7100628.13.12.00022
33815,ЕАЭС KZ 7100628.13.12.00018
33818,"KZ №0159768
ЕАЭС KZ 7100628.01.01.00014"
33819,ЕАЭС KZ 7100628.13.12.00020
33821,ЕАЭС KZ 7100628.13.12.00014
33822,ЕАЭС KZ 7100628.13.12.00031
33833,ЕАЭС KZ 7100628.13.12.00035
33834,"KZ №0.01.0628
ЕАЭС KZ 3510396.01.01.00178"
33835,"KZ №0.01.0628
ЕАЭС KZ 3510396.01.01.00177"
33836,ЕАЭС KZ 7100628.13.12.00024
33837,ЕАЭС KZ 3510396.13.12.00230
33840,ЕАЭС KZ 3510396.13.12.00142
33842,ЕАЭС KZ 3510396.13.12.00146
33843,ЕАЭС KZ 3510396.13.12.00141
33844,ЕАЭС KZ 3510396.13.12.00143
33845,ЕАЭС KZ 3510396.13.12.00144
33846,ЕАЭС KZ 3510396.13.12.00140
33848,ЕАЭС KZ 3510396.13.12.00145
33855,ЕАЭС KZ 3510396.13.12.00138
33857,ЕАЭС KZ 3510396.13.12.00139
33858,ЕАЭС KZ 3510396.13.12.00137
33860,ЕАЭС KZ 7100628.13.12.00049
33861,ЕАЭС KZ 7100628.13.12.00050
33862,ЕАЭС KZ 7100628.13.12.00051
33863,ЕАЭС KZ 7100628.13.12.00052
33864,ЕАЭС KZ 7100628.13.12.00053
33867,ЕАЭС KZ 7100628.13.12.00054
33869,ЕАЭС KZ 7100628.13.12.00055
33870,ЕАЭС KZ 7100628.13.12.00056
33872,ЕАЭС KZ 3510396.13.12.00313
33874,Сертификат соответствия № KZ.7100628.01.01.01061
33875,№ ЕАЭС KZ 7100628.13.12.00080
33876,№ ЕАЭС KZ 7100628.13.12.00078
33877,№ ЕАЭС KZ 7100628.13.12.00085
33878,№ ЕАЭС KZ 7100628.13.12.00082
33879,№ ЕАЭС KZ 7100628.13.12.00081
33880,№ ЕАЭС KZ 7100628.13.12.00083
33881,№ ЕАЭС KZ 7100628.13.12.00084
33882,Письмо КФ АО «НаЦЭкС»             исх. № 22-2/371 от 09.04.2024 года
33899,№ ЕАЭС KZ 7500986.01.01.05223
33907,№ ЕАЭС KZ 7500986.01.01.05226
33914,№ ЕАЭС KZ 7500986.01.01.05225
33987,Декларация о соответствии ЕАЭС KZ 7500361 .13.12.16501
33994,Сертификат соответствия № ЕАЭС KZ 7500986.01.01.08707
34004,Сертификат соответствия № ЕАЭС KZ 7500986.01.01.08706
34010,Декларация соответствия № ЕАЭС KZ 7500986.13.12.09880
34018,Декларация соответствия № ЕАЭС KZ 7500986.13.12.09879
34024,Сертификат соответствия № ЕАЭС KZ 7500986.01.01.08705
34032,Сертификат соответствия № ЕАЭС KZ 7500986.01.01.08704
34043,Информационное письмо Исх.№ 3328/2023- ОПС от 06.12.2023г.
34066,Сертификат соответствия № ЕАЭС KZ 7100841.01.01.02949
34079,Сертификат соответствия № ЕАЭС KZ 7100841.01.01.02947
34081,Сертификат соответствия № ЕАЭС KZ 7100841.01.01.02946
34092,Сертификат соответствия № ЕАЭС KZ 7100841.01.01.02948
34093,Сертификат соответствия № ЕАЭС KZ 7100841.01.01.02950
34097,Сертификат соответствия № ЕАЭС KZ7500986.01.01.09792
34107,Сертификат соответствия № ЕАЭС KZ7500986.01.01.09794
34110,Сертификат соответствия № ЕАЭС KZ7500986.01.01.10096
34112,Сертификат соответствия № ЕАЭС KZ7500986.01.01.09791
34116,Сертификат соответствия № ЕАЭС KZ7500986.01.01.09795
34123,Сертификат соответствия № ЕАЭС KZ7500986.01.01.09807
34133,Сертификат соответствия № ЕАЭС KZ7500986.01.01.09793
34136,Сертификат соответствия № ЕАЭС KZ7500986.01.01.09790
34140,Декларация соответствия № ЕАЭС KZ 7500986.13.12.11216
34146,Декларация соответствия № ЕАЭС KZ 7500986.13.12.11217
34213,"Сертификат соответствия ЕАЭС
KZ 7500986.01.01.05886"
34214,"Декларация соответствия ЕАЭС
KZ 7500986.13.12.06538"
34215,"Письмо отказное №84 от
25.05.2023г."
34216,"Сертификат соответствия
ЕАЭС KZ 7500986.01.01.06272"
34217,"Сертификат соответствия
ЕАЭС KZ 7500986.01.01.05885"
34218,"Сертификат соответствия
ЕАЭС KZ 7500986.01.01.05884"
34219,"Сертификат соответствия
ЕАЭС KZ 7500986.01.01.05883"
34220,"Сертификат соответствия
ЕАЭС KZ 7500986.01.01.05882"
34221,"Декларация соответствия ЕАЭС
KZ. 7500986.13.12.06541"
34222,"Декларация соответствия ЕАЭС
KZ. 7500986.13.12.06540"
34223,"Декларация соответствия ЕАЭС
KZ. 7500986.13.12.06542"
34224,"Декларация соответствия ЕАЭС
KZ 750098 6.13.12.06537"
34225,"Сертификат соответствия
ЕАЭС KZ 7500986.01.01.05881"
34226,"Сертификат соответствия
ЕАЭС KZ 7500986.01.01.05880"
34227,"Сертификат соответствия
ЕАЭС KZ 7500986.01.01.05879"
34228,"Сертификат соответствия
ЕАЭС KZ 7500986.01.01.05878"
34229,"Декларация соответствия ЕАЭС
KZ. 7500986.13.12.06543"
34230,"Декларация соответствия
ЕАЭС KZ.7500986.13.12.06544"
34231,"Декларация соответствия ЕАЭС
KZ. 7500986.13.12.06546"
34232,"Декларация соответствия ЕАЭС
KZ. 7500986.13.12.06548"
34233,"Сертификат соответствия
ЕАЭС KZ 7500986.01.01.05887"
34234,"Декларация соответствия ЕАЭС
KZ. 7500986.13.12.06547"
34235,"Декларация соответствия ЕАЭС
KZ. 7500986.13.12.06550"
34236,"Декларация соответствия ЕАЭС
KZ. 7500986.13.12.06564"
34237,"Декларация соответствия ЕАЭС
KZ. 7500986.13.12.06565"
34238,"Декларация соответствия ЕАЭС
KZ. 7500986.13.12.06567"
34239,"Декларация соответствия ЕАЭС
KZ. 7500986.13.12.06566"
34240,"Сертификат соответствия
ЕАЭС KZ 7500986.01.01.05877P580:P581"
34241,"Декларация соответствия ЕАЭС
KZ. 7500986.13.12.06568"
34242,"Декларация соответствия ЕАЭС
KZ 7500986.13.12.06572"
34243,"Декларация соответствия ЕАЭС
KZ 7500986.13.12.06573"
34244,"Декларация соответствия ЕАЭС
KZ 7500986.13.12.06575"
34245,"Декларация соответствия ЕАЭС
KZ 7500986.13.12.06574"
34247,"Сертификат соответствия
ЕАЭС KZ7500986.01.01.005876"
34248,"ЕАЭС KZ7500986.01.01.006273
KZ. 0231077"
34255,Сертификат соответствия                     № ЕАЭС KZ 7500533.01.01.00875
34257,24-19 от 23.04.2024
34269,24-36 от 06.04.2024
34286,№ ЕАЭС KZ 7100841.13.12.02750
34287,№ ЕАЭС KZ 7100841.13.12.01687
34288,№280324-02
34289,№0765/2024-ОПС
34290,ЕАЭС KZ 7500533.13.12.02802
34291,"KZ.7500317.01.01.01963, KZ.7500317.01.01.01962"
34293,KZ.7500317.01.01.02268
34298,Сертификат соответствия KZ.7500669.01.01.01881
34299,Сертификат соответствия KZ.7500669.01.01.01882
34300,Сертификат соответствия KZ.7500669.01.01.01883
34301,№KZ.7500196.01.01.00445
34314,KZ.7100841.01.01.03324
34315,KZ.7100841.01.01.03325
34320,ЕАЭС № KZ.3510317.13.12.03244
34325,ЕАЭС № KZ.3510317.13.12.03242
34330,сертификат соответствия № ЕАЭС KZ.3510317.01.01.01000
34335,сертификат соответствия № ЕАЭС KZ.3510317.01.01.00999
34337,сертификат соответствия № ЕАЭС KZ.3510317.01.01.01001
34341,декларация о соответствии ЕАЭС № KZ.3510317.13.12.03241
34356,декларация о соответствии ЕАЭС № KZ.3510317.13.12.03243
34361,сертификат соответствия № ЕАЭС KZ.3510317.01.01.00998
34372,декларация о соответствии ЕАЭС № KZ.3510317.13.12.03242
34373,декларация о соответствии ЕАЭС № KZ.3510317.13.12.03244
34390,НаЦЭкс ИП №152/02 от 15.04.2024
34391,ЕАЭС KZ 7100841.13.12.04604
34392,№ KZ.7100317.11.02.02695
34400,№04-23/240 от 19.05.2022
34402,№ ЕАЭС KZ 7500651.13.12.20523
34455,№ ЕАЭС KZ 7500651.13.12.20519
34467,№ ЕАЭС KZ 7500651.01.01.09128
34492,№ ЕАЭС KZ 7500651.01.01.09129
34494,Сертификат соответствия №ЕАЭС KZ 7500986.01.01.10436
34495,Декларация о соответствии ЕАЭС № KZ. 7500651.13.12.20734
34496,Декларация о соответствии ЕАЭС № KZ. 7500651.13.12.20735
34498,Сертификат соответствии ЕАЭС № KZ. 7500651.01.01.09207
34507,Декларация о соответствии ЕАЭС № KZ. 7500651.13.12.20733
34519,№KZ.7500610.01.01.00095
34520,"«Письмо о соответствии продукции № «091123-07» от 09.11.2023г., выданный ТОО «ФИРМА ТОРГОВАЯ ПАЛАТА»"
34535,ДЕКЛАРАЦИЯ О СООТВЕТСТВИИ ЕАЭС № KZ 7100841.13.12.04527
34545,"Сертификат соответствия Евразийского экономического союза ЕАЭС KZ 75000986.01.01.10404 «Оборудование информационных технологий: компьютер в комплекте: марка QT, модель CK 01, CK 02, CK 03, моноблок МВ 01, МВ 02»"
34546,"Сертификат соответствия Евразийского экономического союза ЕАЭС KZ 75000986.01.01.10407 «Оборудование информационных технологий: рабочая станция: марка QT, модель RS»"
34547,"Сертификат соответствия Евразийского экономического союза ЕАЭС KZ 75000986.01.01.10405 «Оборудование информационных технологий: сервер: марка QT, модель CО 01»"
34548,"Сертификат соответствия Евразийского экономического союза ЕАЭС KZ 75000986.01.01.10406 «Оборудование информационных технологий: системный блок: марка QT, модель SB»"
34550,"Сертификат соответствия Евразийского экономического союза ЕАЭС KZ 75000986.01.01.10408 «Оборудование информационных технологий: ноутбук: марка QT, модель LT 01, LT 02»"
34551,"Сертификат соответствия Евразийского экономического союза  ЕАЭС KZ 75000986.01.01.10409 «Оборудование информационных технологий: интерактивная панель: марка QT, модель IT 01»"
34556,№KZ.3510317.24.01.03627
34557,№KZ.3510317.24.01.03628
34558,№KZ.3510317.24.01.03629
34559,№KZ.3510317.24.01.03630
34560,Декларация о сответствии №KZ.3910317.13.12.00002
34561,Декларация о сответствии №KZ.3910317.13.12.00003
34590,"СЕРТИФИКАТ СООТВЕТСТВИЯ
№ KZ.7500186.00.01.00076"
34591,Сертификат соответствия № EAЭС KZ7500986.01.01.02709
34598,декларация о соответствии ЕАЭС KZ 7100841.13.12.05539
34601,справка
34674,KZ 7500361.21.01.41108
34675,KZ.7500361.21.01.41183
34677,KZ.7500361.21.01.41184
34678,KZ.7500361.21.01.41185
34679,Сертификат соответствия № ЕАЭС KZ 7500986.01.01.07974
34683,Сертификат соответствия № ЕАЭС ЕАЭС KZ 3510317.05.01.00582
34684,Сертификат соответствия № ЕАЭС ЕАЭС KZ 3510317.05.01.00581
34685,Сертификат соответствия № ЕАЭС ЕАЭС KZ 3510317.05.01.00580
34686,Справка
34687,Декларация о соответствии № ЕАЭС KZ 7500533.13.12.02771
34688,"СТ РК 2907-2016
Информационное письмо
Исх.№03 от 23.07.2024"
34689,"СТ РК 1964-2010
Информационное письмо
Исх.№03 от 23.07.2024"
34690,"СТ РК 1138-2015
Информационное письмо
Исх.№03 от 23.07.2024"
34691,"СТ РК 2910-2016
№ KZ.7500651.01.01.02766"
34693,"СТ РК 2753-2015
№ KZ.7500651.01.01.02768"
34694,"СТ РК 2732-2015
№ KZ.7500651.01.01.02765"
34696,"СТ РК 1140-2015
Информационное письмо
Исх№03 от 23.07.2024"
34697,"СТ РК 2761-2015
Информационное письмо 
Исх.№03 от 23.07.2024"
34698,"СТ РК 2739-2015
Информационное письмо 
Исх.№03 от 23.07.2024"
34699,"СТ РК 3301-2018
Информационное письмо 
Исх.№03 от 23.07.2024"
34700,"СТ РК 1964-2010
Информационное письмо 
Исх.№03 от 23.07.2024"
34701,"СТ РК 2810-2016
№ KZ.7500651.01.01.02767"
34702,"ГОСТ9896-88
№ЕАЭС KZ7500651.13.12.21378"
34703,"ГОСТ 31408-2009
№ЕАЭС KZ7500651.01.01.09504"
34704,"СТ РК 1964-2010
№ЕАЭС KZ7500651.01.01.09505"
34705,"ГОСТ 25295-2003
№ЕАЭС KZ7500651.13.12.21373"
34706,"ГОСТ 30327-2013
№ЕАЭС KZ7500651.13.12.21376"
34707,"ГОСТ 12.4.280-2014
№ЕАЭС KZ7500651.13.12.21367"
34708,"ГОСТ 12.4.281-2021
№ЕАЭС KZ7500651.01.01.09494"
37472,№ KZ.3510396.01.01.00192
34709,"ГОСТ 12.4.281-2021
№ЕАЭС KZ7500651.01.01.09495"
34710,"ГОСТ 12.4.303-2016
№ЕАЭС KZ7500651.01.01.09496"
34711,"ГОСТ 12.4.310-2016
№ЕАЭС KZ7500651.01.01.09500"
34712,"ГОСТ 12.4.251-2013
№ЕАЭС KZ7500651.01.01.09497"
34713,"ГОСТ 12.4.280-2014
№ЕАЭС KZ7500651.13.12.21368"
34714,"ГОСТ 12.4.303-2016
№ЕАЭС KZ7500651.01.01.09498"
34715,"ГОСТ 12.4.303-2016
№ЕАЭС KZ7500651.01.01.09499"
34716,"ГОСТ 12.4.281-2021
№ЕАЭС KZ7500651.01.01.094501"
34717,"ГОСТ 12.4.303-2016
№ЕАЭС KZ7500651.01.01.09502"
34718,"ГОСТ 12.4.110-82
№ЕАЭС KZ7500651.01.01.09509"
34719,"ГОСТ 12.4.303-2016
№ЕАЭС KZ7500651.01.01.09508"
34720,"ГОСТ 12.4.110-82
№ЕАЭС KZ7500651.01.01.09503"
34721,"ГОСТ 12.4.303-2016
№ЕАЭС KZ7500651.01.01.09510"
34722,"ГОСТ 12.4.110-282
№ЕАЭС KZ7500651.01.01.09511"
34723,"ГОСТ 12.4.303-216
№ЕАЭС KZ7500651.01.01.09512"
34724,"СТ РК 2753-2015
Информационное письмо
Исх.№03"
34732,Сертификат соответствия № KZ.7500551.01.01.00300
34733,Сертификат соответствия №  KZ.7500551.01.01.00301
34734,Информационное письмо Исх.№ иО/20240125/1
34735,ЕАЭС KZ 7100841.13.12.05371
34741,ЕАЭС KZ 7100841.13.12.05370
34774,№ ЕАЭС KZ 3510317.13.12.02564
34776,№ ЕАЭС KZ 3510317.13.12.02563
34778,№ ЕАЭС KZ 3510317.13.12.02565
34796,958/10
34811,"Информационное письмо № 11046/HE06
от 23.07.2024г."
34814,KZ.1910317.01.01.00012
34819,KZ.1910317.01.01.00109
34832,KZ.1910317.01.01.00188
34833,KZ.1910317.01.01.00054
34835,KZ.7500317.01.01.01706
34851,KZ.1910317.01.01.00018
34857,KZ.1910317.01.01.00055
34860,KZ.1910317.01.01.00056
34861,KZ.1910317.01.01.00016
34867,KZ.1910317.01.01.00017
34872,KZ.7500317.01.01.02062
34880,KZ.1910317.01.01.00015
34887,KZ.1910317.01.01.00020
34898,KZ.1910317.01.01.00187
34901,KZ.1910317.01.01.00052
34903,KZ.1910317.01.01.00050
34905,KZ.1910317.01.01.00048
34908,KZ.1910317.01.01.00040
34911,KZ.1910317.01.01.00041
34912,KZ.1910317.01.01.00118
34924,KZ.1910317.01.01.00042
34930,KZ.1910317.01.01.00032
34931,KZ.1910317.01.01.00044
34940,KZ.1910317.01.01.00010
34964,KZ.1910317.01.01.00057
34975,KZ.1910317.01.01.00021
34990,KZ.1910317.01.01.00008
34994,KZ.1910317.01.01.00034
35019,KZ.1910317.01.01.00051
35021,KZ.1910317.01.01.00110
35093,KZ.1910317.01.01.00053
35115,KZ.1910317.01.01.00045
35118,KZ.1910317.01.01.00049
35121,KZ.1910317.01.01.00013
35123,1910317.01.01.00039
35129,KZ.1910317.01.01.00027
35130,KZ.1910317.01.01.00119
35134,KZ.1910317.01.01.00037
35137,KZ.1910317.01.01.00038
35142,KZ.1910317.01.01.00036
35164,KZ.1910317.01.01.00014
35172,KZ.1910317.01.01.00019
35177,KZ.1910317.01.01.00058
35179,KZ.1910317.01.01.00033
35183,KZ.7500317.01.01.02061
35358,KZ.1910317.01.01.00043
35360,KZ.1910317.01.01.00059
35364,№KZ.7700.01.01.00965621
35365,Сертификат соответствия №KZ.2710317.01.01.00529
35389,Сертификат соответствия №KZ.2710317.01.01.00528
35413,Сертификат соответствия №KZ.2710317.01.01.00500
35437,Сертификат соответствия №KZ.7100841.01.01.02964
35634,СЕРТИФИКАТ СООТВЕТСТВИЯ № KZ.7500995.01.01.01755
35635,"ЕВРАЗИЙСКИЙ ЭКОНОМИЧЕСКИЙ СОЮЗ
ДЕКЛАРАЦИЯ О СООТВЕТСТВИИ 
№ ЕАЭС KZ 7500986.13.12.10508"
35636,"ЕВРАЗИЙСКИЙ ЭКОНОМИЧЕСКИЙ СОЮЗ
ДЕКЛАРАЦИЯ О СООТВЕТСТВИИ 
№ ЕАЭС KZ 7500986.13.12.10509"
35637,"ЕВРАЗИЙСКИЙ ЭКОНОМИЧЕСКИЙ СОЮЗ
ДЕКЛАРАЦИЯ О СООТВЕТСТВИИ 
№ ЕАЭС KZ 7500986.13.12.10510"
35638,"ЕВРАЗИЙСКИЙ ЭКОНОМИЧЕСКИЙ СОЮЗ
ДЕКЛАРАЦИЯ О СООТВЕТСТВИИ 
№ ЕАЭС KZ 7500986.13.12.10511"
35639,"ЕВРАЗИЙСКИЙ ЭКОНОМИЧЕСКИЙ СОЮЗ
ДЕКЛАРАЦИЯ О СООТВЕТСТВИИ 
№ ЕАЭС KZ 7500986.13.12.10512"
35640,"ЕВРАЗИЙСКИЙ ЭКОНОМИЧЕСКИЙ СОЮЗ
ДЕКЛАРАЦИЯ О СООТВЕТСТВИИ 
№ ЕАЭС KZ 7500986.13.12.10519"
35641,"ЕВРАЗИЙСКИЙ ЭКОНОМИЧЕСКИЙ СОЮЗ
ДЕКЛАРАЦИЯ О СООТВЕТСТВИИ 
№ ЕАЭС KZ 7500986.13.12.10513"
35642,"ЕВРАЗИЙСКИЙ ЭКОНОМИЧЕСКИЙ СОЮЗ
ДЕКЛАРАЦИЯ О СООТВЕТСТВИИ 
№ ЕАЭС KZ 7500986.13.12.10514"
35643,"ЕВРАЗИЙСКИЙ ЭКОНОМИЧЕСКИЙ СОЮЗ
ДЕКЛАРАЦИЯ О СООТВЕТСТВИИ 
№ ЕАЭС KZ 7500986.13.12.10515"
35644,"ЕВРАЗИЙСКИЙ ЭКОНОМИЧЕСКИЙ СОЮЗ
ДЕКЛАРАЦИЯ О СООТВЕТСТВИИ 
№ ЕАЭС KZ 7500986.13.12.10516"
35645,"ЕВРАЗИЙСКИЙ ЭКОНОМИЧЕСКИЙ СОЮЗ
ДЕКЛАРАЦИЯ О СООТВЕТСТВИИ 
№ ЕАЭС KZ 7500986.13.12.10517"
35646,"ЕВРАЗИЙСКИЙ ЭКОНОМИЧЕСКИЙ СОЮЗ
ДЕКЛАРАЦИЯ О СООТВЕТСТВИИ 
№ ЕАЭС KZ 7500986.13.12.10518"
35647,"ЕВРАЗИЙСКИЙ ЭКОНОМИЧЕСКИЙ СОЮЗ
ДЕКЛАРАЦИЯ О СООТВЕТСТВИИ № ЕАЭС KZ 7500986.13.12.11855"
37473,№ KZ.3510396.01.01.00184
35649,"ЕВРАЗИЙСКИЙ ЭКОНОМИЧЕСКИЙ СОЮЗ
ДЕКЛАРАЦИЯ О СООТВЕТСТВИИ № ЕАЭС KZ 7500986.13.12.11857"
35651,СЕРТИФИКАТ СООТВЕТСТВИЯ № KZ.7500995.01.01.01867
35653,"ЕВРАЗИЙСКИЙ ЭКОНОМИЧЕСКИЙ СОЮЗ
ДЕКЛАРАЦИЯ О СООТВЕТСТВИИ № ЕАЭС KZ 7500986.13.12.11848"
35659,"ЕВРАЗИЙСКИЙ ЭКОНОМИЧЕСКИЙ СОЮЗ
ДЕКЛАРАЦИЯ О СООТВЕТСТВИИ № ЕАЭС KZ 7500986.13.12.11860"
35660,"ЕВРАЗИЙСКИЙ ЭКОНОМИЧЕСКИЙ СОЮЗ
ДЕКЛАРАЦИЯ О СООТВЕТСТВИИ № ЕАЭС KZ 7500986.13.12.11858"
35661,"ЕВРАЗИЙСКИЙ ЭКОНОМИЧЕСКИЙ СОЮЗ
ДЕКЛАРАЦИЯ О СООТВЕТСТВИИ №ЕАЭС KZ 7500986.13.12.11861"
35663,"ЕВРАЗИЙСКИЙ ЭКОНОМИЧЕСКИЙ СОЮЗ
ДЕКЛАРАЦИЯ О СООТВЕТСТВИИ №ЕАЭС KZ 7500986.13.12.11859"
35665,"ЕВРАЗИЙСКИЙ ЭКОНОМИЧЕСКИЙ СОЮЗ
ДЕКЛАРАЦИЯ О СООТВЕТСТВИИ №ЕАЭС KZ 7500995.13.12.08452"
35671,"ЕВРАЗИЙСКИЙ ЭКОНОМИЧЕСКИЙ СОЮЗ
ДЕКЛАРАЦИЯ О СООТВЕТСТВИИ №ЕАЭС KZ 7500651.13.12.21282"
35672,СЕРТИФИКАТ СООТВЕТСТВИЯ № KZ.7500651.01.01.02746
35673,"ЕВРАЗИЙСКИЙ ЭКОНОМИЧЕСКИЙ СОЮЗ
ДЕКЛАРАЦИЯ О СООТВЕТСТВИИ № ЕАЭС KZ 7500986.13.12.11856"
35677,СЕРТИФИКАТ СООТВЕТСТВИЯ № KZ.7500651.01.01.02747
35678,"ЕВРАЗИЙСКИЙ ЭКОНОМИЧЕСКИЙ СОЮЗ
ДЕКЛАРАЦИЯ О СООТВЕТСТВИИ № ЕАЭС KZ 7500986.13.12.11851"
35680,"ЕВРАЗИЙСКИЙ ЭКОНОМИЧЕСКИЙ СОЮЗ
ДЕКЛАРАЦИЯ О СООТВЕТСТВИИ № ЕАЭС KZ 7500986.13.12.11852"
35682,СЕРТИФИКАТ СООТВЕТСТВИЯ № KZ.7500995.01.01.01865
35683,"ЕВРАЗИЙСКИЙ ЭКОНОМИЧЕСКИЙ СОЮЗ
ДЕКЛАРАЦИЯ О СООТВЕТСТВИИ № ЕАЭС KZ 7500986.13.12.11850"
35685,"ЕВРАЗИЙСКИЙ ЭКОНОМИЧЕСКИЙ СОЮЗ
ДЕКЛАРАЦИЯ О СООТВЕТСТВИИ № ЕАЭС KZ 7500986.13.12.11849"
35687,"ЕВРАЗИЙСКИЙ ЭКОНОМИЧЕСКИЙ СОЮЗ
ДЕКЛАРАЦИЯ О СООТВЕТСТВИИ № ЕАЭС KZ 7500986.13.12.11847"
35688,"ЕВРАЗИЙСКИЙ ЭКОНОМИЧЕСКИЙ СОЮЗ
ДЕКЛАРАЦИЯ О СООТВЕТСТВИИ № ЕАЭС KZ 7500995.13.12.08453"
35689,"ЕВРАЗИЙСКИЙ ЭКОНОМИЧЕСКИЙ СОЮЗ
ДЕКЛАРАЦИЯ О СООТВЕТСТВИИ № ЕАЭС KZ 7500995.01.01.02520"
35690,"ОТТС № ТС RU E-KZ.MP03.00868, ТС RU E-KZ.MP03.00873"
35691,ОТТС № ТС RU E-KZ.MP03.00868
35695,ОТТС № ТС RU E-KZ.MP03.00873
35697,"№ ЕАЭС KZ 7100841.01.01.01688, № ЕАЭС KZ 7100841.01.01.01659"
35698,ОТТС № TC RU E-KZ.MP03.01006
35701,Отказное письмо Исх. KZ/669/23
35708,№ ЕАЭС KZ 1100317.01.01.00450
35709,№ ЕАЭС KZ.1110317.01.01.00449
35711,"ОТТС №ТС RU Е-KZ.МР03.01162,
№ТС RU Е-KZ.МР03.01163"
35712,ОТТС №ТС RU Е-KZ.МР03.01237
35713,ОТТС №ТС KZ Е-KZ.0317.00304
35714,ЕАЭС N RU Д-KZ.PA05.B.19572/24 JN 18.06.2024г
35715,KZ/1768/24 от 28.05.2024г
35716,№ТС RU Е-KZ.МР03.01237; ЕАЭС KZ 1100317.13.12.01638
35717,№ KZ.7700.01.01.01063301
35718,№ KZ.7700.02.01.00969782
35719,ЕАЭС№ЕАЭС.KZ.3110317.1312.00440
35744,ЕАЭС№ЕАЭС.KZ.3110317.01.01.00204г
35762,EАЭС№ЕАЭС.KZ.3110317.13.12.00439
35803,ЕАЭС№ЕАЭС.KZ.3110317.01.01.00203
36010,Письмо 205
36013,ЕАЭС KZ.2710317.01.01.02372 Серия KZ № 0224959 с Приложением Серия KZ № 0006092
36019,ЕАЭС KZ.2710317.01.01.02551 Серия KZ № 0228844 с Приложением Серия KZ № 0006093
36024,EAЭС№ KZ.2710317.13.12.02762
36028,ЕАЭС №KZ.2710317.13.12.02761
36036,EAЭС KZ №2710317.13.12.01825
36037,EAЭС KZ №2710317.13.12.01824
36038,EAЭС№ KZ 2710317.13.12.01823
36039,Декларация о соответствии № EAЭС KZ 2710317.13.12.04319
36041,EAЭС № KZ 2710317.13.12.01826
36042,EAЭС №KZ2710317.13.12.02999
36047,EAЭС №KZ2710317.13.12.02491
36051,EAЭС KZ 2710317.01.0104246
36052,ЕАЭС KZ 2710317.13.12.04258
36054,Не подлежит сертификации
36088,№ KZ 7500317.01.01.01989
36089,№ KZ 7500317.01.01.01990
36093,№ KZ 7500317.01.01.01991
36094,№ KZ 7500317.01.01.01992
36096,№ KZ 7500317.01.01.01987
36100,Сертификат соответствия № KZ.7500317.01.01.02359
36108,Декларация о соответсвии ЕАЭС KZ 750317.13.12.05005
36109,Декларация о соответствии ЕАЭС KZ 7500317.13.1207164
36111,не имеется
36115,Справка №1-ОПС-077
36124,Справка №1-ОПС-099
36126,Справка №1-ОПС-093
36140,Справка №1-ОПС-101
36144,Справка №1-ОПС-121
36152,Справка №1-ОПС-148
36157,Справка №1-ОПС-161
36159,Справка №1-ОПС-167
36163,Справка №1-ОПС-193
36164,Справка №1-ОПС-203
36165,Справка №1-ОПС-211
36167,Справка №1-ОПС-243
36168,Справка №1-ОПС-218
36170,№ КZ.7100628.01.01.01188
36173,№ KZ.3510317.01.01.03161
36178,№ KZ.3510317.01.01.03162
36183,№ KZ.3510317.13.12.00096
36184,№ KZ.3510317.13.12.00094
36185,№549
36191,Сертификат соответствия №KZ.7100841.01.01.03553
36237,Декларация о соответствии № ЕАЭС KZ 7100841.13.12.04546
36249,Декларация о соответствии № ЕАЭС ЕАЭС KZ 7100841.13.12.04549
36261,ЕАЭС № KZ 6328317.13.12.00715
36262,ЕАЭС № KZ 6328317.13.12.00717
36290,Отказное письмо № KZ/2340/24
36322,Декларация о соответствии № KZ.1110317.24.01.01728
36331,письмо АО Юкф НацЭКС № 3-04/758
36360,Сертификат соответствия KZ.7100317.01.01.01249
36364,Декларация о соответствии ЕАЭС KZ7100317.13.12.03099
36367,Декларация о соответствии ЕАЭС KZ7100317.13.12.03101
36371,Информационное письмо № 05-01/01-1017
36377,Декларация о соответствии ЕАЭС KZ7100317.13.12.03102
36379,Декларация о соответствии ЕАЭС KZ7100317.13.12.03103
36390,Декларация о соответствии ЕАЭС KZ 7100317.13.12.03057
36400,письмо информационное  № 3
36406,Декларация о соответствии № KZ.7500551.13.12.00044
36411,Сертификат соответствия № KZ 7500551.01.01.01528
36413,Сертификат соответствия № ЕАЭС KZ 7500986.01.01.10874
36414,Сертификат соответствия № ЕАЭС KZ 7500986.01.01.10875
36415,№ ЕАЭС KZ 3110317.13.12.00437
36438,EAЭС KZ 7500361.01.01.03404
36442,ЕАЭС KZ 7500986.01.01.10733
36446,ЕАЭС KZ 7500986.01.01.10734
36456,Сертификат соответствия № ЕАЭС KZ 7500986.01.01.10796
36457,Сертификат соответствия № ЕАЭС KZ 7500986.01.01.10795
36458,№ KZ.7700.02.01.01128925
36459,№ KZ.7700.02.01.01128927
36460,№ KZ.7700.02.01.01018933
36462,№ KZ.7700.02.01.01128934
36463,№ KZ.7700.02.01.01128928
36464,№ KZ.7700.02.01.01128932
36465,№ KZ.7700.02.01.01128930
36466,№ KZ.7700.02.01.01122950
36468,№ KZ.7700.02.01.00902461
36470,№ KZ.7700.02.01.01132464
36471,№ KZ.7700.02.01.00901410
36476,№ KZ.7700.02.01.01128924
36482,№ KZ.7700.02.01.01014555
36483,№ KZ.7700.02.01.00861447
36484,№ KZ.7700.02.01.00931216
36485,Письмо о том что не подлежит оценки безопасности и качества №1001
36487,№ KZ.7700.02.01.00907653
36497,№ KZ.7700.02.01.01128926
36502,№ KZ.7700.02.01.00943956
36503,№ KZ.7700.02.01.00943955
36504,№ KZ.7700.02.01.00943954
36506,№ KZ.7700.02.01.00943760
36509,Письмо №1076
36511,№ KZ.7700.02.01.01128929
36515,№ KZ.7700.02.01.00958647
36518,№ KZ.7700.02.01.00907641
36519,№ KZ.7700.02.01.00995456
36587,№ ЕАЭС KZ 3110317.13.12.00367.
36592,№ ЕАЭС KZ З110З17.13.12.00З68
36606,№ ЕАЭС KZ 3110317.01.01.00186
36609,№ ЕАЭС KZ 3110317.01.01.00185
36614,№ ЕАЭС KZ 7500651.01.01.09660
36615,№ ЕАЭС KZ 7500651.01.01.09659
36618,№ ЕАЭС KZ 7500651.13.12.21690
36640,№ ЕАЭС KZ 7500651.13.12.21691
36654,Сертификат соответствия № № KZ.7500669.01.01.01491
36656,Информационное письмо Исх.№ 04
36671,№ KZ.7500651.01.01.02699
36672,ЕАЭС KZ № 7500651.01.01.09330
36673,ЕАЭС KZ № 7500651.01.01.09329
36674,ЕАЭС KZ № 7500651.01.01.09328
36675,ЕАЭС KZ № 7500651.01.01.09327
36676,ЕАЭС KZ 7500651.13.12.21021
36677,ЕАЭС KZ 7500651.13.12.21020
36679,ЕАЭС KZ № 7500651.01.01.09326
36681,ЕАЭС KZ № 7500651.01.01.09325
36682,ЕАЭС KZ 7500986.13.12.12907
36683,ЕАЭС KZ 7500986.13.12.12906
36684,ЕАЭС KZ 7500986.13.12.12905
36686,ЕАЭС KZ 7500986.13.12.12904
36688,ЕАЭС KZ 7500986.13.12.12903
36690,ЕАЭС KZ 7500986.13.12.12902
36691,ЕАЭС KZ 7500986.13.12.12901
36692,ЕАЭС KZ 7500986.13.12.12900
36693,ЕАЭС KZ 7500986.13.12.12899
36694,ЕАЭС KZ 7500986.01.01.11350
36695,ЕАЭС KZ 7500986.01.01.11349
36696,ЕАЭС KZ 7500986.01.01.11348
36698,ЕАЭС KZ 7500651.01.01.09435
36699,ЕАЭС KZ 7500651.01.01.09436
36736,Отказное письмо № 06П-3/174
36738,Отказное письмо № 06П-3/232г
36739,ЕАЭС KG417/055.KZ.02.00763
36742,ЕАЭС KZ 7100934.05.01.00012
36743,ЕАЭС KZ 7100934.05.01.00011
36744,KZ.3510396.01.01.00200
36745,KZ.3510396.01.01.00207
36746,KZ.3510396.01.01.00205
36747,KZ.3510396.01.01.00203
36748,KZ.3510396.01.01.00204
36749,KZ.3510396.01.01.00202
36750,KZ.3510396.01.01.00208
36752,KZ.3510396.01.01.00201
36753,KZ.3510396.01.01.00199
36754,ЕАЭС KZ 7100934.13.12.00984
36755,ЕАЭС KZ 7100934.13.12.00985
36756,ЕАЭС KZ 7100934.13.12.00986
36757,ЕАЭС KZ 7100934.13.12.00983
36758,KZ.3510396.01.01.00206
36759,KZ.3510396.01.01.00198
36763,"EAЭC
KZ 7500986.13.12.06190"
36764,"ЕАЭС
KZ 7500986.13.12.06189"
36791,Не подлежит обязательной сертификации
37474,№ KZ.7500651.24.01.01278
36792,"№ ЕАЭС KZ.7100990.22.01.00279

№ ЕАЭС KZ.7100990.01.01.00030"
36793,№ ЕАЭС KZ.7100990.22.01.00275
36794,"№ ЕАЭС KZ.7100990.22.01.00283

№ ЕАЭС KZ.7100990.01.01.00029"
36795,№ ЕАЭС KZ.7100990.22.01.00295
36796,№ ЕАЭС KZ.7100990.22.01.00281
36799,Декларация соответствия № KZ EAЭC KZ 7500985.13.12.056658
36803,Декларация соответствия № KZ EAЭC KZ 7500985.13.12.05659
36805,Декларация соответствия № KZ EAЭC KZ 7500985.13.12.05660
36817,Сертификат соответствии №KZ.7100841.01.01.01791
36821,Сертификат соответствии №KZ.7100841.01.01.01792
36825,Сертификат соответствии №KZ.7100841.01.01.01793
36826,Декларация о соответствии Евразийского экономического союза ЕАЭС KZ 7500361.13.12.00254
36839,Сертификат соответствии ЕАЭС № KZ.7500651.01.01.09558
36840,Декларация о соответствии ЕАЭС № KZ.7500651.13.12.21441
36844,Декларация о соответствии ЕАЭС № KZ.7500651.13.12.21442
36849,Сертификат соответствии ЕАЭС № KZ.7500651.01.01.09557
36875,ЕАЭС KZ 7500651.01.01.09244
36877,ЕАЭС KZ 7500651.13.12.207279
36878,ЕАЭС KZ 7500651.01.01.09245
36879,ЕАЭС KZ 7500651.01.01.09246
36880,ЕАЭС KZ 7500651.13.12.20729
36881,ЕАЭС KZ 7500651.01.01.09256
36882,ЕАЭС KZ 7500651.13.12.20726
36883,ЕАЭС KZ 7500651.01.01.09247
36884,ЕАЭС KZ 7500651.01.01.09251
36885,ЕАЭС KZ 7500651.01.01.09248
36886,ЕАЭС KZ 7500651.13.12.20728
36887,ЕАЭС KZ 7500651.01.01.09249
36888,ЕАЭС KZ 7500651.01.01.09250
36889,ЕАЭС KZ 7500651.01.01.09252
36891,ЕАЭС KZ 7500651.01.01.09253
36892,ЕАЭС KZ 7500651.01.01.09254
36893,ЕАЭС KZ 7500651.13.12.20727
36894,ЕАЭС KZ 7500651.01.01.09255
36895,ЕАЭС KZ 7500651.01.01.09257
36898,не подлежит регистрации
36899,РК-МИ (МТ)-0№025130
36900,РК-МИ (МТ) - №017858
36902,РК-МИ (МТ) - №022523
36903,РК-МТ-5№017835
36906,РК-МИ (МТ) - №023118
36908,РК МИ (МТ)-0№025129
36909,РК МИ (МТ)-0№027908
36910,РК МИ (МТ)-0№028166
36911,РК-МИ (МТ) - №018453
36913,РК-МИ (МТ) - №018756
36915,РК-МИ (МТ) - №018248
36916,РК-МИ (МТ) - №019798
36917,РК-МИ (МТ) - №020632
36918,РК-МИ (МТ) - №021914
36919,РК-МТ-5№018116
36921,РК-МИ (МТ) - №017109
36922,РК-МИ (МТ) - №017001
36923,РК-МИ (МТ) - №016803
36924,РК-МИ (МТ) - №016513
36938,№ЕАЭС KZ 7100749.21.21.10143
36939,№ KZ 7500802.01.01.00900
36940,№KZ.7500802.01.01.00314
36941,№KZ.7500317.01.01.02011
36946,№KZ.7500317.01.01.02127
36972,KZ.7500091.21.01.39012
36973,KZ.7500091.21.01.39013
36974,KZ.7500091.21.01.39014
36980,Отказное письмо Исх. №KZ/2149/24
36999,Отказное письмо Исх. №KZ/2150/24
37007,Отказное письмо Исх. №KZ/2151/24 от 18.06.2024г
37020,Отказное письмо Исх. №KZ/2153/24 от 18.06.2024г
37032,Отказное письмо Исх. №KZ/2150/24 от 18.06.2024г
37049,КZ.7100628.01.01.00837
37050,KZ.7100628.01.01.00956
37051,KZ 7100628010101161
37090,KZ 7100628010101301
37129,KZ 7100628010101162
37148,KZ 7100628010101163
37164,KZ 7100628010100059
37174,KZ 7100628010100073
37404,KZ 7100628010101302
37414,KZ.7500661.01.01.03613
37415,KZ.7500661.01.01.03611
37416,KZ.7500661.01.01.03616
37417,KZ.7500661.01.01.03610
37418,KZ.7500661.01.01.03615
37419,KZ.7500661.01.01.03612
37420,KZ.7500661.01.01.03617
37421,KZ.7500661.01.01.03606
37422,KZ.7500661.01.01.03608
37423,KZ.7500661.01.01.03614
37424,KZ.7500661.01.01.03607
37425,KZ.7500661.01.01.03609
37426,KZ.7500661.00.01.02738
37427,KZ.7500661.00.01.02809
37428,№KZ.7500661.00.01.03487
37429,№KZ.7500661.00.01.03526
37430,Товар не подлежит обязательной сертификации
37432,№KZ.7500661.00.01.02761
37442,№KZ.7500661.00.01.01170
37443,№KZ.7500661.00.01.02777
37447,KZ.7500661.00.01.02811
37449,№ KZ.3510396.01.01.00180
37450,№ KZ.3510396.01.01.00181
37451,нет
37455,№ KZ.3510396.01.01.00190
37456,№ KZ.3510396.01.01.00188
37457,№ KZ.3510396.01.01.00191
37458,№ KZ.3510396.01.01.00196
37459,№ KZ.3510396.01.01.00197
37460,№ KZ.3510396.01.01.00179
37461,№ KZ.3510396.01.01.00182
37462,№ KZ.3510396.01.01.00195
37463,№ KZ.3510396.01.01.00194
37464,№ KZ.7500651.22.01.00807
37465,№ KZ.3510396.01.01.00189
37466,№ KZ.3510396.01.01.00187
37467,№ KZ.3510396.01.01.00185
37469,№ KZ.3510396.01.01.00183
37476,№ KZ.7500651.22.01.00839
37478,№ KZ.7500651.24.01.01276
37480,№ KZ.7500651.22.01.00838
37482,№ KZ.3510396.01.01.00175
37487,№ KZ.7500651.22.01.00841
37489,№ KZ.7500651.24.01.01277
37491,№ KZ.3510396.01.01.00176
37493,№ KZ.3510396.01.01.00178
37494,№ KZ.7500651.22.01.00810
37495,№ KZ.7500651.24.01.01274
37497,№ KZ.7500651.22.01.00837
37500,№ KZ.7500651.24.01.01273
37505,№ KZ.7500651.22.01.00835
37508,№ KZ.7500651.22.01.00842
37515,№ KZ.7500651.22.01.00840
37523,№ ЕАЭС KZ 7500651.13.12.21623
37530,№ ЕАЭС KZ 7500651.13.12.21624
37532,№ ЕАЭС KZ 500651.13.12.21625
37537,№ ЕАЭС KZ 500651.13.12.21626
37540,№ ЕАЭС KZ 500651.13.12.21629
37589,№ ЕАЭС KZ 75006651.01.01.09636
37600,№ЕАЭС KZ 7100937.01.01.00164
37602,№ЕАЭС KG 417/042.KZ.02.00422
37604,"Информационное письмо №551, не подлежит обязательной сертификации, ТОО ""SDT products"""
37636,№ ЕАЭС KZ 7100841.13.12.05680
37638,№ ЕАЭС KZ 7100841.13.12.05681
37644,№ ЕАЭС KZ 7100841.01.01.04108
37645,№ ЕАЭС KZ 7100841.01.01.04109
37646,№ ЕАЭС KZ 7100841.01.01.04110
37647,№ ЕАЭС KZ 7100841.01.01.04111
37653,RU C-KZ.НА65.В.01960/23
37654,RU C-KZ.HA65. B.01196/21
37657,RU C-KZ.НА65. В.01136/21
37658,ЕАЭС KZ 7100841.01.01.04041
37701,ЕАЭС KZ 7100841.01.01.04042
37783,Сертификат соответствия № ЕАЭС KZ 7500361.01.01.04843
37791,СС KZ.7100934.01.01.00889
37792,Декларация о соответствии ЕАЭС KG417/01.06.Д.0009950
37794,Декларация о соответствии ЕАЭС KG417/01.06.Д.0009951
37796,Декларация о соответствии ЕАЭС KG417/01.06.Д.0009949
37798,Декларация о соответствии ЕАЭС KG417/01.06.Д.0009947
37802,Декларация о соответствии ЕАЭС KG417/01.06.Д.0009946
37804,Декларация о соответствии ЕАЭС KG417/01.06.Д.0009948
37805,Декларация о соответствии ЕАЭС KG417/01.06.Д.0009943
37806,Декларация о соответствии ЕАЭС KG417/01.06.Д.0010839
37814,Сертификат соответствия №KZ.7100984.01.01.00261
37815,Сертификат соответствия №KZ.3510396.01.01.00007
37816,Сертификат соответствия №KZ.7100984.01.01.00264
37818,Сертификат соответствия № ЕАЭС KZ7500651.22.01.02080 Cерия KZ№0048619
37819,Сертификат соответствия № ЕАЭС KZ 3510396.01.01.00088 Cерия KZ№0148819
37820,Сертификат соответствия № ЕАЭС KZ.7100984.22.01.00012 Cерия KZ№0105030
37824,Декларация о соответствии ЕАЭС KG417/01.06.Д.0020028
37825,Сертификат соответствия №KZ.7100984.01.01.00260
37826,Декларация о соответствии ЕАЭС KG417/020.Д.0001342
37832,Сертификат соответствия № ЕАЭС KZ.7100984.22.01.00014
37836,Декларация о соответствии ЕАЭС KG417/01.06.Д.0021011
37837,Декларация о соответствии ЕАЭС KG417/01.06.Д.0021138
37838,Декларация о соответствии ЕАЭС KG417/01.06.Д.0021139
37839,Декларация о соответствии ЕАЭС KG417/01.06.Д.0011905
37842,Декларация о соответствии ЕАЭС KG417/020.Д.0001341
37846,Декларация о соответствии ЕАЭС KG417/022.Д.0012519
37848,Сертификат соответствия №KZ.3510396.01.01.00050
37850,Сертификат соответствия № KZ.3510396.01.01.00052
37852,Сертификат соответствия № KZ.3510396.01.01.00049
37854,Сертификат соответствия № KZ.3510396.01.01.00051
37857,Сертификат соответствия № KZ.3510396.01.01.00053
37860,Сертификат соответствия № KZ.3 510396.01.01.00059
37861,Сертификат соответствия № KZ.3510396.01.01.00056
37864,Сертификат соответствия № KZ.3510396.01.01.00054
37865,Сертификат соответствия № KZ.3 510396.01.01.00055
37866,Сертификат соответствия № KZ.3510396.01.01.00057
37868,Сертификат соответствия № KZ.3510396.01.01.00058
37871,Сертификат соответствия № KZ.3510396.01.01.00061
37874,Сертификат соответствия № KZ.3510396.01.01.00060
37876,Сертификат соответствия № KZ.3510396.01.01.00062
37885,Сертификат соответствия № KZ.3510396.01.01.00144
37886,Сертификат соответствия № ЕАЭС KZ.7500361.01.01.06889
37887,Сертификат соответствия № KZ.3510396.01.01.00145
37888,Сертификат соответствия №K.Z.3510396.01.01.00146
37889,Сертификат соответствия № KZ.3510396.01.01.00147
37890,Сертификат соответствия № KZ.3 510396.01.01.00156
37891,Сертификат соответствия № ЕАЭС KZ 3510396.01.01.00287
37892,Сертификат соответствия № KZ.3510396.01.01.00171
37893,Сертификат соответствия № KZ.3510396.01.01.00172
37894,Сертификат соответствия № KZ.3 510396.01.01.00221
37895,Сертификат соответствия № KZ.3 510396.01.01.00222
38312,ЕАЭС.KZ.3110317. 13.12.00383
37896,Сертификат соответствия № KZ.3510396.01.01.00223
37897,Сертификат соответствия № KZ.3 510396.01.01.00224
37898,Сертификат соответствия № KZ.7100934.01.01.03537
37899,Сертификат соответствия № KZ.7100934.01.01.03601
37910,Сертификат соответствия № ЕАЭС ЕАЭС KZ.3510396.01.01.00263
37915,Сертификат соответствия № KZ.3510396.01.01.00093
37916,Декларация о соответствии ЕАЭС № ЕАЭС KZ 3510396.13.12.00261
37918,Сертификат соответствия № ЕАЭС ЕАЭС KZ.3510396.01.01.00262
37920,Сертификат соответствия № ЕАЭС ЕАЭС KZ.3510396.01.01.00212
37924,Сертификат соответствия № ЕАЭС ЕАЭС KZ.3510396.01.01.00213
37928,Декларация о соответствии № KZ.3510396.01.01.00094
37929,Сертификат соответствия № ЕАЭС ЕАЭС KZ.3510396.01.01.00264
37930,Декларация о соответствии ЕАЭС № ЕАЭС KZ 3510396.13.12.00260
37933,"Письмо ЮКФ АО ""НАЦЭКС"" № 3-04/624"
37951,"Письмо ЮКФ АО ""НАЦЭКС"" № 3-04/825"
37956,"Декларация соответствия
KZ.7100317.13.12.04909"
37957,"Декларация соответствия
KZ.7100317.13.12.04912"
37958,"Декларация соответствия
KZ.7100317.13.12.04911"
37959,"Декларация соответствия
KZ.7100317.13.12.04910"
37964,№  ЕАЭС KZ 7500651.13.12.21775
37980,№ ЕАЭС KZ 7500651.13.12.21776
38018,№ ЕАЭС KZ 7500651.01.01.09704
38028,Сертификат соответствия № ЕАЭС KZ 7500986.01.01.10732
38029,Сертификат соответствия № ЕАЭС KZ 7500986.01.01.10728
38031,Сертификат соответствия № ЕАЭС KZ 7500986.01.01.10726
38033,Сертификат соответствия № ЕАЭС KZ 7500986.01.01.10731
38034,Сертификат соответствия № ЕАЭС KZ 7500986.01.01.10727
38035,Сертификат соответствия № ЕАЭС KZ 7500986.01.01.10730
38037,Сертификат соответствия № ЕАЭС KZ 7500986.01.01.10729
38039,"№ KZ. 7500196.13.12.00968
/№ KZ.7500525.22.01.00631"
38063,№ KZ.7500525.22.01.00752
38080,№ KZ. 7500196.13.12.00968
38101,№ KZ.7500196.13.12.00998
38107,№ KZ 7500196.13.12.01554
38108,№ KZ.7500196.13.12.01000
38111,№ KZ 7500196.13.12.01548
38113,№ KZ.7500196.13.12.00995
38117,№ KZ.7500196.13.12.00996
38118,№ KZ 7500196.13.12.01552
38119,№ ЕАЭС KZ 7500196.13.12.01555
38121,№ ЕАЭС KZ 7500196.13.12.01549
38122,№ KZ.7500196.13.12.00997
38127,№ KZ.7500196.13.12.00994
38141,№ KZ.7500196.13.12.00967
38159,№ KZ.7500196.13.12.00993
38163,№ KZ 7500196.13.12.01550
38164,№ KZ.7500196.24.01.00033
38165,N KZ Д-KZ.E0196.B.00026
38166,№ ЕАЭС KZ Д-KZ.E0196.B.00025
38167,№ ЕАЭС KZ 7500196.13.12.00073
38168,№ ЕАЭС KZ 7500196.13.12.00087
38169,ЕАЭС KZ 7500196.13.12.00088
38170,ЕАЭС KZ 7500196.13.12.00836
38171,№ ЕАЭС KZ 7500196.13.12.01554
38174,ЕАЭС KZ 7500196.13.12.01551
38175,ЕАЭС KZ 7500196.13.12.01553
38176,ЕАЭС KZ 7500196.13.12.01752
38177,ЕАЭС KZ 7500196.13.12.03401
38178,ЕАЭС KZ 7500196.13.12.04124
38183,ЕАЭС KZ 7500196.05.01.02310
38195,"Сертификат соответствия
№KZ.7500661.00.01.02656
от 28 декабря 2022 г.
Действителен до 
28 декабря 2025 г."
38196,сертификат соответствия № ЕАЭС ЕАЭС KZ 7500986.01.01.07883
38197,сертификат соответствия № ЕАЭС ЕАЭС KZ 7500986.01.01.07884
38198,сертификат соответствия № ЕАЭС ЕАЭС KZ 7500986.01.01.07885
38201,сертификат соответствия № ЕАЭС ЕАЭС KZ 7500986.01.01.07882
38202,сертификат соответствия № ЕАЭС ЕАЭС KZ 7500986.01.01.10614
38203,сертификат соответствия № ЕАЭС ЕАЭС KZ 7500986.01.01.10613
38204,Сертификат соответствия №ЕАЭС ЕАЭС KZ 7500986.01.01.11943
38205,Сертификат соответствия №ЕАЭС ЕАЭС KZ 7500937.01.01.00855
38225,"ОТТС
 №ТС RU E-KZ.MP03.00808"
38232,"СБКТС № ТС KZ.0790.00898
СБКТС № ТС KZ.0790.00899
СБКТС № ТС KZ.0790.00900
СБКТС № ТС KZ.0790.00901"
38233,СБКТС № KZ A-CN.0224.00345
38234,"СБКТС № KZ A-KZ.0790/00132
СБКТС № KZ A-KZ.0224.00778
СБКТС № KZ A-KZ.0224.00777"
38235,СБКТС №KZ A- KZ.0790.00933
38236,ЕАЭС KZ 7100841.13.12.03481
38238,ЕАЭС KZ 7100841.13.12.04350
38240,№ ТС RU E-KZ. АЖ04.01472. Р1
38243,Сертификат соответствия № ЕАЭС KZ 7500986.01.01.11517
38244,Сертификат соответствия № ЕАЭС KZ 7500986.01.01.11519
38245,Сертификат соответствия № ЕАЭС KZ 7500986.01.01.11520
38246,Сертификат соответствия № ЕАЭС KZ 7500986.01.01.11521
38247,Сертификат соответствия № ЕАЭС KZ 7500986.01.01.11522
38248,Сертификат соответствия № ЕАЭС KZ 7500986.01.01.11518
38268,Сертификат соответсвия №ЕАЭС KZ 7500986.01.01.10793
38270,№ ЕАЭС KZ 7500533.01.01.00628
38271,№ ЕАЭС KZ 7500533.01.01.00630
38275,№ ЕАЭС KZ 7500533.01.01.00632
38327,ЕАЭС.KZ.311037. 01.01.00188
38340,ЕАЭС.KZ.311037. 01.01.00187
38352,ЕАЭС.KZ.3110317. 13.12.00421
38354,ЕАЭС.KZ.3110317. 13.12.00308
38359,ЕАЭС.KZ.3110317. 13.12.00384
38365,ЕАЭС.KZ.311037. 01.01. 00187
38366,ЕАЭС.KZ.311037. 01.01. 00194
38369,289/10
38381,№432
38395,ЕАЭС KZ 7500986.13.12.02853
38444,"сертификат соответствия 
№ ЕАЭС KZ 3110317.01.01.00113"
38452,"сертификат соответствия 
№ ЕАЭС KZ 3110317.01.01.00114"
38455,"декларация о соответствии 
№ ЕАЭС KZ 3110317.13.12.00215"
38459,"сертификат соответствия 
№ ЕАЭС KZ 3110317.01.01.00115"
38461,"сертификат соответствия 
№ ЕАЭС KZ 3110317.01.01.00111"
38463,"сертификат соответствия 
№ ЕАЭС KZ 3110317.01.01.00112"
38465,"Декларация о соответствии 
№ ЕАЭС KZ 3110317.13.12.00211"
38467,"Декларация о соответствии 
№ ЕАЭС KZ 3110317.13.12.00210"
38476,Декларация о соответствии ЕАЭС KZ 7500533.13.12.00725
38477,Декларация о соответствии ЕАЭС KZ 7500533.13.12.03316
38478,Декларация о соответствии ЕАЭС KZ 7500533.13.12.03323
38479,№ ЕАЭС KZ 7500651.01.01.09991
38482,№ ЕАЭС KZ 7500651.01.01.09992
38483,№ ЕАЭС KZ 7500651.01.01.09993
38484,№ ЕАЭС KZ 7500651.01.01.09994
38485,№ ЕАЭС KZ 7500651.13.12.22797
38497,№ ЕАЭС KZ 7500651.13.12.22798
38529,Отказное письмо № KZ/2983/24
38557,Декларация ЕАЭС KZ 7500986.13.12.08888
38558,ДекларацияЕАЭС KZ 7500986.13.12.08889
38559,Декларация ЕАЭС KZ 7500986.13.12.08887
38560,Декларация ЕАЭС KZ 7500986.13.12.08890
38561,Декларация ЕАЭС KZ 7500986.13.12.08886
38562,Декларация ЕАЭС KZ 7500986.13.12.08885
38563,Декларация ЕАЭС KZ 7500986.13.12.08883
38564,Сертификат ЕАЭС KZ 7500986.01.01.07975
38565,Сертификат ЕАЭС KZ 7500986.01.01.07976
38566,Сертификат ЕАЭС KZ 7500986.01.01.07977
38567,Декларация ЕАЭС KZ 7500986.13.12.08882
38568,Декларация ЕАЭС KZ 7500986.13.12.08880
38569,Декларация ЕАЭС KZ 7500986.13.12.08881
38570,Сертификат ЕАЭС KZ 7500986.01.01.07978
38571,Сертификат  ЕАЭС KZ 7500986.01.01.07979
38572,Декларация ЕАЭС KZ 7500986.13.12.08884
38574,Сертификат соответствия KZ.7500317.01.01.00162
38575,Сертификат соответствия KZ.7500317.01.01.00159
38576,Сертификат соответствия KZ.7500317.01.01.00161
38577,Декларация о соответствии KZ.7500317.13.12.02774
38578,Декларация о соответствии KZ.7500317.13.12.02775
38579,Декларация о соответствии KZ.7500317.13.12.07097
38580,"Письмо о необязательной оценке соответствия № 981/10, выданное АО ""Национальный Центр Экспертизы и Сертификации"" Алматинский Филиал"
38584,"ЕАЭС KZ 7500533.13.12.03756
ЕАЭС KZ 7500533.13.12.03739"
38609,KZ.7700.02.01.00737461
38610,KZ.7700.02.01.01081277
38611,KZ.7700.02.01.00954631
38612,KZ.7700.02.01.00763307
38613,KZ.7700.02.01.00954617
38614,KZ.7700.02.01.00954401
38615,KZ.7700.02.01.00953983
38616,KZ.7700.02.01.01081895
38617,KZ.7700.02.01.01167792
38618,KZ.7700.02.01.00952288
38619,"KZ.7700.02.01.01167791
KZ.7700.02.01.01081281"
38620,ЕАЭС KZ 4310317.13.12.00643
38623,KZ.4310317.01.01.00249
38624,ЕАЭС KZ 3510317.01.01.00802
38625,ЕАЭС KZ 3510317.01.01.00803
38630,Письмо исх №0589/2023-ОПС о необходимости обязательного подтверждения соответствия товара
38679,KZ 3510396.13.12.00119
38683,№ EAЭС KZ 7500401.01.01.03643
38684,№ EAЭС KZ 7500401.01.01.03644
38685,№ EAЭС KZ 7500401.01.01.03645
38686,№ ЕАЭС KZ 7500401.01.01.04041
38687,№ ЕАЭС KZ 7500401.01.01.04040
38688,Информационное письмо №KZ/3390/24
38695,ЕАЭС KZ 7500533.13.12.02371
38696,Сертификат соответствия №KZ.7100841.01.01.03726
38732,ЕАЭС  KZ. 7500525.13.12.00007
38733,ЕАЭС  KZ. 1510019.22.01.00325
38734,ЕАЭС  KZ. 1510019.22.01.00286
38735,ЕАЭС  KZ. 7500525.13.12.00032
38736,ЕАЭС  KZ. 1510019.22.01.00289
38737,ЕАЭС  KZ. 1900193.13.12.04176
38738,ЕАЭС  KZ. 7500533.13.12.00143
38739,ЕАЭС  KZ. 7500533.13.12.00387
38740,ЕАЭС  KZ. 1900193.13.12.04183
38741,ЕАЭС  KZ. 1900193.13.12.04188
38742,ЕАЭС  KZ. 1900193.13.12.04182
38743,№KZ.7500551.01.01.01425
38744,"письмо  № 2024/2023 –ОПС, ТОО «ТДА СЕРВИС»"
38745,ЕАЭС  KZ. 7500533.13.12.00144
38746,ЕАЭС  KZ. 1510019.22.01.00288
38764,Декларация о соответствии ЕАЭС KZ 3510317.13.12.02766
38768,Декларация о соответствии ЕАЭС KZ 3510317.13.12.02767
38770,Информационное письмо филиал «Семей» АО «НаЦЭкС» № 01-48/ОПС-34
38772,Декларация о соответствии ЕАЭС № KZ.6328317.13.12.00003
38779,EAЭС KZ №7100841.13.12.06305
38783,Сертификат соответствия № KZ.7500551.01.01. 02076
38786,№ ЕАЭС KZ 7500986.01.01.02325
38790,№ EAЭС KZ 7500986.01.01.11919
38793,№ EAЭС KZ 7500986.01.01.11920
38794,№ EAЭС KZ 7500986.01.01.11921
38797,№04-23/100
38802,№ 04-23/335
38815,№04-23/201 от 26.04.2022г.
38819,№KZ.7100628.01.01.00284
38820,№KZ.7100628.01.01.04506
38821,№04-23/200
38823,04-23/720
38825,№KZ.7100628.01.01.01057
38826,04-23/281
38827,ЕАЭС № RU Д-KZ.РА04.В.81144/24 от г. до г.
38830,№04-23/485
38831,№ ЕАЭС KZ 7500525.01.01.00571
38837,№ ЕАЭС KZ 7500525.01.01.00572
38840,№ ЕАЭС KZ 7500525.01.01.00593
38841,ЕАЭС N RU Д-KZ.PA08.B.99426/23
38842,ЕАЭС N RU Д-KZ.PA08.B.99550/23
38843,ЕАЭС N RU Д-KZ.PA08.B.99258/23
38844,ЕАЭС N RU Д-KZ.PA08.B.99328/23
38845,ЕАЭС N RU Д-KZ.PA08.B.99493/23
38846,ЕАЭС N RU Д-KZ.PA08.B.99480/23
38847,ЕАЭС N RU Д-KZ.PA08.B.99384/23
38848,ЕАЭС N RU Д-KZ.PA08.B.99427/23
38849,ЕАЭС N RU Д-KZ.PA08.B.99545/23
38850,ЕАЭС N RU Д-KZ.PA08.B.99352/23
38851,ЕАЭС N RU Д-KZ.PA08.B.99285/23
38852,ЕАЭС N RU Д-KZ.PA08.B.99490/23
38853,ЕАЭС N RU Д-KZ.PA08.B.99489/23
38854,Декларация о соответсвии ЕАЭС KZ 7100841.13.12.01983
38855,Сертификат о соответсвия KZ.7500669.01.01.01062
38856,Сертификат о соответсвия №ЕАЭС КZ.7500986.01.01.05250
38857,Сертификат соответствия № ЕАЭС KZ 7500986.01.01.07738
38858,Сертификат соответствия № ЕАЭС KZ.7500802.01.01.00863
38859,№2297/2024 г- ОПС
38860,Сертификат соответствия № ЕАЭС KZ.7500986.01.01.10666
38880,Декларация о соответствии № KZ.7500551.13.12.00052
38924,Сертификат соответствия ЕАЭС №: ЕАЭС.:KZ. 3110317.01.01.00199 серия KZ №0246048
38925,Сертификат соответствия ЕАЭС №: ЕАЭС.: KZ. 3110317.01.01.00200  серия KZ №0246047
39004,ЕАЭС KZ7500986.01.01.12167
39006,ЕАЭС KZ7500986.01.01.12169
39008,ЕАЭС KZ7500986.01.01.12166
39012,№KZ/12288/24
39013,№8
39016,ЕАЭС KZ 3910317.01.01.00782
39017,ЕАЭС KZ 3910317.01.01.00823
39018,ЕАЭС KZ 3910317.01.01.00821
39019,ЕАЭС KZ 3910317.01.01.00822
39020,ЕАЭС KZ 3910317.01.01.00824
39022,ЕАЭС KZ 3910317.01.01.00038
39023,ЕАЭС KZ 3910317.01.01.00829
39025,ЕАЭС KZ 3910317.01.01.00783
39026,ЕАЭС KZ 3910317.01.01.00825
39027,ЕАЭС KZ 3910317.01.01.00831
39028,ЕАЭС KZ 3910317.01.01.00828
39029,ЕАЭС KZ 3910317.01.01.00830
39030,ЕАЭС KZ 7100317.13.12.01823
39031,ЕАЭС KZ 7100317.01.01.00877 серия KZ № 0197901
39033,ЕАЭС KZ 7100317.13.12.01822
39034,ЕАЭС KZ 7100317.01.01.00880 серия KZ № 0197904
39037,ЕАЭС KZ 7100317.01.01.00879 серия KZ № 0197900
39038,ЕАЭС KZ 7100317.01.01.01604 серия KZ  0250979
39039,ЕАЭС KZ 7100317.01.01.01604 серия KZ 0250977
39045,ЕАЭС KZ 7100317.01.01.01602 серия KZ  0250976
39049,ЕАЭС KZ 7100317.01.01.01605 серия KZ  0250978
39050,ЕАЭС KZ 7100317.13.12.04226
39052,ЕАЭС KZ 7100317.13.12.04225
39071,ЕАЭС KZ 7500317.13.12.07299
39072,ЕАЭС KZ 750031.13.12.07300
39086,№KZ3110317.01.0100132
39089,№ЕАЭС KZ 7500651.13.12.21662
39108,№ЕАЭС KZ 7500651.13.12.21661
39115,ЕАЭС KZ 7100841.01.01.04513
39122,KZ.7500851.01.01.00373
39124,KZ.7500851.01.01.00374
39125,KZ.7500851.01.01.00515
39127,KZ.7500851.01.01.00516
39128,KZ.7500851.13.12.06841
39129,KZ.7500851.13.12.06842
39131,KZ.7500851.13.12.06843
39133,KZ.7500851.01.01.00375
39134,KZ.7500851.01.01.00376
39138,№ ЕАЭС KZ7500651.13.12.21311
39155,№ ЕАЭС KZ7500651.13.12.21312
39156,№ ЕАЭС KZ7500651.01.01.10056
39158,№ ЕАЭС KZ7500651.01.01.09434
39159,№ ЕАЭС KZ7500651.01.01.09433
39162,№ ЕАЭС KZ 7500651.13.12.22158
39169,№ ЕАЭС KZ 7500651.13.12.22159
39215,сертификат соответствия № ЕАЭС KZ 7100990.22.01.00130
39216,Декларация о соответствии № ЕАЭС KZ 7100990.24.01.00051
39217,Декларация о соответствии № ЕАЭС KZ 7100990.24.01.00054
39218,Декларация о соответствии № ЕАЭС KZ 7100990.24.01.00055
39219,Декларация о соответствии № ЕАЭС KZ 7100990.13.12.00015
39220,Информационное письмо от ТОО «КазЦСЖТ» Исх № 333
39224,Декларация о соответствии № ЕАЭС KZ 7100990.24.01.00101
39226,сертификат соответствия № ЕАЭС KZ 7100990.01.01.00107
39227,сертификат соответствия № ЕАЭС KZ 7100990.01.01.00074
39228,сертификат соответствия № ЕАЭС KZ 7100990.05.01.00110
39229,Информационное письмо от ТОО «КазЦСЖТ» Исх № 314 ОПС
39230,декларация о соответствии ЕАЭС № ЕАЭС KZ 7100990.13.12.00108
39231,сертификат соответствия № ЕАЭС KZ 7100990.01.01.00224
39232,Сертификат соответствия № ЕАЭС KZ 7100990.01.01.00223
39233,Информационное письмо №494
39238,№KZ7500525.01.01.00035
39251,№KZ.7500669.01.01.00437
39252,№ЕАЭС KZ 7500937.01.01.00674
39257,№ ЕАЭС KZ 7500533.01.01.02520
39258,№ ЕАЭС KZ 7500533.01.01.02552
39259,№ ЕАЭС KZ 7500533.01.01.02536
39260,№ ЕАЭС KZ 7500533.01.01.02525
39261,№ ЕАЭС KZ 7500533.01.01.02510
39262,№ ЕАЭС KZ 7500533.01.01.02521
39263,№ ЕАЭС KZ 7500533.01.01.02549
39265,№ ЕАЭС KZ 7500533.01.01.02634
39266,№ ЕАЭС KZ 7500533.01.01.02638
39267,Декларация о соответствии ЕАЭС № ЕАЭС KZ 7500533.13.12.04726
39273,Декларация о соответствии ЕАЭС № ЕАЭС KZ 7500533.13.12.04739
39274,Декларация о соответствии ЕАЭС № ЕАЭС KZ 7500533.13.12.04774
39275,"Сертификат соответствия №KZ.7100841.
01.01.03738"
39282,"Сертификат соответствия №KZ.7100841.
01.01.03739"
39292,№KZ.7500551.01.01.02337
39294,№ KZ.7500669.01.01.02330
39295,Декларация соответствия ЕАЭС № KG417/035.Д.0007202
39297,Декларация соответствия ЕАЭС № KG417/022.Д.0023980
39299,№ KZ.7500669.01.01.01885
39303,№ KZ.7500669.01.01.01886
39305,KZ.7500317.01.01.01166
39415,ЕАЭС KZ 2710317.13.12.02651
39416,ЕАЭС KZ 2710317.13.12.02652
39417,ЕАЭС KZ 2710317.13.12.02690
39418,ЕАЭС KZ 2710317.13.12.02655
39419,ЕАЭС KZ 2710317.13.12.02650
39420,ЕАЭС KZ 2710317.13.12.02695
39421,ЕАЭС KZ 2710317.13.12.02692
39422,ЕАЭС KZ 2710317.13.12.02663
39423,ЕАЭС KZ 2710317.13.12.02696
39424,ЕАЭС KZ 2710317.13.12.02693
39425,ЕАЭС KZ 2710317.13.12.02649
39426,ЕАЭС KZ 2710317.13.12.02694
39427,KZ.2710317.01.01.01073
39428,ЕАЭС KZ 2710317.01.01.02716
39429,ЕАЭС KZ 2710317.01.01.02715
39430,KZ.7700.02.01.01144274
39431,KZ.7700.02.01.01144017
39432,KZ.7700.02.01.01143123
39433,KZ.7700.02.01.01143886
39434,KZ.7700.02.01.01142802
39435,KZ.7700.02.01.01142941
39436,KZ.7700.02.01.01144367
39437,KZ.7700.02.01.01144363
39438,KZ.7700.02.01.01144240
39439,KZ.7700.02.01.01144198
39440,KZ.7700.02.01.01144365
39441,KZ.7700.02.01.01143000
39442,KZ.7700.02.01.01144242
39443,KZ.7700.02.01.01144337
39444,KZ.7700.02.01.01143080
39445,KZ.7700.02.01.01144283
39446,KZ.7700.02.01.01144364
39447,KZ.7700.02.01.01145513
39448,KZ.7700.02.01.01143782
39449,KZ.7700.02.01.01144362
39450,KZ.7700.02.01.01145590
39451,KZ.7700.02.01.01144343
39452,KZ.7700.02.01.01144023
39453,Сертификат соответствия № ЕАЭС KZ 7500651.01.01.03417 серия 0212382 протокол испытаний  № 6196/ЛП от 27.09.22.
39454,Сертификат соответствия № ЕАЭС KZ 7500651.01.01.03418 серия 0212383 протокол испытаний  № 6205/ЛП от 27.09.22.
39455,Сертификат соответствия № ЕАЭС KZ 7500651.01.01.03421 серия 0212386 протокол испытаний  № 6202/ЛП от 09.09.22.
39456,Сертификат соответствия № ЕАЭС KZ 7500651.01.01.01510 серия 0195115 протокол испытаний  № 536/ЛП от 10.02.22.
39457,Сертификат соответствия № ЕАЭС KZ 7500651.01.01.01507 серия 0195112 протокол испытаний  № 534/ЛП от 10.02.22.
39458,Сертификат соответствия № ЕАЭС KZ 7500651.01.01.03422 серия 0212387 протокол испытаний  № 6201/ЛП от 09.09.22.
39459,Сертификат соответствия № ЕАЭС KZ 7500651.01.01.01508 серия 0195113 протокол испытаний  № 533/ЛП от 10.02.22.
39460,Сертификат соответствия № ЕАЭС KZ 7500651.01.01.03419 серия 0212384 протокол испытаний  № 6199/ЛП от 27.09.22
39462,Сертификат соответствия № ЕАЭС KZ 7500651.01.01.01509 серия 0195114 протокол испытаний  № 535/ЛП от 10.02.22
39463,Сертификат соответствия № ЕАЭС KZ 7500651.01.01.03420 серия 0212385 протокол испытаний  № 6197/ЛП от 27.09.22.
39465,Сертификат соответствия № ЕАЭС KZ 7500651.01.01.01511 серия 0195126 протокол испытаний  № 542/ЛП от 10.02.22.
39466,Сертификат соответствия №KZ 3510396.01.01.00065 протокол испытания №157-04 от 24.08.22
39467,"Сертификат соответствия №KZ 3510396.01.01.00067 протокол испытания №154-04, № 155-04 от 24.08.22"
39469,"Сертификат соответствия №KZ 3510396.01.01.00070 протокол испытания №154-04, № 155-04 от 24.08.22"
39471,Сертификат соответствия № KZ 3510396.01.01.00068 протокол испытания №158-04 от 24.08.22
39472,Сертификат соответствия № KZ 3510396.01.01.00069 протокол испытания №153-04 от 24.08.22
39801,Декларация о соответствии EAЭС KG417/029.Д.0022929
39474,Сертификат соответствия № ЕАЭС KZ 7500651.22.01.02120 серия 0177318 протокол испытаний  № 1636/ЛП  № 1637/ЛП от 12.03.21г.
39475,Сертификат соответствия №KZ 3510396.01.01.00066 протокол испытания №156-04 от 24.08.22
39476,Сертификат соответствия № ЕАЭС KZ 7500651.22.01.02120 серия 0177318 протокол испытаний  № 1636/ЛП от 12.03.21г. ГОСТ 31307-2005
39477,Письмо отказное №45
39478,Сертификат соответствия №  KZ 7500651.01.01.00361 протокол испытаний № 537ЛП от 10.02.22
39479,Сертификат соответствия №  KZ 7500651.01.01.00962 протокол испытаний № 6805\ЛП от 28.10.22
39487,ЕАЭС KZ 7500430.13.12.01034
39488,ЕАЭС KZ 7500430.13.12.01035
39492,KZ.7500551.13.12.00166
39494,KZ.1510317.01.01.01007
39539,KZ.1510317.01.01.01006
39544,KZ.1510317.01.01.01005
39549,KZ.1510317.01.01.01004
39554,KZ.1510317.01.01.01003
39555,KZ.1510317.01.01.01054
39556,№2973/2024-ОПС
39558,№2901/2024-ОПС
39573,письмо №42 от 09.04.2024г.ТОО «Центр сертификации и экспертизы «ТЕСТ».
39575,№ ЕАЭС KZ 7500651.13.12.22950
39613,Декларация ЕАЭС KZ 7500651.13.12.21201
39614,Декларация ЕАЭС KZ 7500651.13.12.21202
39616,Декларация ЕАЭС KZ 7500651.13.12.21203
39617,Декларация ЕАЭС KZ 7500651.13.12.21204
39618,Декларация ЕАЭС KZ 7500651.13.12.21158
39619,Сертификат№ ЕАЭС KZ7500651.01.01.09404
39621,Декларация ЕАЭС KZ 7500651.13.12.21205
39622,Декларация ЕАЭС KZ 7500651.13.12.21212
39623,ЕАЭС KZ 7500651.13.12.21207
39624,Декларация ЕАЭС KZ 7500651.13.12.21208
39625,Декларация ЕАЭС KZ 7500651.13.12.21209
39627,Декларация ЕАЭС KZ 7500651.13.12.21219
39628,Декларация ЕАЭС KZ 7500651.13.12.21206
39629,Декларация ЕАЭС KZ 7500651.13.12.21210
39630,Декларация ЕАЭС KZ 7500651.13.12.21211
39631,Сертификат  № ЕАЭС KZ7500651.01.01.09402
39632,Декларация ЕАЭС KZ 7500651.13.12.21221
39633,Сертификат № ЕАЭС KZ7500651.01.01.09403
39635,Декларация ЕАЭС KZ 7500651.13.12.21222
39636,Декларация ЕАЭС KZ 7500651.13.12.21223
39637,Декларация ЕАЭС KZ 7500651.13.12.21224
39639,Декларация ЕАЭС KZ 7500651.13.12.21225
39640,Сертификат № ЕАЭС KZ7500651.01.01.09402
39641,Декларация ЕАЭС KZ 7500651.13.12.21226
39642,Декларация ЕАЭС KZ 7500651.13.12.21227
39643,Декларация ЕАЭС KZ 7500651.13.12.21254
39644,Декларация ЕАЭС KZ 7500651.13.12.21255
39646,Декларация ЕАЭС KZ 7500651.13.12.21259
39647,Декларация ЕАЭС KZ 7500651.13.12.21260
39648,Декларация ЕАЭС KZ 7500651.13.12.21220
39649,Сертификат№ ЕАЭС KZ7500651.01.01.09439
39651,Декларация ЕАЭС KZ 7500651.13.12.21261
39652,Декларация ЕАЭС KZ 7500651.13.12.21262
39653,Декларация ЕАЭС KZ 7500651.13.12.21263
39654,Декларация ЕАЭС KZ 7500651.13.12.21264
39655,Декларация ЕАЭС KZ 7500651.13.12.21265
39657,Декларация ЕАЭС KZ 7500651.13.12.21266
39658,Декларация ЕАЭС KZ 7500651.13.12.21267
39659,Декларация ЕАЭС KZ 7500651.13.12.21268
39660,Декларация  ЕАЭС KZ 7500651.13.12.21269
39661,Сертификат № ЕАЭС KZ7500651.01.01.09440
39662,Декларация ЕАЭС KZ 7500651.13.12.21270
39663,Сертификат № ЕАЭС KZ7500651.01.01.09438
39665,Декларация ЕАЭС KZ 7500651.13.12.21271
39666,Декларация  ЕАЭС KZ 7500651.13.12.21272
39667,Декларация ЕАЭС KZ 7500651.13.12.21288
39669,Декларация ЕАЭС KZ 7500651.13.12.21273
39671,Декларация ЕАЭС KZ 7500651.13.12.21274
39672,Декларация ЕАЭС KZ 7500651.13.12.21275
39673,Сертификат № ЕАЭС KZ7500651.01.01.09437
39674,KZ.7500551.01.01.01660
39675,"Отказное письмо
Исх. KZ/5/24"
39678,ЕАЭС KZ 7500651.21.01.61318
39679,ЕАЭС KZ 7100841.01.01.02589
39685,ЕАЭС KZ 7100841.13.12.03337
39687,Декларация о соответствии №KG417/031.Д.0047527
39693,Декларация о соответствии №KG417/031.Д.0047528
39700,Сертификат соответствия № KZ.Q.02.0489.C21.006594
39702,Сертификат соответствия №ЕАЭС KZ 7100841.01.01.02423; Серия KZ № 0237462
39709,Декларация о соответствии №KG417/031.Д.0047528.
39710,Декларация о соответствии №KG417/031.Д.0047516
39746,Разъяснительное письмо №322
39749,Декларация о соответствии KG417/031.Д.0047529
39772,Декларация о соответствии EAЭС KG417/031.Д.0017484
39773,Декларация о соответствии EAЭС KG417/031.Д.0047521
39779,Декларация о соответствии №KG417/031.Д.0047523
41210,№ KZ.7500802.01.01.00430
39816,Декларация о соответствии EAЭС KG417/031.Д.0047512
39870,№ЕАЭС KZ 7500533.13.12.01948
39871,№ЕАЭС KZ 7500533.13.12.02054
39874,№ЕАЭС KZ 7500533.13.12.04766
39875,KZ.7100841.01.01.02682
39941,KZ.7500533.01.01.00181
40035,ЕАЭС KZ 7100841.13.12.01521
40036,ЕАЭС KZ 7100841.01.01.00929
40037,ЕАЭС KG417/026.Д.0001252
40038,KZ.7500551.13.12.00008
40039,KZ.7100749.24.01.07009
40040,ЕАЭС KG417/026.Д.0000537
40041,ЕАЭС KZ 7100841.13.12.01520
40044,KZ.7500551.01.01.00913
40057,KZ.7100841.01.01.00411
40059,KZ.7100841.01.01.02731
40071,KZ.7100749.24.01.04009
40103,KZ.7500551.01.01.01109
40107,KZ.7100841.01.01.02484
40115,KZ.7500551.01.01.01800
40243,ЕАЭС KZ 71000990.01.01.00072
40244,№ ЕАЭС  KZ.3110317.13.12.00457
40278,№ ЕАЭС  KZ.3110317.01.01.00212
40289,EAЭС KZ 3910317.01.01.00700
40291,№EAЭС KZ7500986.01.01.12648 Серия KZ0281497
40292,"ЕАЭС KZ 7500802.13.12.02575, ЕАЭС KZ 7500802.13.12.02572"
40303,ЕАЭС KZ 7500802.13.12.02582
40304,ЕАЭС KZ 7500802.13.12.02570; ЕАЭС KZ 7500802.13.12.02571
40305,ЕАЭС KZ 7500802.13.12.02570
40306,ЕАЭС KZ 7500802.01.01.01206; ЕАЭС KZ 7500802.01.01.01207
40308,Сертификат соответствия №ЕАЭС KZ 7500986.01.01.12730
40309,Сертификат соответствия №ЕАЭС KZ 7500986.01.01.12731
40310,Информационное письмо №160824-06
40318,"ЕАЭС KZ 7500533.13.12.02120,
ЕАЭС KZ 7500533.13.12.02117"
40319,ЕАЭС KZ.7500986.01.01.11528
40322,ЕАЭС KZ.7500986.01.01.11527
40325,ЕАЭС KZ.7500986.01.01.11530
40327,ЕАЭС KZ.7500986.01.01.11529
40330,ЕАЭС KZ 7100841.13.12.04621
40331,ЕАЭС KZ 7500986.01.01.12668
40333,ЕАЭС KZ 1900193.01.01.02006
40337,ЕАЭС KG417/033.Д.0004785
40339,ЕАЭС KZ 7100841.01.01.01848
40343,ЕАЭС KZ 7500196.13.12.02185
40378,ЕАЭС KZ 7100841.13.12.02133
40384,ЕАЭС KZ 7100841.13.12.02132
40395,"ЕАЭС KZ
7500533.01.01.01
480"
40399,"ЕАЭС KZ
7100841.13.12.03635"
40408,"ЕАЭС KZ
7500533.13.12.01
315"
40410,"Не подлежит
обязательной
сертификации"
40411,"ЕАЭС KZ
7500533.13.12.01
400"
40413,"ЕАЭС KZ
7500196.13.12.02
185"
40416,"ЕАЭС KZ
7500533.13.12.03
240"
40422,Информационное письмо №KZ/2148/24
40427,№ЕАЭС KZ 7500361.01.01.02159
40429,№ЕАЭС KZ 7500361.01.01.02156
40433,№ЕАЭС KZ 7500361.01.01.02157
40435,№ЕАЭС KZ 7500361.01.01.02158
40437,№ЕАЭС KZ 7500361.01.01.02160
40441,"Информационное письмо ТОО ""Kazautocert"" №KZ/3996/24"
40449,KZ. 75000651.01.01.09822 Протокол испытаний № 019/220824/6 от 22.08.2024 г.
40468,KZ.7500651.22.01.00824 Протокол испытаний № 2859/ЛП от 08.04.2021 г.
40472,KZ.7500651.22.01.00825 Протокол испытаний № 2860/ЛП от 08.04.2021г.
40476,KZ.7500651.22.01.00834 Протокол испытаний № 2861/ЛП от 08.04.2021г.
40479,KZ.7500651.22.01.00827  Протокол испытаний № 2862/ЛП от 08.04.2021г.
40482,KZ.7500651.22.01.00828 Протокол испытаний № 2863/ЛП от 08.04.2021 г.
40484,KZ.7500651.24.01.01294  Протокол испытаний № 2864/ЛП от 08.04.2021 г.
40488,KZ.7500651.24.01.01295 Протокол испытаний № 2865/ЛП от 08.04.2021 г.
40491,"KZ.7500651.22.01.0829 Протокол испытаний № 2866/ЛП, 2867/ЛП от 08.04.2021г."
40497,KZ.7500651.24.01.01296 Протокол испытаний №2868 от 08.04.2021г
40500,KZ.7500651.22.01.00830 Протокол испытаний № 2869/ЛП от 08.04.2021г.
40505,KZ.0651.В.00072 Протокол испытаний № 4468/ЛП от 24.06.2021г.
40506,KZ.0651.В.00049 Протокол испытаний № 4467/ЛП от 24.06.2021г.
40508,KZ.0651.В.00047 Протокол испытаний № 4465/ЛП от 24.06.2021г.
40509,KZ.0651.В.00071 Протокол испытаний № 4470/ЛП от 24.06.2021г.
40510,KZ.7500651.24.01.01433 Протокол испытаний № 4471/ЛП от 24.06.2021г.
40514,KZ.7500651.13.12.03120 Протокол испытаний № 8047/ЛП от 28.12.2021г.
40515,KZ.7500651.01.01.01276  Протокол испытаний № 8048/ЛП-8049/ЛП от 28.12.2021г.
40517,KZ.7500651.01.01.01277 Протокол испытаний № 8050/ЛП от 28.12.2021г.
40524,KZ.7500651.13.12.19608 Протокол испытаний № 019/190424/4 от 19.04.2024г.
40525,KZ.7500651.01.01.06809  Протокол испытаний № 019/021023/4 от 02.10.2023г.
40527,"Не подлежит обязательной сертификации Письмо исх.№206 от ТОО ""Текс"""
40549,KZ.7500651.13.12.20950 Протокол испытаний № 019/010724/12 от 01.07.2024 г.
40550,KZ 7500651.13.12.20951
40551,KZ 7500651.13.12.21933
40580,"информационное письмо №2-3/390, выданное АО «Национальный центр экспертизы и сертификации» Актюбинский филиал"
40583,Декларация о соответствии ЕАЭС №ЕАЭС KZ 1510317.13.12.01489
40586,Сертификат соответствия ЕАЭС KZ 2710317.01.01.05761 Серия KZ №0276308
41805,KZ.7500995.05.01.01775
40590,Письмо НЦЭС Западно-Казахстанский филиал № 7/1195
40592,"Сертификат соответствия ЕАЭС KZ 2710317.01.01.05766
Серия KZ №0276297"
40593,"Сертификат соответствия
ЕАЭС
KZ7500651.01.01.10183
Серия KZ №0272518
Выдан ТОО «Текс»"
40597,"Декларация о
соответствии ЕАЭС
KZ7500651.13.12.23173"
40599,"Декларация о
соответствии ЕАЭС
KZ7500651.13.12.23174"
40600,"Декларация о
соответствии ЕАЭС
KZ7500651.13.12.23175"
40601,"Декларация о
соответствии ЕАЭС
KZ7500651.13.12.23178"
40604,"Декларация о
соответствии ЕАЭС
KZ7500651.13.12.23183"
40606,"Сертификат соответствия
ЕАЭС
KZ7500651.01.01.10184
Серия KZ №0272519
Выдан ТОО «Текс»"
40607,"Сертификат соответствия
ЕАЭС
KZ7500651.01.01.10185
Серия KZ №0272520
Выдан ТОО «Текс»"
40608,"Сертификат соответствия
ЕАЭС
KZ7500651.01.01.10186
Серия KZ №0272521
Выдан ТОО «Текс»"
40609,"Сертификат соответствия
ЕАЭС
KZ7500651.01.01.10187
Серия KZ №0272522
Выдан ТОО «Текс»"
40611,"Декларация о
соответствии ЕАЭС
KZ7500651.13.12.23182"
40613,"Сертификат соответствия
ЕАЭС
KZ7500651.01.01.10202
Серия KZ №0272523
Выдан ТОО «Текс»"
40615,"Декларация о
соответствии ЕАЭС
KZ7500651.13.12.23185"
40616,"Декларация о
соответствии ЕАЭС
KZ7500651.13.12.23189"
40619,"Сертификат соответствия
ЕАЭС
KZ7500651.01.01.10188
Серия KZ №0272524
Выдан ТОО «Текс»"
40622,"Сертификат соответствия
ЕАЭС
KZ7500651.01.01.10189
Серия KZ №0272525
Выдан ТОО «Текс»"
40623,"Декларация о
соответствии ЕАЭС
KZ7500651.13.12.23194"
40624,Отказное письмо с исх. №3354/2023 - ОПС
40634,ЕАЭС KZ 7100317.13.12.04248
40642,ЕАЭС  KZ7100317.13.12.04249
40644,ЕАЭС  KZ7100317.13.12.05166
40645,ЕАЭС  KZ7100317.13.12.05163
40675,Информационно Письмо (отказное ) исх. № 138
40677,№KZ 7500802.01.01.01203
40678,ДЕКЛАРАЦИИ О СООТВЕТСТВИИ № ЕАЭС KZ 7100841.13.12.06730
40679,"Отказное письмо
Исх. KZ/2523/24"
40680,KZ.7100317.01.01.01126
40683,KZ.7100317.01.01.01128
40685,KZ.6328317.01.01.00022
40701,ЕАЭС KZ 3110317.13.12.00313
40743,№ ЕАЭС KZ 7100841.13.12.04107
40744,№ ЕАЭС KZ 7100841.13.12.04105
40754,№ ЕАЭС KZ 7100841.13.12.04106
40758,№ ЕАЭС KZ 7100841.01.01.03284
40759,№ ЕАЭС KZ 7100841.01.01.03285
40761,№ ЕАЭС KZ 7100841.01.01.03283
40767,№ ЕАЭС KZ 7500651.13.12.23835
40787,№ ЕАЭС KZ 7500651.13.12.23836
40792,№ ЕАЭС KZ 7500986.01.01.02154 с
40834,№ ЕАЭС 3510317.01.01.01150
40835,№ ЕАЭС 3510317.01.01.01151
40836,№ ЕАЭС 3510317.01.01.01152
40837,№ ЕАЭС 3510317.01.01.01154
40838,№ ЕАЭС 3510317.01.01.01153
40861,Сертификат соответствия № KZ.7500361.01.01.01557
40871,Сертификат соответствия № KZ.7500361.01.01.01559
40874,Сертификат соответствия № KZ.7500361.01.01.01558
40914,KZ.1900193.24.01.70082
40915,KZ.1900193.24.01.30451
40916,ЕАЭС KZ.1900193.13.12.00862
40917,KZ. 1900193.24.01.30455
40918,ЕАЭС KZ 7100841.01.01.03761
40919,декларация о соответствии ЕАЭС KZ 7500533.13.12.04371
40920,информационное письмо № KZ3165/24
40924,декларация о соответствии ЕАЭС KZ 7500533.13.12.04339
40932,"Сертификат соответствия 
№ЕАЭС KZ.7500995.01.01.01881"
40933,Сертификат соответствия  №ЕАЭС  KZ.7500995.01.01.01882
40934,"Сертификат соответствия 
 № ЕАЭС KZ.7500995.01.01.01879"
40935,"Сертификат соответствия 
 № ЕАЭС KZ.7500995.01.01.01880"
40936,"Сертификат соответствия 
 № ЕАЭС KZ 7500995.01.01.02552"
40937,"Сертификат соответствия 
 № ЕАЭС KZ 7500995.01.01.02553"
40938,"Сертификат соответствия 
 № ЕАЭС KZ 7500995.01.01.02548"
40940,"Сертификат соответствия 
 № ЕАЭС  KZ 7500995.01.01.02550"
40941,"Сертификат соответствия 
 № ЕАЭС KZ 7500995.01.01.02549"
40942,Сертификат соответствия ЕАЭС №KZ.7500802.01.01.01202
40946,ЕАЭС KZ 3910317.01.01.00818
40947,ЕАЭС KZ 3910317.01.01.00819
40948,KZ.7500551.01.01.01196
40949,EAC KZ 7100841.13.12.08036
40951,KZ.3510317.01.01.02879
41182,KZ.3510317.01.01.00042
41183,KZ.3510317.01.01.02872
41185,KZ.3510317.01.01.02878
41189,№ KZ.7500669.01.01.02046
41191,№KZ.7500669.01.01.02324
41192,№ KZ.7500669.01.01.02505
41193,№ KZ.7500669.01.01.02504
41194,№ KZ.7500669.01.01.02506
41195,№ KZ.7500533.01.01.01764
41196,№ K7.7500669.01.01.02450
41198,KZ7100990.01.01.00135
41199,KZ7100990.01.01.00134
41201,ЕАЭС KZ7500986.01.01.10023
41202,ЕАЭС KZ7500986.01.01.10024
41207,№ KZ.7500802.01.01.00429
41208,№ KZ.7500802.01.01.00432
41209,№ KZ.7500802.01.01.00431
41225,Сертификат о соответствии №KZ.7100841.01.01.04791
41226,№ KZ.7500317.01.01.00156
41227,EAЭС KZ7500317.13.12.05074
41312,EAЭС KZ7500317.13.12.05075
41313,сертификат соответствия № ЕАЭС KZ 7100990.01.01.00109
41315,сертификат соответствия № ЕАЭС KZ 7100990.01.01.00092
41316,Сертификат соответствия № ЕАЭС KZ 7100990.01.01.00207
41317,Информационное письмо от ОПС ТОО «КазЦСЖТ» исх №493
41318,Информационное письмо от ОПС ТОО «КазЦСЖТ» исх № 506
41320,Информационное письмо от ОПС ТОО «КазЦСЖТ» исх № 507
41321,№ЕАЭС KZ 7500651.13.12.20771
41337,ЕАЭС KZ 3510317.01.01.01158
41339,ЕАЭС KZ.3510317.01.01.00453
41341,ЕАЭС KZ 3510317.01.01.01103
41342,РОСС RU.32001.04ИБФ1.ОСП28.46665
41353,РОСС RU.32001.04ИБФ1.ОСП28.46667
41357,KZ 3510317.01.01.03018
41358,ЕАЭС KZ 3510317.01.01.01105
41359,KZ 3510317.01.01.03456
41360,ЕАЭС KZ 3510317.01.01.00985
41361,ЕАЭС KZ 3510317.01.01.01011
41362,ЕАЭС KZ.3510317.01.01.00495
41363,РОСС RU.32001.04ИБФ1.ОСП28.46666
41366,ЕАЭС BY/112 02.01. ТР003 064.01 00279
41371,ЕАЭС BY/112 02.01. ТР003 064.01 00280
41380,ЕАЭС KZ 7100841.13.12.08077
41388,ЕАЭС KZ 7100841.13.12.08076
41392,ЕАЭС KZ 7500533.13.12.05575
41440,ЕАЭС KZ 7500430.13.12.00021
41441,ЕАЭС KZ 7500533.13.12.04666
41442,ЕАЭС KZ 7500533.13.12.04669
41443,KZ.7500361.01.01.05467
41455,KZ.7500545.01.01.02188
41472,Информационное письмо Исх.4709/2024- ОПС
41492,Сертификат соответствия № ЕАЭС KZ 7500986.01.01.07904
41501,KZ 7500986.13.12.13267
41510,№ ЕАЭС KZ 7500986.01.01.12929
41512,№ ЕАЭС KZ 7500986.01.01.12930
41513,№ ЕАЭС KZ 7500986.01.01.12931
41514,№ ЕАЭС KZ 7500986.01.01.12698
41515,№ ЕАЭС KZ 7500986.01.01.12699
41524,"Информационное письмо 917/11, выданное АО «Национальный центр экспертизы и сертификации», Алматинский филиал"
41552,Сертификат соответствия №KZ.3510317.01.01.02171
41553,Отказное письмо от органов подтверждения соответствия на натр едкий технический (чешуированный) №5-11/2060
41554,Сертификат соответствия №KZ.5510317.01.01.00854
41555,"Сертификат соответствия №KZ.5510317.01.01.00855;
Сертификат соответствия №KZ.5510317.01.01.00720"
41556,Отказное письмо от органов подтверждения соответствия на натрия гипохлорит технический №5-11/2059
41557,Сертификат соответствия №ЕАЭС KZ 7500986.01.01.12509
41558,Сертификат соответствия №ЕАЭС KZ 7500986.01.01.12510
41559,Сертификат соответствия №ЕАЭС KZ 7500986.01.01.12511
41560,Сертификат соответствия №ЕАЭС KZ 7500986.01.01.12512
41561,Сертификат соответствия №ЕАЭС KZ 7500986.01.01.12513
41562,Сертификат соответствия №ЕАЭС KZ 7500986.01.01.12514
41563,№KZ/2485/24
41564,№ 2-3/913
41628,ЕАЭС KZ 7100317.13.12.03551
41632,ЕАЭС KZ 7100317.13.12.03549
41637,ЕАЭС KZ 7100317.13.12.03550
41655,Декларация соответствия ЕАЭС № KZ. 7100317.13.12.05116
41662,"товар не подлежит обязательному подтверждению соответствия
(письмо ТОО «КАЗЭКСПОАУДИТ» №иО/20191025/4)"
41663,KZ.7500651.01.01.05915
41664,KZ.7500651.01.01.06199
41665,KZ.7500651.01.01.06200
41666,KZ.7500651.01.01.06201
41667,"товар не подлежит обязательному подтверждению соответствия
(письмо ТОО «ТЕКС» №377)"
41668,"товар не подлежит обязательному подтверждению соответствия
(письмо РГУ «ДК КТРМ МИИР РК» №26-08-12-2/ЗТ-Д-284)"
41670,KZ.7500651.01.01.06202
41671,KZ.7500651.01.01.06203
41672,KZ.7500651.01.01.06204
41673,KZ.7500651.01.01.06205
41676,KZ.7500651.01.01.06206
41687,KZ.7500651.01.01.06207
41696,KZ.7500651.01.01.06208
41721,"товар не подлежит обязательному подтверждению соответствия
(Информационное письмо №556 ТОО «ТЕКС»)"
41729,Исх. KZ/3987/24
41733,KZ.7500851.01.01.00579
41739,KZ.7500851.01.01.00580
41740,сертификат соответствия № KZ.7500669.01.01.02293
41742,сертификат соответствия № KZ.7500669.01.01.02292
41754,декларация о соответствии ЕАЭС №ЕАЭС KZ 7500533.13.12.00755
41768,№KZ.7500802.01.01.00448
41769,KZ.7500851.01.01.00586
41770,№KZ.7500802.01.01.00447
41771,№KZ.7500802.01.01.00445
41773,№KZ.7500802.01.01.00446
41774,№KZ.7500802.01.01.00449
41775,№ KZ.7500802.01.01.00456
41776,№ KZ.7500802.01.01.00455
41802,KZ.7500995.05.01.01773
41803,KZ.7500995.05.01.01774
41804,не подлежит сертификации п.4 ТР ТС 017
41810,ЕАЭС KZ 7500851.13.12.07751
41813,ЕАЭС KZ 7500851.13.12.07752
41815,ЕАЭС KZ 7500851.13.12.08647
41818,ЕАЭС KZ.1510317.13.12.00731
41819,ЕАЭСKZ 1510317.01.01.00036
41820,ЕАЭСKZ.1510317.13.12.00733
41821,"не сертифицируются 
письмо НАЦЭКСа  2-3/1008"
41824,ЕАЭС KZ 1510317.13.12.00732
41826,ЕАЭС KZ.1510317.13.12.00734
41827,ЕАЭСKZ 1510317.01.01.00034
41828,ЕАЭСKZ 1510317.01.01.00033
41829,ЕАЭСKZ 1510317.01.01.00032
41830,ЕАЭСKZ 1510317.01.01.00035
41831,Письмо астанинского филиала АО «Национальный центр экспертизы и сертификации» № 05-01/01-1511 от 03.10.2024г. данный вид товара не подлежит сертификации
41832,письмо астанинского филиала АО «Национальный центр экспертизы и сертификации» № 05-01/01-1511 от 03.10.2024г. данный вид товара не подлежит сертификации
41836,Декларация о соответствии № ЕАЭС KZ 7500651.13.12.22156
41838,Декларация о соответствии № ЕАЭС KZ 7500651.13.12.22157
41840,Сертификат соответствия № ЕАЭС KZ 7500651.01.01.09886
41841,KZ.3510317.01.01.03559
41850,KZ.7500361.01.01.07694
41851,ЕАЭС KZ 7500986.01.01.11036
41860,Cертификат соответствия №ЕАЭС RU C-KZ.ПБ68.B. 01950/24 Серия RU №0504340
41862,Cертификат соответствия №ЕАЭС RU C-KZ.ПБ68.B.01 972/24 Серия RU № 0504362
41863,Cертификат соответствия №ЕАЭС RU C-KZ.ПБ68.B. 01953/24 Серия RU №0504343
41888,Cертификат соответствия №ЕАЭС RU C-KZ.ПБ68.B. 01955/24 Серия RU №0504345
41889,Cертификат соответствия №ЕАЭС RU C-KZ.ПБ68.B. 01989/24 Серия RU №0504379
41894,Cертификат соответствия №ЕАЭС ЕАЭС KZ 7500361. 01.01.05362 Серия KZ №0228287
41896,Cертификат соответствия №ЕАЭС ЕАЭС KZ 7500361. 01.01.05360 Серия KZ №0228285
41899,Cертификат соответствия №ЕАЭС ЕАЭС KZ 7500361. 01.01.05363 Серия KZ №0228288
41900,№ЕАЭС KZ 7100841.13.12.07331
41910,№KZ.7500317.01.01.00866
41914,№KZ.7500317.01.01.00865
41924,№ KZ.7500317.01.01.00865
41931,ЕАЭС КZ7500986.01.01.12939
41935,Отказное письмо №823/03 от 02.07.2024г.
41936,№ ЕАЭС KZ 7100841.13.12.05667
41939,№ ЕАЭС KZ 7500651.13.12.23922
41954,№ ЕАЭС KZ 7500651.13.12.23894
41955,№ ЕАЭС KZ 7500651.01.01.10516
41956,№ ЕАЭС KZ 7500651.01.01.10502
41957,№ ЕАЭС KZ 7500651.01.01.10503
41970,"Декларация о соответствии, 
рег. номер ЕАЭС KZ 7500533.13.12.05755"
41971,№ ЕАЭС KZ 7500651.13.12.23043
41974,№ ЕАЭС KZ 7500651.13.12.23044
42006,№ ЕАЭС KZ 7500651.13.12.24375
42011,"Декларация соответствии 
№ KZ.7500533.13.12.00112"
42012,"Сертификат соответствия 
№ KZ.7100841.01.01.05058"
42014,№ЕАЭС KZ 3510317.01.01.01125
42025,Декларация о соответствии ЕАЭС KZ 7500361.13.12.20232
42029,Декларация о соответствии ЕАЭС KZ 7500361.13.12.20233
42037,Декларация о соответствии ЕАЭС KZ 7500361.13.12.20234
42039,Сертификат соответствия №ЕАЭС KZ 7500361.01.01.08227 Серия KZ №0260641
42041,Сертификат соответствия №ЕАЭС KZ 7500361.01.01.08228 Серия KZ №0260642
42042,EAЭС KZ7500533.13.12.05657
42043,EAЭС KZ7500533.13.12.05706
42044,EAЭС KZ7500533.13.12.05660
42045,EAЭС KZ7500533.13.12.05698
42046,EAЭС KZ7500533.13.12.05682
42047,EAЭС KZ7500533.13.12.05672
42048,EAЭС KZ7500533.13.12.05720
42049,"письмо от ТОО ""KAZAUTOCERT"" KZ/4449/24 от 13.11.2024 года (данный товар не подлежит декларированию/сертификации)"
42050,"письмо от ТОО ""KAZAUTOCERT"" №KZ/4448/24 от 13.11.2024 года (данный товар не подлежит декларированию/сертификации)"
42051,"письмо от ТОО ""KAZAUTOCERT"" №KZ/4450/24 от 13.11.2024 года (данный товар не подлежит декларированию/сертификации)"
42052,Декларация о соответствии № ЕАЭС KZ 7500533.13.12.01708
42053,Сертификат о соответствии № KZ.7100841.01.01.04692
42121,№ЕАЭС KZ 7500651.13.12.23205
42127,№ЕАЭС KZ 7500651.01.01.10208
42128,№ЕАЭС KZ 7500651.13.12.23206
42145,№ЕАЭС KZ 7500651.13.12.23204
42185,№ЕАЭС KZ 7500651.01.01.10207
42188,№KZ.7700.02.01.01071195
42189,№ЕАЭС KZ 7100841.13.12.02914
42192,№ЕАЭС KZ 7100841.13.12.03980
42210,№ЕАЭС KZ3510317/13/12/01643
42212,№ЕАЭС KZ3510317.01.01.00508
42213,№ЕАЭС KZ3510317.01.01.00509
42217,№ЕАЭС KZ3510317.13.12.01644
42223,Письмо №21 от 28.03.2022
42224,№ЕАЭС KZ3510317.01.01.00510
42230,№ЕАЭС KZ3510317.01.01.01627
42231,№ЕАЭС KZ3510317.01.01.01628
42234,№ЕАЭС KZ3510317.01.01.01630
42236,№ЕАЭС KZ3510317.01.01.01629
42243,№ЕАЭС KZ3510317.13.12.01642
42244,№136 от 23.12.2022
42248,№ЕАЭС KZ3510317.13.12.01643
42249,№8 от 05.02.2024
42450,KZ 7100934.13.12.00957
42451,KZ 7100934.13.12.00959
42452,KZ 3510396.01.01.00220
42453,KZ 7500995.01.01.02614
42454,KZ 3510396.01.01.00219
42455,KZ 3510396.01.01.00218
42456,KZ 3510396.01.01.00217
42457,KZ 7100934.13.12.00958
42458,KZ 3510396.01.01.00211
42459,KZ 3510396.01.01.00214
42460,KZ 3510396.01.01.00213
42461,KZ 3510396.01.01.00212
42462,KZ 3510396.01.01.00215
42463,KZ 3510396.01.01.00216
42464,KZ 3510396.01.01.00210
42465,"Не подлежит сертификации 
Письмо №40 от 30.04.2024г.
ТОО «Казахстан Сертификация»"
42468,ЕАЭС KZ 7500361.01.01.07348
42481,ЕАЭС KZ 7500361.01.01.07425
42525,KZ7500651.01.01.01332
42526,KZ7500651.01.01.01329
42527,KZ7500651.01.01.01328
42528,KZ7500651.01.01.01330
42529,KZ7500651.01.01.01331
42530,KZ7500651.13.12.10099
42546,KZ7500651.01.01.04432
42561,KZ.7500651.01.01.02234
42563,KZ.7500651.01.01.02233
42567,"Декларация о соответствии 
№ ЕАЭС KZ 7500995.13.12.06610"
42568,"Декларация о соответствии 
№ ЕАЭС KZ 7500995.13.12.06609"
42569,"Сертификат соответствия 
№ ЕАЭС KZ 7500995.01.01.02133"
42570,"Сертификат соответствия 
№ ЕАЭС KZ 7500995.01.01.02134"
42571,Сертификат соответствия № ЕАЭС KZ 7500995.01.01.01995
42572,Сертификат соответствия № ЕАЭС KZ 7500995.01.01.01996
42573,Сертификат соответствия № ЕАЭС KZ 7500995.01.01.02178
42574,Сертификат соответствия № ЕАЭС KZ 7500995.01.01.02179
42575,Сертификат соответствия № ЕАЭС KZ 7500995.01.01.02176
42576,Сертификат соответствия № ЕАЭС KZ 7500995.01.01.02177
42577,Сертификат соответствия № ЕАЭС KZ 7500995.01.01.02174
42579,Сертификат соответствия № ЕАЭС KZ 7500995.01.01.02175
42581,Декларация о соответствии № ЕАЭС KZ 7500995.13.12.06721
42582,Декларация о соответствии № ЕАЭС KZ 7500986.13.12.07883
42583,Декларация о соответствии № ЕАЭС KZ 7500995.13.12.06720
42584,Сертификат соответствия № ЕАЭС KZ 7500986.01.01.07182
42585,Декларация о соответствии № ЕАЭС KZ 7500986.13.12.07877
42586,Декларация о соответствии № ЕАЭС KZ 7500986.13.12.07887
42587,Декларация о соответствии № ЕАЭС KZ 7500986.13.12.07880
42589,Декларация о соответствии № ЕАЭС KZ 7500986.13.12.07881
42591,Декларация о соответствии № ЕАЭС KZ 7500986.13.12.07882
42592,Декларация о соответствии № ЕАЭС KZ 7500986.13.12.07886
42593,Декларация о соответствии № ЕАЭС KZ 7500986.13.12.07884
42594,Декларация о соответствии № ЕАЭС KZ 7500986.13.12.07885
42595,Отказное письмо                                   № 2116/2023-ОПС от 03.08.2023г.
42596,Декларация о соответствии № ЕАЭС KZ 7500986.13.12.07878
42597,Декларация о соответствии № ЕАЭС KZ 7500986.13.12.07879
42598,Декларация о соответствии № ЕАЭС KZ 7500986.13.12.07889
42599,Декларация о соответствии № ЕАЭС KZ 7500986.13.12.07888
42600,Декларация о соответствии № ЕАЭС KZ 7500986.13.12.07890
42601,Декларация о соответствии № ЕАЭС KZ 7500995.13.12.06719
42603,Сертификат соответствия № ЕАЭС KZ 7500986.01.01.07183
42604,№ЕАЭС KZ 3510317.01.01.01149
42605,№ЕАЭС KZ 3510317.01.01.01148
42606,№ЕАЭС KZ 3510317.01.01.01147
42607,№ЕАЭС KZ 3510317.01.01.01146
42608,№ЕАЭС KZ 3510317.13.12.03839
42609,№ЕАЭС KZ 3510317.13.12.03838
42610,№KZ.3510317.01.01.03824
42611,№KZ.3510317.01.01.03823
42612,№ЕАЭС KZ 7100841.01.01.05119
42613,№ЕАЭС KZ 7100841.01.01.05120
42614,№ЕАЭС KZ 7100841.01.01.05121
42615,№ЕАЭС KZ 7100841.01.01.05122
42616,№ЕАЭС KZ 3510317.01.01.01145
42617,№ЕАЭС KZ 7100841.13.12.07780
42618,№ЕАЭС KZ 7100841.13.12.07782
42619,№ЕАЭС KZ 7100841.13.12.07781
42620,№ЕАЭС KZ 7100841.13.12.07783
42624,"Сертификат соответствия 
KZ1510317.01.00070"
42625,"Декларация о соответствии  
KZ1510317.13.12.01523"
42626,"Декларация о соответствии   
KZ1510317.13.12.01545"
42627,"Декларация о соответствии   
KZ1510317.13.12.01525"
42628,Декларация о соответствии   KZ1510317.13.12.01525
42629,Сертификат соответствия  KZ1510317.01.01.00071
42630,Декларация о соответствии  KZ1510317.13.12.01524
42631,"Письмо  от АО ""Национальный центр экспертизы и сертификации"" Актюбинский филиал №2-3/1134 от 03.12.2024"
42632,Сертификат соответствия KZ1510317.01.01.00072
42633,Письмо Карагандинского филиала АО «НацЭКС» № 22-2/774 от 05.08.2022г
42634,Письмо Карагандинского филиала АО «НацЭКС» № 22-2/774 от 05.08.2022г.
42635,Письмо Карагандинского филиала АО «НацЭКС» № 22-2/775 от 05.08.2022г.
42640,Письмо Карагандинского филиала АО «НацЭКС» № 22-2/220 от 21.02.2023г.
42641,Письмо Карагандинского филиала АО «НацЭКС» № 22-2/772 от 05.08.2022г.
42660,Письмо Карагандинского филиала АО «НацЭКС» № 22-2/775 от 05.08.2022г
42670,Письмо Карагандинского филиала АО «НацЭКС» № 22-2/773 от 05.08.2022г.
42691,Сертификат соответствия №ЕАЭС KZ7500937.01.01.00765 Серия KZ №0134121
42736,Письмо Карагандинского филиала АО «НацЭКС» № 22-2/1185 от 20.06.2024г.
42737,Информационное письмо №11/24-2372 от 12.11.2024
42743,Сертификат соответствия № KZ.7500669.01.01.02496
42744,Сертификат соответствия №KZ.7500669.01.01.02493
42745,Сертификат соответствия №KZ.7500669.01.01.02497
42748,Декларация о соответствии ЕАЭС KZ 3910317.13.12.01811
42750,Сертификат соответствия №KZ.7500669.01.01.02495
42752,Сертификат соответствия №KZ.7500669.01.01.02492
42756,Сертификат соответствия KZ.7500669.01.01.02491
42771,№ЕАЭС KZ 2710313.01.01.02135
42775,№ЕАЭС KZ 2710313.01.01.02134.
42789,Информационное письмо №KZ/3606/23 от 15.11.2023г
43087,№ ЕАЭС KZ 7500986.01.01.0285
43089,№ ЕАЭС KZ 7500651.13.12.23617
43128,№ ЕАЭС KZ 7500651.13.12.23615
43136,№ ЕАЭС KZ 7500651.01.01.10318
43139,№ ЕАЭС KZ 7500651.01.01.10319
43142,№ ЕАЭС KZ 7500651.01.01.10317
43152,№ ЕАЭС KZ 7500651.01.01.10320
43155,Декларация о соответствии № TC KZ 7100841.13.12.00690
43179,№ ЕАЭС KZ 7500651.13.12.24028
43197,№ ЕАЭС KZ 7500651.13.12.24024
43199,№ ЕАЭС KZ 7500651.13.12.24027
43225,№ ЕАЭС KZ 7500651.13.12.24026
43241,№ ЕАЭС KZ 7500651.13.12.23854
43247,№ ЕАЭС KZ 7500651.01.01.10478
43251,№ ЕАЭС KZ 7500651.01.01.10477
43267,№ ЕАЭС KZ 7500651.01.01.10476
43270,№ ЕАЭС KZ 7500651.01.01.10475
43271,Информационное письмо № 464 от 31.10.2024 г.
43280,ЕАЭС KZ 1900193.13.12.02583
43282,ЕАЭС KZ 1900193.13.12.02582
43283,ЕАЭС KZ 7500533.13.12.00196
43284,ЕАЭС KZ 1900193.13.12.03068
43285,ЕАЭС KZ 7500430.13.12.00571
43286,ЕАЭС KZ 7500533.13.12.02840
43287,ЕАЭС KZ 7500430.13.12.00570
43288,ЕАЭС KZ 7500430.13.12.00569
43295,KZ.1100317.01.01.01497
43377,ЕАЭС KZ 1100317.01.01.00954
43380,ЕАЭС KG417/036.Д.0002620
43383,ЕАЭС KG417/036.Д.0002621
43384,ЕАЭС KG417/036.Д.0002622
43387,ЕАЭС KG417/024.Д.0000347
43388,ЕАЭС N KZ Д-KZ.0317.B.00027
43389,ЕАЭС KG417/029.Д.0020438
43391,KZ.1100317.01.01.01174
43392,KZ.1100317.01.01.01093
43393,ЕАЭС KG417/024.Д.0003726
43398,ЕАЭС KG417/024.Д.0018299
43400,ЕАЭС KG417/024.Д.0017582
43402,ЕАЭС KG417/036.Д.0001868
43403,ЕАЭС KZ 1100317.13.12.02799
43404,ЕАЭС KZ 1100317.13.12.02800
43430,Отказное письмо № 01176 от 22.04.2024г.
43437,№ ЕАЭС KZ 7100841.01.01.04610
43438,№ ЕАЭС KZ 7100841.01.01.04611
43439,№ ЕАЭС KZ 7100841.01.01.04850
43440,№ ЕАЭС KZ 7100841.01.01.04851
43442,№ ЕАЭС KZ 7500401.13.12.04340
43457,ЕАЭС KZ 5900317.13.12.00082
43458,ЕАЭС KZ 5900317.01.01.00013
43461,ЕАЭС KZ 5900317.13.12.00079
43462,ЕАЭС KZ 5900317.01.01.00012
43463,ЕАЭС KZ 5900317.13.12.00083
43466,ЕАЭС KZ 5900317.01.01.00010
43467,ЕАЭС KZ 5900317.13.12.00080
43481,ЕАЭС KZ 5900317.01.01.00011
43484,ЕАЭС KZ 5900317.13.12.00081
43486,Отказное письмо Исх. №12 от 24.10.2023
43498,Отказное письмо Исх. №21 от 06.03.2024
43499,Отказное письмо Исх. №40 от 28.05.2024 г.
43504,Отказное письмо Исх. №60 от 18.10.2024 г.
43510,ЕАЭС KZ 7100841/13/12/03814
43516,ЕАЭС KZ 7100841.01.01.03001
43520,ЕАЭС KZ 7100841.01.01.03005
43551,KZ.7500851.01.01.00598
43552,KZ.7500851.01.01.00599
43553,KZ.7500851.01.01.00600
43554,KZ.7500851.01.01.00601
43555,KZ.7500851.01.01.00602
43556,KZ.7500851.01.01.00603
43557,KZ.7500851.01.01.00604
43558,KZ7500651.01.01.00332
43566,KZ.7500851.01.01.00605
43567,KZ.7500851.01.01.00606
43568,KZ.7500802.01.01.00377
43569,KZ.7500802.01.01.00373
43570,KZ.7500802.01.01.00374
43571,KZ.7500802.01.01.00375
43572,KZ.7500802.01.01.00376
43573,письмо ТОО «Cosmomed» № 116
43574,KZ.7500802.01.01.00378
43576,KZ7500651.22.01.00843
43578,KZ7500651.22.01.00844
43579,KZ7500651.22.01.00845
43580,KZ7500651.22.01.00285
43581,KZ7500651.22.01.00852
43582,KZ7500651.22.01.00286
43583,KZ.7500802.01.01.01106
43584,KZ.7500802.13.12.02309
43585,KZ.7500802.13.12.02310
43586,Письмо ТОО «Cosmomed» № 119
43590,KZ.7500995.01.01.01711
43591,Письмо №478 «15»ноября 2024г
43594,"Декларация
ЕАЭС KZ № 7500651.13.12.24299"
43598,Сертификат № ЕАЭС KZ 7500651.01.01.10652
43600,Сертификат № ЕАЭС KZ 7500651.01.01.10651
43603,Дкларация № ЕАЭС KZ 7500651.13.12.24297
43605,"Декларация №
ЕАЭС KZ 7500651.13.12.24298"
43606,Сертификат № ЕАЭС KZ 7500651.01.01.10650
43607,Письмо исх. №571 «24»10 2024г
43609,Декларация о соответствии ЕАЭС KZ 7500361.13.12.15237
43613,Декларация о соответствии ЕАЭС KZ 7500361.13.12.15235
43615,Декларация о соответствии ЕАЭС KZ 7500361.13.12.15236
43617,Сертификат соответствия ЕАЭС KZ 7500361.01.01.04705
43619,Сертификат соответствия ЕАЭС KZ 7500361.01.01.04706
43628,KZ.7700.01.01.01004217
43629,KZ.7700.01.01.01025795
43630,KZ.7700.01.01.00964488
43631,KZ.7700.02.01.01190129
43632,KZ.7700.02.01.01129482
43633,KZ.7700.01.01.01000907
43634,№KZ.7700.01.01.00577236
43635,KZ.7700.02.01.01193740
43636,KZ.7700.02.01.01154846
43637,KZ.7700.01.01.00995517
43638,KZ.3510317.01.01.03438
43639,№ЕАЭС KZ 1900193.13.12.01092
43640,"№ТС KZ.1510019.22.01.00219
серия KZ №0213714"
43641,"№ЕАЭС KZ.1900193.01.01.01656
серия KZ №0227411"
43642,№ KZ.1900193.24.01.20022
43643,"№ТС KZ.1510019.22.01.00226
серия KZ №0213729"
43644,"№ТС KZ.1510019.22.01.00247
серия KZ №0086271"
43645,№ KZ.1900193.24.01.20023
43646,"№ТС KZ.1510019.22.01.00235
серия KZ №0213751"
43647,"№ТС KZ.1510019.22.01.00264
серия KZ №0090269"
43648,№ТС KZ.1510019.24.01.00186
43649,№ KZ.1900193.24.01.70015
43650,"№ТС KZ.1510019.22.01.00252
серия KZ №0051071"
43653,"№ТС KZ.1510019.22.01.00272
серия KZ №0090316"
43654,№ KZ.1900193.24.01.50008
43655,"№ТС KZ.1510019.22.01.00245
серия KZ №0064586"
43656,ЕАЭС № KZ.1900193.24.01.70030
43657,ЕАЭС № KZ.1900193.24.01.70031
43658,ЕАЭС № KZ.1900193.24.01.70033
43659,№ЕАЭС KZ.1510019.22.01.00314 серия KZ №0118931
43661,ЕАЭС № KZ.1900193.24.01.20029
43662,ЕАЭС№KZ.1900193.24.01.20060
43663,ЕАЭС№ЕАЭС KZ 7500525.13.12.00027
43664,ЕАЭС№ЕАЭС KZ.1900193.13.12.00674
43665,ЕАЭС№ЕАЭС KZ.1900193.13.12.00808
43666,ЕАЭС№ЕАЭС KZ.1900193.13.12.00810
43667,ЕАЭС№ЕАЭС KZ.1900193.13.12.00813
43668,ЕАЭС№ЕАЭС KZ.1900193.13.12.00838
43669,ЕАЭС№ЕАЭС KZ 7500533.13.12.00098
43670,ЕАЭС№ЕАЭС KZ 7500533.13.12.00137
43671,ЕАЭС№ЕАЭС KZ 7500533.13.12.00264
43672,ЕАЭС№ЕАЭС KZ 7500533.13.12.00312
43673,ЕАЭС№ЕАЭС KZ 7500533.13.12.00337
43674,ЕАЭС№ЕАЭС KZ 1900193.13.12.02494
43675,ЕАЭС№ЕАЭС KZ 1900193.13.12.02607
43684,ЕАЭС№ЕАЭС KZ 1900193.13.12.02931
43685,ЕАЭС№ЕАЭС KZ 1900193.13.12.03093
43686,ЕАЭС№ЕАЭС KZ 1900193.13.12.03927
43687,ЕАЭС№ЕАЭС KZ 1900193.13.12.03967
43688,ЕАЭС№ЕАЭС KZ 1900193.13.12.04387
43689,ЕАЭС№ЕАЭС KZ 7500430.13.12.01069
43690,ЕАЭС№ЕАЭС KZ 7500430.13.12.01093
43691,ЕАЭС№ЕАЭС KZ 7500430.13.12.01424
43692,№ ЕАЭС KZ 3110317.13.12.00468
43711,№KZ.7100841.01.01.00858
43721,№ЕАЭС KZ.1510580.22.01.00004
43751,№ЕАЭС KZ.1510580.22.01.00003
43833,№KZ.7100841.01.01.00859
43868,"Сертификат соответствия, № ЕАЭС KZ 7500430.01.01.00095"
43877,"Сертификат соответствия, № ЕАЭС KZ 7500430.01.01.00092"
43967,"Сертификат соответствия, № ЕАЭС KZ 7500430.01.01.00092,
ЕАЭС KZ 7500430.01.01.00095"
44021,Декларация о соответствии №KZ 5110317.13.12.01523
44027,Декларация о соответствии № KZ 5110317.01.01.00092
44031,Декларация о соответствии № KZ 5110317.13.12.01524
44070,Декларация о соответствии №KZ 5110317.01.01.00093
44071,Разъяснительное письмо  ИСХ №06 от 10.10.2024 г.
44074,KZ.7500317.22.01.00744
44075,KZ.7500317.22.01.00743
44076,KZ.7500317.24.01.23391
44077,KZ.7500317.24.01.23390
44078,ЕАЭС KZ.7500986.13.12.00736
44079,Сертификат соответствия № ЕАЭС RU C-KZ.АЕ58.В.01318/23
44104,ЕАЭС KG417/01.06.Д.0038549
44106,ЕАЭС KG417/031.Д.0025404
44107,ЕАЭС KZ 1100317.13.12.04865
44108,EAЭC KZ 1100317.13.12.04866
44109,EAЭС KZ 1100317.13.12.04864
44110,EAЭС KZ 1100317.13.12.04867
44111,EAЭC KZ 7100841.13.12.05929
44112,EAЭC KZ 7100841.13.12.05927
44113,EAЭC KZ 7100841.13.12.05928
44114,020824-02 от 02.08.2024
44118,ЕАЭС KZ 7100841.01.01.04162 Серия KZ №0245517
44123,№ЕАЭС KZ.7500361.01.01.05406
44126,Сертификат соответствия №KZ.7500551.01.01.01599
44777,ЕАЭС KZ 7500651.01.01.10139
44363,Сертификат соответствия №KZ.7500551. 01.01.01600
44381,ЕАЭС  KZ2710317.13.12.02681
44391,ЕАЭС  KZ2710317.13.12.02682
44395,ЕАЭС  KZ2710317.13.12.02683
44397,ЕАЭС  KZ2710317.13.12.02684
44403,"Информационное письмо
14.03.2021ж №7/375"
44440,"Декларация ЕАЭС KZ
7500651.13.12.22501"
44442,"Декларация
ЕАЭС KZ 7500651.13.12.22502"
44443,"Информационное письмо 
№412    «23» сентября 2024г."
44444,"Декларация
ЕАЭС KZ 7500651.13.12.22503"
44445,"Декларация
ЕАЭС KZ 7500651.13.12.22500"
44446,"Декларация
ЕАЭС KZ 7500651.13.12.22499"
44450,"Декларация	
ЕАЭС KZ 7500651.13.12.23039"
44451,"Декларация	
ЕАЭС KZ 7500651.13.12.23034"
44452,"Декларация
ЕАЭС KZ 7500651.13.12.23035"
44453,№KZ.7700.02.01.01092167
44455,№KZ.7700.02.01.01176409
44456,№KZ.7700.02.01.01172680
44458,№KZ.7700.02.01.01179915
44459,№KZ.7700.02.01.00844829
44460,№KZ.7700.02.01.01092500
44461,№KZ.7700.02.01.01097480
44465,№KZ.7700.02.01.01176213
44466,№KZ.7700.02.01.01047762
44467,№KZ.7700.02.01.01056549
44468,№KZ.7700.02.01.01084321
44469,№KZ.7700.02.01.01126085
44470,№KZ.7700.02.01.01169223
44473,№KZ.7700.02.01.01169064
44474,Не требуется. Письмо НАЦЭЛС № исх: 17-14-2766/ОЗ-И от: 12.02.2021 г.
44478,№KZ.7500361.21.01.38406
44479,№KZ.7500361.23.01.38739
44480,№KZ.7500361.23.01.41499
44481,№KZ.7500361.21.01.38407
44482,KZ.7500361.24.01.05622
44485,KZ.7500361.24.01.05623
44488,KZ.7500361.24.01.05624
44494,KZ.7500361.22.01.04141
44500,KZ.7500361.24.01.05625
44504,не сертифицируется согласно письма иО/20210416/1
44505,KZ 7500361.13.12.00594
44506,KZ 7500361.13.12.00595
44507,KZ 7500361.13.12.00596
44508,KZ 7500361.13.12.00597
44509,KZ 7500361.13.12.00598
44510,KZ 7500361.13.12.00593
44511,KZ 7500361.13.12.00599
44512,KZ 7500361.24.01.05510
44513,ЕАЭС KZ 7500802.13.12.01211
44514,ЕАЭС KZ 7500802.13.12.01212
44515,№ KZ.7500361.01.02640
44516,KZ 7500361.13.12.12604
44517,KZ 7500361.13.12.12598
44518,KZ 7500361.13.12.12601
44519,Не сертифицируется согласно письма исх.№иО/20220822/1 от 22.08.2022
44520,KZ 7500361.13.12.12597
44521,KZ 7500361.01.01.02637
44522,KZ 7500361.13.12.12605
44523,KZ 7500361.13.12.21565
44524,KZ 7500361.13.12.21624
44525,KZ 7500361.13.12.20653
44526,KZ 7500361.13.12.20654
44527,KZ 7500361.13.12.20656
44528,KZ 7500361.01.01.08563
44530,KZ 7500361.13.12.20655
44531,KZ 7500361.01.01.08561
44532,KZ 7500361.01.01.08562
44536,ЕАЭС KZ 7500986.01.01.05209
44592,Отказное письмо от 06.03.2024 №335/03 АФ АО Нацэкс
44623,Письмо №ЗТ-2024-06084638 от 03.12.2024г. РГУ ДКТРМ МТИ РК по области Жетісу
44630,"Декларация о соответствии, № ЕАЭС KZ 7500317.13.12.07154"
44632,"Декларация о соответствии, № ЕАЭС KZ 7500317.13.12.07156"
44640,"Декларация о соответствии, № ЕАЭС KZ 7500317.13.12.07155"
44642,"Декларация о соответствии, № ЕАЭС KZ 7500317.13.12.07157"
44653,Декларация о соответствии № ЕАЭС KZ 3110317.13.12.00430
44676,KZ.7500851.01.01.00612
44677,KZ.7500851.01.01.00464
44678,KZ.7500851.01.01.00629
44679,KZ.7500851.01.01.00628
44681,Письмо ТОО «ТДА СЕРВИС» № 5180/2024 от 7.10.2024 г.
44697,"Исходящее письмо №499 от 28.11.2024г., выданное ТОО ""Текс"""
44713,Декларация о соответствии №ЕАЭС KZ 7500651.13.12.24549
44719,ЕАЭС KZ 7500651.13.12.23129
44720,ЕАЭС KZ 7500651.13.12.23307
44723,ЕАЭС KZ 7500651.13.12.23130
44724,ЕАЭС KZ 7500651.13.12.23131
44726,ЕАЭС KZ 7500651.01.01.10168
44728,ЕАЭС KZ 7500651.13.12.23132
44729,ЕАЭС KZ 7500651.13.12.23133
44730,Письмо исх. №450 от 24.10.2024 г.
44735,ЕАЭС KZ 7500651.13.12.23134
44736,ЕАЭС KZ 7500651.01.01.10169
44741,ЕАЭС KZ 7500651.13.12.23135
44742,ЕАЭС KZ 7500651.13.12.23136
44743,ЕАЭС KZ 7500651.01.01.10134
44745,ЕАЭС KZ 7500651.13.12.23103
44746,ЕАЭС KZ 7500651.01.01.10135
44748,ЕАЭС KZ 7500651.01.01.10136
44750,ЕАЭС KZ 7500651.01.01.10137
44751,ЕАЭС KZ 7500651.13.12.23097 от 25.09.2024 г.до 25.09.2027г.
44752,ЕАЭС KZ 7500651.01.01.10138 от 25.09.2024 г.до 25.09.2027г.
44753,ЕАЭС KZ 7500651.01.01.10170
44755,ЕАЭС KZ 7500651.13.12.23155
44756,ЕАЭС KZ 7500651.01.01.10171
44760,ЕАЭС KZ 7500651.13.12.23160
44764,ЕАЭС KZ 7500651.01.01.10174
44775,ЕАЭС KZ 7500651.13.12.23090
44776,ЕАЭС KZ 7500651.13.12.23112
44789,ЕАЭС KZ 7500651.13.12.24300
44790,не сертифицируется
44791,ЕАЭС N RU Д-KZ.HA81.B.11725/20
44795,Информационное письмо ТОО «Kazautocert» № KZ/4070/24 от 22.10.2024
44801,ЕАЭС KZ2710317.13.12.02508
44805,ЕАЭС KZ2710317.01.01.01785
44811,ЕАЭС KZ2710317.01.01.01786
44819,№ЕАЭС KZ 7500361.01.01.02002
44849,№ЕАЭС KZ 7500401.01. 01.01426
44873,№ЕАЭС KZ 7500401.01. 01.01427
45110,№ЕАЭС KZ 7500401.01. 01.01428
45117,№ЕАЭС KZ 7500401.01. 01.01429
45135,№ЕАЭС KZ 7500401.01. 01.01430
45141,Декларация о соответствии № ЕАЭС KZ 7500361.13.12.16817
45146,№ ЕАЭС KZ 7500361.01.01.00554
45158,№ЕАЭС KZ 7500401.01. 01.01431
45164,№ЕАЭС KZ 7500401.01. 01.02031
45192,№ЕАЭС KZ 7500361.01.01.08540
45206,Декларация о соответствии №ЕАЭС KZ 7500651.13.12.23401
45207,Декларация о соответствии № ЕАЭС KZ 7500651.13.12.23402
45208,Декларация о соответствии № ЕАЭС KZ 7500651.13.12.23403
45209,Декларация о соответствии № ЕАЭС KZ 7500651.13.12.23404
45210,Декларация о соответствии № ЕАЭС KZ 7500651.13.12.23406
45211,Декларация о соответствии № ЕАЭС KZ 7500651.13.12.23408
45212,Декларация о соответствии № ЕАЭС KZ 7500651.13.12.23409
45213,Декларация о соответствии № ЕАЭС KZ 7500651.13.12.23410
45215,ЕАЭС № ЕАЭС KZ 7500533.13.12.01707
45216,ЕАЭС № ЕАЭС KZ 7100841.13.12.04045
45218,ЕАЭС № ЕАЭС KZ 7100841.13.12.04043
45221,Письмо ТОО «KAZAUTOCERT» № KZ/1173/24 от 15.04.2024 года
45227,Декларация о соответствия № KZ3510317.13.12.03717
45229,Декларация о соответствии № KZ3510317.13.12.03718
45233,Сертификат соответсвия № KZ3510371.01.01.01128
45235,Декларация о соответствии № KZ 3510371.13.12.03719
45236,Сертификат соответсвия № KZ 3510317.01.01.01129
45238,Сертификат соответсвия № KZ 3510317..01.01.01.131
45239,Сертификат соответсвия № KZ 3510317.01.01.01132
45240,Декларация о соответствии ЕАЭС KZ 7100841.13.12.08465
45241,Декларация о соответствии ЕАЭС KZ 7100841.13.12.01482
45243,Отказное письмо выданный АО «Национальный центр Экспертизы и Сертификации»
45248,СИО-05-10/1410 от 30.06.2023
45271,KZ/2617/17/23  от 24.08.2023
45272,KZ/2617/17/23 от 24.08.2023
45273,3-Т/250823-8 от 25.08.2023
45274,2-3/923 от 01.10.2024
45281,№KZ.7500317.01.01.02498
45305,KZ.7500317.01.01.02497
45308,№ KZ.7500361.01.01.03581
45313,№ KZ.7500361.01.01.05036
45315,№ KZ.7500361.01.01.05263
45328,№ KZ.7500361.01.01.05037
45330,№ KZ.7500361.01.01.05221
45340,KZ 7500361.13.12.11465
45342,KZ 7500361.13.12.14671
45344,KG417/031.Д.0056410
45346,KG417/031.Д.0050043
45348,KG417/031.Д.0045123
45350,KG417/031.Д.0053315
45352,KZ 7500361.13.12.12757
45353,KZ 7500545.13.12.04492
45354,KZ 7500361.24.01.05223
45355,KZ 7500361.24.01.05224
45358,KZ.7500361.01.01.06696
45362,№ 23 от 24.10.2024
45373,KZ.7500361.01.01.07464
45375,KZ.7500361.01.01.07462
45380,№ ЕАЭС KZ 7500651.13.12.19343
45386,ЕАЭС KZ 7500651.13.12.19344
45388,№ ЕАЭС KZ 7500651.13.12.23367
45399,№ ЕАЭС KZ 7500651.13.12.23366
45401,№ ЕАЭС KZ 7500651.01.01.10236
45404,№ ЕАЭС KZ 7500651.01.01.10239
45405,№ ЕАЭС KZ 7500651.01.01.10238
45406,ЕАЭС KZ 7500651.13.12.24121
45411,KZ.7500802.01.01.00109
45412,KZ.7500802.01.01.00110
45413,KZ.7500802.01.01.00111
45414,KZ.7500802.01.01.00112
45415,ЕАЭС KZ 7500802.13.12.01100
45416,ЕАЭС KZ 7500802.13.12.01098
45417,ЕАЭС KZ 7500802.01.01.00578
45418,ЕАЭС KZ 7500802.13.12.01105
45419,ЕАЭС KZ 7500986.13.12.04899
45420,ЕАЭС KZ 7500986.13.12.04900
45421,№ ЕАЭС KZ 7500986.01.01.13124
45423,№ ЕАЭС KZ 7500986.01.01.13125
45424,№ ЕАЭС KZ 7500986.01.01.13128
45425,№ ЕАЭС KZ 7500986.01.01.13127
45426,№ ЕАЭС KZ 7500986.01.01.13126
45427,№ ЕАЭС KZ 7500802.01.01.00458
45428,№ ЕАЭС KZ 7500802.01.01.00463
45429,№ ЕАЭС KZ 7500802.01.01.00462
45431,№ ЕАЭС KZ 7500802.01.01.00464
45432,Отказное письмо №5954/2024-ОПС от 22.11.2024г. ТОО ТДА-СЕРВИС
45433,№ ЕАЭС KZ 7500995.01.01.01824
45436,№ ЕАЭС KZ 7500995.01.01.01826
45437,№ ЕАЭС KZ 7500995.01.01.01825
45438,№ ЕАЭС KZ 7500986.13.12.14499
45439,№ ЕАЭС KZ 7500986.01.01.14498
45440,№ ЕАЭС KZ 7500986.13.12.14560
45441,№ ЕАЭС KZ 7500986.13.12.14563
45442,№ ЕАЭС KZ 7500986.13.12.14565
45443,№ ЕАЭС KZ 7500986.13.12.14559
45444,№ ЕАЭС KZ 7500986.13.12.14561
45445,№ ЕАЭС KZ 7500986.13.12.14562
45446,ДС ЕАЭС № ЕАЭС KZ 1100317.13.12.04589
45469,Отказное письмо № 01/111 от 17.06.2024 г.
45503,Сертификат соответствия № KZ.7500578.01.01.00073/ Сертификат соответствия № KZ.7500578.01.01.00102
45505,Сертификат соответствия № KZ.7500578.01.01.00076/ Сертификат соответствия № KZ.7500578.01.01.00102
45521,Отказное письмо № СИО-05-10/2727 от 29.11.2024 г.
45522,Сертификат соответствия № KZ.7500361.01.01.03147
45524,Сертификат соответствия № KZ.7500361.01.01.04464
45526,Сертификат соответствия № KZ.7500361.01.01.04465
45533,KZ 7100841.13.12.08263
45534,письмо от 13.11.2024 г.
45535,KZ 7500430.13.12.01347
45536,KZ.7500551.13.12.00209
45537,KZ.7100841.00.01.05392
45538,KZ 7100841.13.12.08248
45545,KZ 7100841.13.12.02453
45554,№ЕАЭС KZ 1910317.13.12.00248
45555,КZ 1910317.01.01.00156
45556,KZ.7500669.01.01.01518
45557,KZ.7500669.01.01.01519
45558,KZ.7500669.01.01.01521
45559,KZ.7500669.01.01.01523
45561,KZ.7500669.01.01.01520
45563,ЕАЭС KZ 7500533.13.12.00835
45565,№ЕАЭС KZ 7500669.13.12.0012
45567,KZ.7500669.01.01.01932
45568,№ ЕАЭС KZ 7500533.13.12.04671 с 23.09.2024 г. по 22.09.2027 г.
45575,"ЕАЭС KZ 7500651.01.01.10190
27.09.2024-26.09.2029г
Серия KZ № 0272526"
45576,"ЕАЭС KZ 7500651.13.12.23115
25.09.2024г."
45577,"ЕАЭС KZ 7500651.01.01.10191
27.09.2024-26.09.2029г
Серия KZ № 0272527"
45578,"ЕАЭС KZ 7500651.01.01.10192
27.09.2024-26.09.2029г
Серия KZ № 0272528"
45579,"ЕАЭС KZ 7500651.01.01.10193
27.09.2024-26.09.2029г
Серия KZ № 0272529"
45580,"ЕАЭС KZ 7500651.01.01.10194
27.09.2024-26.09.2029г
Серия KZ № 0272530"
45581,"ЕАЭС KZ 7500651.01.01.10195
27.09.2024-26.09.2029г
Серия KZ № 0272531"
45582,"ЕАЭС KZ 7500651.01.01.10196
27.09.2024-26.09.2029г
Серия KZ № 0272532"
45583,"ЕАЭС KZ 7500651.01.01.10198
27.09.2024-26.09.2029г
Серия KZ № 0272533"
45584,"ЕАЭС KZ. 7500651.13.12.23116
25.09.2024г"
45585,"ЕАЭС KZ. 7500651.13.12.23117
25.09.2024г"
45587,"ЕАЭС KZ 7500651.01.01.10199
27.09.2024-26.09.2029г
Серия KZ № 0272534"
45589,"ЕАЭС KZ 7500651.13.12.23118
25.09.2024г"
45590,"ЕАЭС KZ 7500651.01.01.10197
27.09.2024-26.09.2029г
Серия KZ № 0272535"
45605,Сертификат соответствия №KZ 3510396.01.01.00242 от 27.12.2022 г. по 27.12.2025 г.
45606,Сертификат соответствия №KZ 3510396.01.01.00270 от 03.05.2023 г. по 03.05.2026 г.
45607,Сертификат соответствия №KZ 3510396.01.01.00281 от 26.05.2023 г. по 26.05.2026 г.
45608,Сертификат соответствия №KZ 3510396.01.01.00280 от 26.05.2023 г. по 26.05.2026 г.
45609,Сертификат соответствия №KZ 3510396.01.01.00350 от 29.12.2023 г. по 29.12.2026 г.
45610,Сертификат соответствия №KZ 3510396.01.01.00232 от 29.11.2022 г. по 29.11.2025 г.
45611,Сертификат соответствия №KZ 3510396.01.01.00084 от 15.03.2022 г. по 15.03.2025 г.
45612,Сертификат соответствия №KZ 3510396.01.01.00083 от 15.03.2022 г. по 15.03.2025 г.
45613,Декларация о соответствии №KZ 7500651.13.12.23917 от 28.10.2024 г. по 27.10.2029 г.
45615,Декларация о соответствии №KZ 7100841.13.12.07801 от 24.10.2024 г. по 23.10.2027 г.
45616,Декларация о соответствии №KZ 3510396.13.12.00302 от 18.07.2023 г. по 18.07.2026 г.
45617,Декларация о соответствии №KZ 3510396.13.12.00280 от 25.05.2023 г. по 25.05.2026 г.
45618,Декларация о соответствии №KZ 3510396.13.12.00259 от 31.03.2023 г. по 31.03.2026 г.
45619,Декларация о соответствии №KZ 3510396.13.12.00244 от 21.12.2022 г. по 21.12.2025 г.
45620,Декларация о соответствии №KZ 3510396.13.12.00116 от 28.03.2022 г. по 28.03.2025 г.
45622,Декларация о соответствии №KZ 3510396.13.12.00115 от 16.03.2022 г. по 16.03.2025 г.
45623,Декларация о соответствии №KZ 3510396.13.12.00114 от 16.03.2022 г. по 16.03.2025 г.
45625,Декларация о соответствии №KZ 3510396.13.12.00113 от 15.03.2022 г. по 15.03.2025 г.
45627,Декларация о соответствии №KZ 3510396.13.12.00348 от 29.11.2023 г. по 29.11.2026 г.
45628,Сертификат соответствия № KZ.7500317.01.01.01678 от 19 июля 2023 г.
45643,сертификат соответствия №ЕАЭС KZ7100841.01.01.04570 серия KZ №0245945
45650,"№98, 30.05.2022"
45653,"№19, 03.01.2023"
45654,"№56, 05.03.2022"
45655,"№18, 03.01.2023"
45662,56/03 от 29.03.2024
45667,2-3/736 от 01.08.2024
45668,287/08-2024 от 02.08.2024
45677,ЕАЭС KZ 7100841.13.12.08658 от 09.12.2024
45678,ЕАЭС KZ 7500533.13.12.05408 от 31.10.2024
45679,"№ ЕАЭС KZ 7500651.13.12.24193
с 12.11.2024 г. до 12.11.2027 г."
45683,"№ ЕАЭС KZ 7500651.13.12.24192
с 12.11.2024 г. до 12.11.2027 г."
45694,"№ ЕАЭС KZ 7500651.01.01.10620
с 12.11.2024 г. до 12.11.2027 г."
45700,ЕАЭС KZ 7500317.13.12.04628 от 04.07.2023 сроком дейстия до 04.07.2026 включительно
45715,"№ЕАЭС KZ 7100841.01 01.05111 от 23 октября 2024г, действителен  до 23 октября 2025 года"
45719,"ЕАЭС №KG 417/020.Д.0003142, 08.02.2022г., 08.02.2025"
45721,ЕАЭС KZ 7500937.01.01.00810 от 16.03.2023г по 16.03.2026г.
45724,510/03 инф. Письмо от 17.04.2024 г.
45725,№ ЕАЭС KZ7500937.01.01.00810 серия № KZ 0070116  с 16.03.2023 по 16 03.2026
45727,№ ЕАЭС KZ 7500937.01.01.00810 серия KZ №0070115 с 16.03.2023 по 16 03.2026
45733,№ ЕАЭС KZ 7500937.01.01.00810 серия KZ № 0134167 с 16.03.2023  по 16 03.2026
45741,№ ЕАЭС KZ 7500937.01.01.00840 серия KZ №0134198 с 27.06.2024 по 26.06.2025
45742,№ ЕАЭС KZ7500937.01.01.02662  с 26.06.2024 по 25.06.2025
45747,№ ЕАЭС KZ7500937.01.01.02663  с 26.06.2024 по 25.06.2025
45750,Декларация о соответствии KZ.6310317.24.01.50060
45774,№ ЕАЭС  KZ 27500651.13.12.06045 от 11.07.2022 г. до 11.07.2025 г.
45794,Декларация о соответствии KZ.7500533.13.12.00127 от 26.10.2024 до 18.10.2027
45824,KZ.7100841.01.01.04859 от 22.10.2024г.-21.10.2025г.
45837,"Информационное письмо № 081024-12 от 08.10.2024г., выдано ТОО
«ФИРМА ТОРГОВАЯ ПАЛАТА»;"
45851,KZ6300317.13.12.01132 ОТ 19.01.2024
45855,"KZ 3510317.13.12.02799 дата регистрации  24.10.2023, действительна по 23.10.2026г"
45862,"KZ 3510317.13.12.02804 дата регистрации  24.10.2023, действительна по 23.10.2026г"
45863,"KZ 3510317.13.12.02803 дата регистрации  24.10.2023, действительна по 23.10.2026г"
45866,"KZ 3510317.13.12.02802 дата регистрации  24.10.2023, действительна по 23.10.2026г"
45868,"KZ 3510317.13.12.02800 дата регистрации  24.10.2023, действительна по 23.10.2026г"
45870,"KZ 3510317.01.01.00831, дата регистрации 24.10.2023, действительна по 23.10.2026г"
45872,"KZ 3510317.01.01.00832, дата регистрации 24.10.2023, действительна по 23.10.2026г"
45876,ЕАЭС KZ 71000990.01.01.00072. Дата выдачи 30.06.2022  до 29.06.2027
45877,ЕАЭС KZ 71000990.01.01.00252. Дата выдачи 01.10.2024  до 18.12.2028
45878,"Декларация
ЕАЭС № ЕАЭС KZ 7500651.13.12.22653
11.09.2024до 11.09.2027"
45882,"Декларация
ЕАЭС № ЕАЭС KZ 7500651.13.12.22654
11.09.2024 до 11.09.2027"
45890,"№ ЕАЭС KZ 7500533.13.12.04384 дата выдачи 10.09.2024г., действительна до 09.09.2027г"
45895,"№ KZ 7500533.01.01.02020 дата выдачи 04.12.2024г., действителен до 18.10.2027г."
45898,"№ KZ 7500533.01.01.02020 дата выдачи 04.12.2024г., действителен до 18.10.2027г"
45914,"№ KZ 7500533.01.01.02089 дата выдачи 18.12.2024г., действителен до 18.10.2027г."
45917,"№ ЕАЭС KZ 7100841.13.12.08322
с 21.11.2024 г. до 20.11.2025 г."
45921,"№ ЕАЭС KZ 7100841.13.12.08323
с 21.11.2024 г. до 20.11.2025 г."
45924,"№ ЕАЭС KZ 7100841.13.12.08324
с 21.11.2024 г. до 20.11.2025 г."
45928,"№ ЕАЭС KZ 7500651.13.12.21557
с 07.08.2024 г. по 07.08.2027 г."
45936,"№ ЕАЭС KZ 7500651.13.12.21558
с 07.08.2024 г. по 07.08.2027 г."
45951,"№ ЕАЭС KZ 7500651.01.01.09598
с 07.08.2024 г. по 07.08.2027 г."
45960,"№ ЕАЭС KZ 7100841.13.12.04712
с 16.05.2024 г. по 15.05.2025 г."
45961,"№ ЕАЭС KZ 7100841.13.12.04713
с 16.05.2024 г. по 15.05.2025 г."
45965,"№ ЕАЭС KZ 7100841.13.12.04707
с 16.05.2024 г. по 15.05.2025 г."
45969,"№ ЕАЭС KZ 7100841.01.01.03565
с 16.05.2024 г. по 15.05.2025 г."
45988,"№ ЕАЭС KZ 7100841.01.01.03564
с 16.05.2024 г. по 15.05.2025 г."
46009,"№ ЕАЭС KZ 7100841.01.01.03563
с 16.05.2024 г. по 15.05.2025 г."
46032,"№ ЕАЭС KZ 7100841.01.01.03562
с 16.05.2024 г. по 15.05.2025 г."
46035,"Сертификат соответствия 
№ KZ.7500802.01.01.00469 
от 19.11.2024г. до 19.11.2025г."
46036,"Сертификат соответствия 
№ KZ.7500802.01.01.00468 
от 19.11.2024г. до 19.11.2025г."
46037,"Сертификат соответствия 
№ KZ.7500802.01.01.00470
от 19.11.2024г. до 19.11.2025г."
46038,"Сертификат соответствия 
№ KZ.7500802.01.01.00476
от 19.11.2024г. до 19.11.2025г."
46039,"Сертификат соответствия 
№ KZ.7500802.01.01.00471
от 19.11.2024г. до 19.11.2025г."
46040,"Сертификат соответствия 
№ KZ.7500802.01.01.00472
от 19.11.2024г. до 19.11.2025г."
46041,"Сертификат соответствия 
№ KZ.7500802.01.01.00473
от 19.11.2024г. до 19.11.2025г."
46042,"Сертификат соответствия 
№ KZ.7500802.01.01.00474
от 19.11.2024г. до 19.11.2025г."
46043,"Сертификат соответствия 
№ KZ.7500802.01.01.00475
от 19.11.2024г. до 19.11.2025г."
46044,Сертификат соответствия № ЕАЭС KZ 7500986.01.01.12162 от 06.09.2024г. действителен до 06.09.2025г.
46045,Сертификат соответствия № ЕАЭС KZ 7500986.01.01.12164 от 06.09.2024г. действителен до 06.09.2025г.
46070,Сертификат № ЕАЭС KZ 7500651.01.01.10650 от 15.11.2024 по 14.11.2029
46073,"Письмо Исх.№ SP2412-595
От  «25»декабря 2024г"
46076,ЕАЭС 7500651.13.12.10658
46077,"ЕАЭС KZ 7500651.13.12.10654
Декларация о соответствии 
ЕАЭС KZ 7500651.13.12.10655"
46078,ЕАЭС KZ 7500651.13.12.16495
46079,ЕАЭС KZ 7500651.13.12.24616
46080,ЕАЭС KZ 7500651.01.01.02971
46081,ЕАЭС KZ 7500651.13.12.10657
46082,ЕАЭС KZ 7500651.01.01.05575
46083,ЕАЭС KZ 7500651.01.01.02972
46084,"Декларация о соответствии 
ЕАЭС KZ 7500651.13.12.10655"
46085,"Декларация о соответствии 
ЕАЭС ЕАЭС KZ 7500651.01.01.04673"
46086,"Декларация о соответствии 
ЕАЭС ЕАЭС KZ 7500651.01.01.04806"
46087,"Декларация о соответствии 
ЕАЭС ЕАЭС KZ 7500651.13.12.12340"
46088,"Декларация о соответствии 
ЕАЭС KZ 7500651.13.12.10656"
46089,"Письмо о не подлежении подтверждения соответствия в форме обязательного декларирования 
Исх. № 497"
46090,"Декларация о соответствии 
ЕАЭС KZ 7500651.13.12.16508"
46091,"Декларация о соответствии 
ЕАЭС KZ 7500651.13.12.22832"
46092,"Письмо от ТОО «ТЕКС» Исх. № 66 от 09.02.2023г.
что перечисленная  продукция не  подлежит  подтверждению  
 соответствия в форме обязательного декларирования или обязательной сертификации"
46093,"Сертификат соответствия 
ЕАЭС КZ 7500651.01.01.10019
Серия  KZ 0272439 выдан ТОО «Текс»"
46094,"Сертификат соответствия 
ЕАЭС КZ 7500651.01.01.10019 
Серия  KZ 0272439 выдан ТОО «Текс»"
46097,"Декларация о соответствии ЕАЭС № ЕАЭС KZ 7500651
выдана ТОО “Текс”"
46099,"Декларация о соответствии 
ЕАЭС KZ 7500651.13.12.22831
выдан ТОО “Текс”"
46100,"Сертификат соответствия ЕАЭС КZ7500651.01.01.10020 
Серия KZ № 0272440
Выдан ТОО «Текс»"
46101,"Декларация о соответствии 
ЕАЭС KZ 7500651.13.12.22833
выдана ТОО “Текс”"
46102,"Сертификат соответствия 
ЕАЭС KZ7500651.01.01.04672
выдана ТОО “Текс”"
46103,Декларация соответствия №ЕАЭС KZ 7100628.13.12.00069
46210,№ ЕАЭС KZ 3510317.13.12.01626 от 09.12.2022 до 09.12.2023
46358,Сертификат соответствия №KZ.7100317.01.0101102
46362,№ ЕАЭС KZ 7500651.13.12.24117
46372,№ ЕАЭС KZ 7500651.13.12.24118
46373,№ ЕАЭС KZ 7500651.01.01.10591
46381,ЕАЭС КZ 3110309.13.12.02808
46384,ЕАЭС  КZ 3110309.13.12.02885
46387,ЕАЭС КZ   3110309.13.12.02179
46388,ЕАЭС КZ    5110730.13.12.15136
46390,ЕАЭС КZ   3110309.13.12.02720
46392,ЕАЭС КZ      3110309.13.12.02177
46393,ЕАЭС КZ    3110309.13.12.02746
46394,ЕАЭС КZ    3110309.13.12.02076
46395,ЕАЭС КZ    3110309.13.12.02686
46397,ЕАЭС КZ    3110309.13.12.02687
46399,ЕАЭС КZ    3110309.13.12.02870
46400,ЕАЭС КZ   3110309.13.1202934
46401,Декларация о соответствии ЕАЭС KZ 7500430.13.12.00767
46404,Декларация соответствия № ЕАЭС KZ 7500533.13.12.03531
46405,"Декларация соответствия № ЕАЭС KZ 7500533.13.12.03535, срок действия с 24.07.2024 г. по 23.07.2029 г;"
46406,Декларация соответствия № ЕАЭС KZ 7500533.13.12.03540
46407,Сертификат соответствия № КZ.3510317.05.01.03660
46408,Сертификат соответствия № KZ.3510317.05.01.03659
46410,KZ.1510317.01.01.00968
46411,KZ.1510317.01.01.00970
46412,KZ.1510317.01.01.00969
46434,Информационное письмо 11.03.2024г №22-2/248
46454,"Информационное письмо
07.06.2023г№05-01/01-756"
46474,информационное письмо №22-2/1129 от 12.09.2024
46479,"ЕАЭС КZ 7500410.01.01.00104 серия КZ 0129797 от 07.06.2024г. до06.06.2029г.
ЕАЭС КZ 7500410.01.01.00105 серия КZ 0129798 от 20.06.2024г. до19.06.2029г."
46480,ЕАЭС КZ7500410.01.01.00109 серия КZ 0129804 от 24.09.2024г. до23.09.2029г.
46481,ЕАЭС КZ7500410.01.01.00102 серия КZ 0129795
46482,ЕАЭС КZ7500410.01.01.00103 серия КZ 0129796
46487,"Сертификат соответствия, № KZ.7500430.01.01.00007"
46494,"Сертификат соответствия, № KZ.7500430.01.01.00012"
46495,"Сертификат соответствия, № KZ.7500430.01.01.00011"
46496,"Сертификат соответствия, № KZ.7500430.01.01.00008"
46497,"Сертификат соответствия, № KZ.7500430.01.01.00010"
46498,"Сертификат соответствия, № KZ.7500430.01.01.00009"
46499,"Письмо исх. № 4454/2024 – ОПС от 20.08.2024г.
Письмо исх. № 5613/2024 – ОПС от 31.10.2024г."
46500,Письмо исх. № 5298/2024 – ОПС от 15.10.2024г.
46742,Письмо исх. № 5613/2024 – ОПС от 31.10.2024г.
46746,Декларация о соответствии ЕАЭС KZ 3110309.13.12.02059
46748,№ ЕАЭС KZ 3510317/13/1203253
46754,№ ЕАЭС KZ 7500669.13.12.00031
46758,№ ЕАЭС KZ 7500669.13.12.00032
46761,KZ 5510317.13.12.01311
46773,KZ 5510317.13.12.01660
46776,KZ 5510317.13.12.01661
46786,№ KZ 5510317.01.01.00518
46788,№ KZ 5510317.01.01.00517
46795,Декларация о соответствии № ЕАЭС KZ 7500533.13.12.02064
46801,Декларация о соответствии № ЕАЭС KZ 7500533.13.12.02047
46810,Сертификат соответствии № KZ.7100841.01.01.04701
46834,Декларация о соответствии № ЕАЭС KZ 7500533.13.12.03488
46844,№ ЕАЭС KZ 7500651.13.12.24854
46861,№ ЕАЭС KZ 7500651.13.12.24855
46862,№ ЕАЭС KZ 7500651.01.01.10925
46863,№ ЕАЭС KZ 7500651.01.01.10926
46865,№ ЕАЭС KZ 7500651.01.01.10927
46866,№ ЕАЭС KZ 7500651.01.01.10928
46882,ЕАЭС KZ 7500196.13.12.01646
46883,ЕАЭС KZ 7500196.13.12.01645
46884,ЕЛЭС KZ 7500196.13.12.01643
46885,ЕАЭС KZ 7500196.13.12.01867
46886,KZ.7500196.01.01.00270
46887,ЕАЭС KZ 7500196.13.12.01870
46888,ЕАЭС KZ 7500196.13.12.01869
46889,ЕАЭС KZ 7500196.13.12 .0 1871
46891,не подлежит
46896,ЕАЭС KZ 7500196.13.12.01868
46897,ЕАЭС KZ 7500196.13.12.01872
46900,ЕАЭС KZ 7500196.13.12.01877
46901,ЕАЭС KZ 7500196.13.12.01873
46903,ЕАЭС KZ 7500196.13.12.01876
46905,ЕАЭС KZ 7500196.13.12.01875
46907,СС № KZ.7500533.01.01.00081
46908,СС № KZ.7500533.01.01.00114
46920,ЕАЭС KZ 7500533.13.12.00656
46922,ЕАЭС KZ 7500533.13.12.01317
46928,ЕАЭС KZ 7500533.13.12.01318
46930,ЕАЭС KZ 7500430.13.12.01530 до 11.12.2025г.
46931,ЕАЭС KZ 7100841.13.12.08576 до 04.12.2025г.
46932,Отказное письмо №6514/2024-ОПС от «25» декабря 2024 года
46938,KZ.77100841.01.01.03330
46940,KZ.7100841.01.01.03326.01.01.03326
46942,KZ.7100841.01.01.03329
46943,KZ.7100841.01.01.03327
46944,KZ.7100841.01.01.03331
46945,KZ.7100841.01.01.03328
47011,KZ 7100841.01.01.01152
47012,KZ.7100841.01.01.00697
47013,KZ.7500937.01.01.00645
47018,KZ.78VTN00005201                     20.05.2021-20.05.2026 KZ.58RBN00585478                   13.09.2021-13.09.2023
47022,KZ.7100841.01.01.00861
47023,KZ.7100841.13.12.01760
47024,KZ.7100317.01.01.00832          22.05.2023-21.05.2024
47036,KZ.7100841.01.01.04888
47040,Декларация ЕАЭС № ЕАЭС KZ 7500651.13.12.22138
47041,"Декларация ЕАЭС № ЕАЭС KZ 7500651.13.12.22138
29.08.2024до 28.08.2029"
47042,"Декларация ЕАЭС № ЕАЭС KZ 7500651.13.12.22139
29.08.2024до 28.08.2029"
47043,"Декларация ЕАЭС № ЕАЭС KZ 7500651.13.12.22140
29.08.2024до 28.08.2029"
47044,"Декларация ЕАЭС № ЕАЭС KZ 7500651.13.12.22137
29.08.2024 до 28.08.2029"
47046,"Декларация ЕАЭС № ЕАЭС KZ 7500651.13.12.22141
29.08.2024до 28.08.2029"
47049,Сертификат №ЕАЭСKZ 7500651.01.09883 02.09.2024 по 01.09.2029
47050,"Декларация ЕАЭС № ЕАЭС KZ 7500651.13.12.22142
29.08.2024до 29.08.2027"
47051,"Декларация ЕАЭС №  ЕАЭС KZ 7500651.13.12.22143 
29.08.2024 до 29.08.2027"
47052,"Декларация ЕАЭС № ЕАЭС KZ 7500651.13.12.22143 
29.08.2024 до 29.08.2027"
47053,"Декларация ЕАЭС №  ЕАЭС KZ 7500651.13.12.22144
29.08.2024 до 29.08.2027"
47055,"Сертификат №ЕАЭСKZ
7500651.01.09884 02.09.2024 по 01.09.2029"
47059,"Декларация ЕАЭС №   ЕАЭС KZ 7500651.13.12.22145
29.08.2024до
28.08.2029"
47060,"Декларация ЕАЭС №  ЕАЭС KZ 7500651.13.12.22145
29.08.2024до
28.08.2029"
47061,"Декларация ЕАЭС №  ЕАЭС KZ 7500651.13.12.22146
29.08.2024до
29.08.2027"
47062,"Декларация ЕАЭС № ЕАЭС KZ 7500651.13.12.22147
29.08.2024до 28.08.2029"
47065,"Декларация ЕАЭС №   ЕАЭС KZ 7500651.13.12.22140
29.08.2024до 28.08.2029"
47066,"Декларация ЕАЭС № ЕАЭС KZ 7500651.13.12.22392
05.09.2024до
04.09.2029"
47067,"Декларация ЕАЭС №  ЕАЭС KZ 7500651.13.12.22148
29.08.2024 до29.08.2027"
47069,"Сертификат № ЕАЭС KZ 7500651.01.01.09885
02.09.2024до
02.09.2027"
47072,"Декларация   ЕАЭС №ЕАЭС KZ 7500651.13.12.22149
29.08.2024 до 29.08.2027"
47073,"Декларация    ЕАЭС№ЕАЭС KZ 7500651.13.12.22149
29.08.2024 до 29.08.2027"
47074,"Декларация ЕАЭС  № ЕАЭС KZ 7500651.13.12.22149
29.08.2024до
29.08.2027"
47075,"Декларация ЕАЭС №   ЕАЭС KZ 7500651.13.12.22149
29.08.2024до
29.08.2027"
47076,"Декларация ЕАЭС №  ЕАЭС KZ 7500651.13.12.22149
29.08.2024до
29.08.2027"
47080,"Декларация ЕАЭС №  ЕАЭС KZ 7500651.13.12.22150
29.08.2024до
29.08.2027"
47082,Письмо от  03октября2024 г
47098,Сертификат соответствия № ЕАЭС KZ 2710317.01.01.05870
47099,Информационное письмо № 22-2/1478 от 11.11.2024
47109,KZ 3510317.13.12.01306
47110,KZ 3510317.24.01.03487
47111,KZ 3510317.24.01.03640
47112,KZ 3510317.24.01.03098
47113,Письмо №05-01/01-1194  от 09.08.2024г. Астанинский филиал АО «Национальный центр экспертизы и сертификации»
47139,Декларация о соответствии № ЕАЭС KZ 7100841.13.12.09047
47161,"№ ЕАЭС KZ 7500651.13.12.23128
с 25.09.2024 г. до 25.09.2027 г."
47162,"№ ЕАЭС KZ 7500651.13.12.23127
с 25.09.2024 г. до 25.09.2027 г."
47164,"№ ЕАЭС KZ 7500651.01.01.10180
с 27.09.2024 г. до 27.09.2027 г."
47170,"Декларация о соответствии, № ЕАЭС KZ 7500533.13.12.06338 от 18.12.2024 г. по 17.12.2025 г."
47185,"Декларация о соответствии, № ЕАЭС KZ 7500533.13.12.05052 от 11.10.2024 г. по 10.10.2025 г."
47191,"KZ.7100841.01.01.00704, срок действия до 01.12.2025г."
47193,"KZ.7100841.01.01.05220, срок действия до 28.11.2025 г."
47198,"KZ.7100841.01.01.00701, срок действия до 01.12.2025 г."
47207,"KZ.7100841.01.01.04782, срок действия до 10.10.2025 г."
47209,"KZ.7100841.01.01.04980, срок действия до 03.11.2025 г."
47212,"KZ.7100841.01.01.00704, срок действия до 01.12.2025 г."
47254,№ ЕАЭС KZ 3910317.05.01.01046 с 22.10.2024 г. по срок не установлен
47260,"СС ЕАЭС 
№ЕАЭС KZ
7500430.01.01.00096"
47261,Сертификат соответствия KZ.3510317.01.01.03442 от 05.07.24 до 05.07.25
47262,Сертификат соответствия KZ.3510317.01.01.03605 от 12.08.24 до 12.08.25
47263,Сертификат соответствия KZ.3510317.01.01.03603 от 12.08.24 до 12.08.25
47264,Сертификат соответствия KZ.3510317.01.01.03604 от 12.08.24 до 12.08.25
47265,№1-ОПС-284 от 17.12.2024г.
47286,№1-ОПС-287 от 30.12.2024г.
47287,"Одобрение типа транспортного средства № ТС RU Е-KZ.АБ58.00467.Р6, с 16.02.2024г до 17.01.2027г."
47288,"Отказное письмо Исх. №СИО-05-10/21 от 08.01.2025г., выданное АО ""Национальный центр экспертизы и сертификации"" Костанайский филиал"
47289,KZ.5510317.01.01.00697
47290,KZ.5510317.01.01.00699
47292,KZ.5510317.01.01.00698
47299,"KZ.5510317.01.01.01003 от 28.11.24 по 01.09.26
KZ 5510317.01.01.00810 от 31.01.24 по 01.09.2026"
47300,KZ.5510317.01.01.00982
47301,KZ.5510317.01.01.00809
47303,№ ЕАЭС KZ 7500651.13.12.24265
47330,№ ЕАЭС KZ 7500651.01.01.10631
47338,ЕАЭС KZ 3110309.13.12.02902
47340,ЕАЭС KZ 3110309.13.12.02903
47345,ЕАЭС KZ 3110309.13.12.02900
47347,ЕАЭС KZ 3110309.13.12.02901
47349,Сертификат соответствия № KZ.7100934.01.01.00013 от 10.08.2021г. до 26.07.2024г.
47350,Письмо о не обязательной сертификации Исх № 55 от 14.10.2022г
47351,Сертификат соответствия № KZ.7100934.01.01.00017 от 10.08.2021г. до 26.07.2024г.
47352,Сертификат соответствия № KZ.7100934.01.01.00018 от 10.08.2021г. до 26.07.2024г..
47353,Сертификат соответствия № KZ.7100934.01.01.00087 от 13.10.2021г. до 26.07.2024г.
47355,Сертификат соответствия № KZ.7100934.01.01.00086 от 13.10.2021г. до 26.07.2024г.
47359,Сертификат соответствия № KZ.7100934.01.01.00016 от 10.08.2021г. до 26.07.2024г.
47367,Сертификат соответствия № KZ.7100934.01.01.00014 от 10.08.2021г. до 26.07.2024г.
47371,Сертификат соответствия № KZ.7100934.01.01.00015 от 10.08.2021г. до 26.07.2024г.
47379,Декларация о соответствии № KZ. 1900193.24.01.20053 от 02.09.2020г до 02.09.2023г.
47386,Декларация о соответствии № KZ. 1900193.24.01.20054 от 02.09.2020г до 02.09.2023г.
47401,Декларация о соответствии № KZ. 1900193.24.01.20051 от 02.09.2020г до 02.09.2023г.
47403,Декларация о соответствии № KZ. 1900193.24.01.20052 от 02.09.2020г до 02.09.2023г.
47453,"Сертификат № ЕАЭС KZ 7500651.01.01.10987
24.12.2024 по 23.12.2029"
47454,"Декларация
 ЕАЭС KZ ЕАЭС KZ 7500651.13.12.25027
24.12.2024 по  23.12.2029"
47455,"Сертификат № ЕАЭС KZ 7500651.01.01.10988
24.12.2024 по 23.12.2029"
47456,"Сертификат № ЕАЭС KZ 7500651.01.01.10989
24.12.2024 по 23.12.2029"
47457,"Сертификат № ЕАЭС KZ 7500651.01.01.10990
24.12.2024 по 23.12.2029"
47458,"Декларация
 ЕАЭС KZ ЕАЭС KZ 7500651.13.12.25028
24.12.2024 по  23.12.2029"
47459,"Сертификат № ЕАЭС KZ 7500651.01.01.10991
24.12.2024 по 23.12.2029"
47467,№ЕАЭС ЕАЭС KZ 7500937.01.01.00633 Серия KZ №0133972
47487,ЕАЭС  KZ 7500317.13.12.07688 от 22.10.2024 по 22.10.2025
47491,ЕАЭС  KZ7500317.13.12.07691 от 22.10.2024 по 22.10.2025
47493,ЕАЭС  KZ7500317.13.12.07978 от 10.12.2024 г. по 10.12.2025 г.
47499,ЕАЭС  KZ7500317.13.12.07084 от 25.07.2024 по 25.07.2025
47503,ЕАЭС  KZ7500317.13.12.07689 от 22.10.2024 по 22.10.2025
47505,"ЕАЭС KZ 7100841.13.12.03349,
дата выдачи 20.10.2023, срок действия 19.10.2024"
47506,"ЕАЭС KZ №7100841.13.12.02477 дата выдачи 05.06.2023, срок действия 04.06.2024"
47507,Не подлежит
47508,"ЕАЭС KZ №7100841.13.12.02069, дата выдачи 07.04.2023, срок действия 07.04.2024"
47517,ЕАЭС KZ 7100841.13.12.05675 от 12.07.2024 г
47518,ЕАЭС KZ 7100841.13.12.07453 от 08.10.2024 г.
47525,Не подлежит подтверждению соответствия
47526,"ЕАЭС KZ 7100841.01.01.03036, срок действия с 02.02.2024 по 14.11.2028"
47527,"ЕАЭС KZ 7100841.01.01.03235, срок действия с 12.03.2024 по 11.03.2029"
47529,Письмо Исх.№ 198 от 18.12.2024г.
47531,ЕАЭС KZ 7500533.13.12.06628
47544,ЕАЭС KZ 7100841.13.12.03635
47551,Сертификат соответствия №KZ.7100841.01.01.02996
47743,Сертификат соответствия №KZ.2710317.01.01.01453
47767,Сертификат соответствия №KZ.2710317.01.01.01451
47791,Сертификат соответствия №KZ.2710317.01.01.01452
47815,"Декларация о соответствии, № KZ.7500551.13.12.00178"
47816,№ ЕАЭС KZ 7100317.01.01.01773
47817,№ ЕАЭС KZ 7100317.01.01.01774
47819,№ ЕАЭС KZ 7100317.01.01.01775
47820,№ ЕАЭС KZ 7100317.13.12.04567
47823,№ ЕАЭС KZ 7100317.13.12.04564
47826,№ ЕАЭС KZ 7100317.13.12.04561
47828,№ ЕАЭС KZ 7100317.13.12.04560
47830,№ ЕАЭС KZ 7100317.13.12.04559
47831,№ ЕАЭС KZ 7100317.13.12.04558
47833,№ ЕАЭС KZ 7100317.13.12.04557
47834,№ ЕАЭС KZ 7100317.13.12.04565
47836,№ ЕАЭС KZ 7100317.01.01.01771
47841,№ ЕАЭС KZ 7100317.01.01.01772
47846,№ ЕАЭС KZ 7500651.01.01.11072
47847,№ ЕАЭС KZ 7500651.01.01.11071.
47848,№ ЕАЭС KZ 7500651.13.12.25097
47849,№ ЕАЭС KZ 7500651.01.01.11071 от 27.12.2021г. до 27.12.2027г.
47850,"№ ЕАЭС KZ 7500651.01.01.11071
от 27.12.2021г. до 27.12.2027г."
47857,№ ЕАЭС KZ 7500651.01.01.11071
47858,№ЕАЭС KZ 7500651.13.12.25096
47878,№ ЕАЭС KZ 7500651.01.01.11073
47880,№ ЕАЭС KZ 7500651.01.01.11070
47887,EAЭC KZ 7100317.13.12.02934
47898,письмо №06п-3/484 от 21.11.24 г АО «НаЦЭкС»
47940,"Сертификат соответствия 
№ KZ.3110317.01.01.00027"
47942,"Декларация о соответствии
№ KZ 3110317.13.12.00458"
47949,Сертификат соответствия  № ЕАЭС KZ.7100841.01.01.01571 от 20.04.2023 г. Действует по 19.04.2026 г. включительно.
48581,Декларация о соответствии ЕАЭС KZ от 7500937.13.12.00182 от 20.09.2021 года. Действительна по 20.09.2024 г. включительно.
48991,Декларация о соответствии ЕАЭС KZ 7500937.13.12.00127 от 25.08.2021 г. Действительна по 25.08.2024 г. включительно
48992,Декларация о соответсвии № ЕАЭС N RU Д-KZ.АМ04.В.00092/19
49012,Декларация о соответсвии N RU Д-KZ.HA94.B.00542/19
49034,"Декларация о соответствии ЕАЭС KZ 3510317.13.12.03226 дата регистрации 29.01.2024 года, действительна по 28.01.2027 года"
49035,"Декларация о соответствии ЕАЭС KZ 3510317.13.12.03227 дата регистрации 29.01.2024 года, действительна по 28.01.2027 года"
49036,"Декларация о соответствии ЕАЭС KZ 3510317.13.12.03228 дата регистрации 29.01.2024 года, действительна по 28.01.2027 года"
49038,"Сертификат соответствия ЕАЭС KZ 3510317.01.01.00983 Серия №0247970 дата регистрации 29.01.2024 года, действительна по 28.01.2027 года"
49040,"Сертификат соответствия ЕАЭС KZ 3510317.01.01.00982 Серия №0247969 дата регистрации 29.01.2024 года, действительна по 28.01.2027 года"
49041,"Декларация о соответствии ЕАЭС KZ 3510317.13.12.03229 дата регистрации 29.01.2024 года, действительна по 28.01.2027 года"
49050,"Декларация о соответствии ЕАЭС KZ 590317.13.12.00063 дата регистрации 23.08.2024 года, действительна по 23.08.2027 года"
49052,"Декларация о соответствии ЕАЭС KZ 5900317.13.12.00062 дата регистрации 23.08.2024 года, действительна по 23.08.2027 года"
49056,"Декларация о соответствии ЕАЭС KZ 5900317.13.12.00061 дата регистрации 23.08.2024 года, действительна по 23.08.2027 года"
49060,"Декларация о соответствии ЕАЭС KZ 5900317.13.12.00063 дата регистрации 23.08.2024 года, действительна по 23.08.2027 года"
49064,Сертификат соответствия №ЕАЭС KZ 7500937.01.01.00864
49065,EAЭC  КZ 3510396.13.12.00326
49066,EAЭC  КZ 3510396.13.12.00327
49067,EAЭC  КZ 3510396.13.12.00328
49068,EAЭC  КZ 3510396.13.12.00329
49069,EAЭC  КZ 3510396.13.12.00330
49070,EAЭC  КZ 3510396.13.12.00331
49073,EAЭC  КZ 3510396.13.12.00332
49074,EAЭC  КZ 3510396.13.12.00333
49075,EAЭC  КZ 3510396.13.12.00334
49076,Сертификат № ЕАЭС KZ 3510396.01.01.00326
49078,Сертификат № ЕАЭС KZ 3510396.01.01.00327
49079,Сертификат № ЕАЭС KZ 3510396.01.01.00328
49080,Сертификат № ЕАЭС KZ 3510396.01.01.00329
49081,Сертификат № ЕАЭС KZ 3510396.01.01.00330
49082,Сертификат № ЕАЭС KZ 3510396.01.01.00331
49083,№03 от11 ноября.2023
49090,№ЕАЭС KZ 7500986.01.01.02155
49092,№ЕАЭС KZ 7500986.01.01.02156
49094,№ЕАЭС KZ 7500986.01.01.06926
49097,№ЕАЭС KZ 7500986.01.01.07114
49098,№ЕАЭС KZ 7500986.01.01.06927
49109,ЕАЭС KZ 7100934.13.12.00421  / 20.10.2022-20.10.2025
49110,ЕАЭС KZ 7100934.13.12.00443  / 06.12.2022-06.12.2025
49116,ЕАЭС KZ 7100934.13.12.00422  / 20.10.2022-20.10.2025
49120,ЕАЭС KZ 7100934.13.12.00417 / 11.10.2022-11.10.2025
49124,№ KZ.7100934.24.01.00354 / 29.03.2021-29.03.2024
49126,№ KZ.7100934.24.01.00355 / 31.03.2021-31.03.2024
49170,№ KZ.7100934.24.01.00353 / 25.03.2021-25.03.2024
49172,№ KZ.7100934.24.01.00363 / 19.04.2021-19.04.2024
49176,№ KZ.7100934.24.01.00362 / 16.04.2021-16.04.2024
49194,№ KZ.7100934.24.01.00364 / 20.04.2021-20.04.2024
49199,№ KZ.7100934.24.01.00360 / 09.04.2021-09.04.2024
49223,№ KZ.7100934.24.01.00361 / 14.04.2021-14.04.2024
49243,№ KZ.7100934.24.01.00279 / 29.07.2020-29.07.2023
49244,№ KZ.7100934.24.01.00289 / 12.08.2020-12.08/2023
49248,№ KZ.7100934.24.01.00288 / 12.08.2020-12.08.2023
49260,№ KZ.7100934.24.01.00287 / 11.08.2020-11.08.2023
49280,№ KZ.7100934.24.01.00342 / 29.01.2021-29.01.2024
49285,ЕАЭС N KZ Д-KZ.0934.B.00010 / 15.07.2021-15.07.2024
49294,№ KZ.7100934.24.01.00376 / 25.06.2021-25.06.2024
49296,ЕАЭС N KZ Д-KZ.0934.B.00005 / 09.07.2021-09.07.2024
49300,№ KZ.7100934.24.01.00277 / 23.07.2020-23.07.2023
49314,№ KZ.7100934.24.01.00290 / 13.08.2020-13.08.2023
49324,ЕАЭС KZ 7100934.13.12.00064/ 23.09.2021-23.09.2024
49325,№ KZ.7100934.24.01.00368 / 25.05.2021-25.05.2023
49326,№ KZ.7100934.24.01.00271 / 26.06.2020-26.06.2023
49349,№ KZ.7100934.24.01.00370 / 31.05.2021-31.05.2024
49350,№ KZ.7100934.24.01.00304 / 26.08.2020-26.08.2023
49356,№ KZ.7100934.24.01.00367 / 20.05.2021-20.05.2024
49361,№ KZ.7100934.24.01.00357/ 02.04.2021-02.04.2024
49364,ЕАЭС KZ 7100934.13.12.00213  / 03.03.2022-03.03.2025
49365,ЕАЭС KZ 7100934.13.12.00212  / 03.03.2022-03.03.2025
49366,№ KZ.7100934.24.01.00369 / 28.05.2021-28.05.2024
49368,№ KZ.7100934.24.01.00272 / 30.06.2020-30.06.2023
49380,ЕАЭС KZ 7100934.13.12.00444  / 06.12.2022-06.12.2025
49382,ЕАЭС KZ 7100934.13.12.00024 / 11.08.2021-11.08.2024
49389,ЕАЭС KZ 7100934.13.12.00084/ 20.10.2021-20.10.2024
49390,№ KZ.7100934.24.01.00278 / 28.07.2020-28.07.2023
49404,№ KZ.7100934.24.01.00352 / 17.03.2021-17.03.2024
49408,ЕАЭС KZ 7100934.13.12.00058 / 10.09.2021-10.09.2024
49409,ЕАЭС KZ 7100934.13.12.00445  / 06.12.2022-06.12.2025
49410,ЕАЭС KZ 7100934.13.12.00252  / 07.04.2022-07.04.2025
49411,ЕАЭС KZ 7100934.13.12.00199  / 25.02.2022-25.02.2025
49412,№ KZ.7100934.24.01.00302 / 24.08.2020-24.08.2023
49414,№ KZ.7100934.24.01.00280 / 30.07.2020-30.07.2023
49419,№ KZ.7100934.24.01.00358/ 02.04.2021-02.04.2024
49420,№ KZ.7100934.24.01.00347 / 23.02.2021-23.02.2024
49421,№ KZ.7100934.24.01.00295 / 18.08.2020-18.08.2023
49422,№ KZ.7100934.24.01.00268 / 17.06.2020-17.06.2023
49423,№ KZ.7100934.24.01.00359/ 02.04.2021-02.04.2024
49424,ЕАЭС KZ 7100934.13.12.00334 / 30.06.2022-30.06.2025
49425,№ KZ.7100934.24.01.00301 / 21.08.2020-21.08.2023
49426,ЕАЭС KZ.7100934.13.12.00187 / 25.02.2022-25.02.2025
49428,№ KZ.7100934.24.01.00341 / 26.01.2021-26.01.2024
49429,№ KZ.7100934.24.01.00356/ 31.03.2021-31.03.2024
49430,ЕАЭС KZ 7100934.13.12.00198 / 25.02.2022-25.02.2025
49431,№ KZ.7100934.24.01.00294 / 14.08.2020-14.08.2023
49432,ЕАЭС KZ 7100934.13.12.00201 / 25.02.2022-25.02.2025
49433,ЕАЭС KZ 7100934.13.12.00200/ 25.02.2022-25.02.2025
49434,ЕАЭС KZ 7100934.13.12.00255/ 07.04.2022-07.04.2025
49435,ЕАЭС KZ 7100934.13.12.00254/ 07.04.2022-07.04.2025
49436,ЕАЭС KZ.7100934.13.12.00188 / 25.02.2022-25.02.2025
49446,№ KZ.7100934.24.01.00299 / 21.08.2020-21.08.2023
49447,№ KZ.7100934.24.01.00291 / 14.08.2020-14.08.2023
49449,№ KZ.7100934.24.01.00293 / 14.08.2020-14.08.2023
49450,№ KZ.7100934.24.01.00292 / 14.08.2020-14.08.2023
49452,№ KZ.7100934.24.01.00298 / 21.08.2020-21.08.2023
49453,№ KZ.7100934.24.01.00300 / 21.08.2020-21.08.2023
49454,№ KZ.7100934.24.01.00270 / 17.06.2020-17.06.2023
49455,№ KZ.7100934.24.01.00269 / 17.06.2020-17.06.2023
49456,№ KZ.7100934.24.01.00296 / 18.08.2020-18.08.2023
49457,ЕАЭС KZ 7100934.13.12.00085/ 20.10.2021-20.10.2024
49461,ЕАЭС KZ 7100934.13.12.00446/ 06.12.2022-06.12.2025
49489,ЕАЭС KZ 7100934.13.12.00453  / 09.12.2022-09.12.2025
49490,ЕАЭС KZ 7100934.13.12.00450  / 06.12.2022-06.12.2025
49491,ЕАЭС KZ 7100934.13.12.00449  / 06.12.2022-06.12.2025
49492,ЕАЭС KZ 7100934.13.12.00448  / 06.12.2022-06.12.2025
49493,ЕАЭС KZ 7100934.13.12.00335  / 30.06.2022-30.06.2025
49494,ЕАЭС KZ 7100934.13.12.00447  / 06.12.2022-06.12.2025
49499,ЕАЭС KZ 7100934.13.12.00442  / 11.11.2022-11.11.2025
49513,ЕАЭС KZ 7100934.13.12.00352  / 27.07.2022-27.07.2025
49516,ЕАЭС KZ 7100934.13.12.00342  / 07.07.2022-07.07.2025
49517,ЕАЭС KZ 7100934.13.12.00336  / 30.06.2022-30.06.2025
49518,ЕАЭС KZ 7100934.13.12.00256   / 07.04.2022-07.04.2025
49520,ЕАЭС KZ 7100934.13.12.00253  / 07.04.2022-07.04.2025
49523,ЕАЭС KZ 7100934.13.12.00139  / 29.12.2021-29.12.2024
49524,04-71-24/43 от 24.04.2024г.
49525,Декларация о соответствии №EAЭС KZ 3110317.13.12.00214 от 25.05.2023 по 19.05.2026г.
49553,Декларация о соответствии №EAЭС KZ 3110317.13.12.00213 от 25.05.2023 по 19.05.2026г.
49558,Сертификат соответствия №ЕАЭС KZ3110317.01.01.00116 от 05.06.2023г.по 19.05.2026г.
49560,Сертификат соответствия №ЕАЭС KZ3110317.01.01.00117 от 05.06.2023г.по 19.05.2026г.
49571,Сертификат соответсвия №KZ.C.01.0318.C23.01098  от 19.05.2023 г. до 19.05.2026 г.
49573,ЕАЭС KZ 500651.01.01.09373
49575,ЕАЭС KZ 500651.01.01.09377
49576,ЕАЭС KZ 500651.01.01.09374
49578,ЕАЭС KZ 500651.01.01.09375
49580,ЕАЭС KZ 500651.01.01.09376
49581,ЕАЭС KZ 500651.13.12.21147
49582,ЕАЭС KZ 500651.01.01.09378
49583,ЕАЭС KZ 500651.13.12.21148
49584,ЕАЭС KZ 7500651.01.01.02728
49585,ЕАЭС KZ 7500651.01.01.02729
49587,ЕАЭС KZ 7500651.01.01.03028
49588,ЕАЭС KZ 7500651.01.01.03029
49589,ЕАЭС KZ 7500651.01.01.02733
49590,ЕАЭС KZ 7500651.01.01.03030
49591,ЕАЭС KZ 7500651.01.01.02735
49592,"Письмо ТОО ""Еркін талғам"" № 01/117 от 27..06.2024г."
49597,Письмо №02-12/318 от 04.11.2020 г. – АО НЦЭС (не подлежит сертификации)
49609,Декларация о соответствии №ЕАЭС KZ 7100841.13.12.01931
49610,"Письмо 03-14/14-010 от
14/03/2023г., ИЦ ТОО ""ФТП"" (не подлежит сертификации)"
49621,Письмо ТОО «ТДА Сервис» исх.№2180/2024-ОПС от 10.05.2024
49789,"Сертификат соотвествия№ ЕАЭС
KZ 7500533.01.01.00275 от 03.06.2022 г. дейстует до 03.06.2025"
49790,"ЕАЭС №KZ.1900193.24.01.30339, дата выдачи 25.02.2020 г., дата окончания 25.02.2025 г."
49791,"ЕАЭС №KZ.1900193.24.01.30338, дата выдачи 25.02.2020 г., дата окончания 25.02.2025 г."
49792,"ЕАЭС №KZ.1900193.24.01.30394, дата выдачи 12.08.2020 г., дата окончания 12.08.2025 г."
49793,"ЕАЭС № KZ.1900193.24.01.30340. дата выдачи 25.02.2020 г., дата окончания 25.02.2025 г."
49796,"ЕАЭС № KZ.1900193.24.01.30337, дата выдачи 25.02.2020 г., дата окончания 25.02.2025 г."
49797,"ЕАЭС № KZ.1900193.24.01.30336, дата выдачи 25.02.2020 г., дата окончания 25.02.2025 г."
49798,"№ЕАЭС KZ.1900193.22.01.30188, серия №0165311, дата выдачи 23.12.2020 г., дата окончания 23.12.2025 г."
49799,"ЕАЭС № KZ.1900193.24.01.30427, дата выдачи 23.12.2020 г., дата окончания 23.12.2025 г."
49800,"ЕАЭС № KZ.1900193.13.12.03078, дата выдачи 28.03.2023 г., дата окончания 28.03.2026 г."
49801,"ЕАЭС № KZ.1900193.13.12.03081, дата выдачи 28.03.2023 г., дата окончания 28.03.2026 г."
49802,"ЕАЭС № KZ.1900193.13.12.03077, дата выдачи 28.03.2023 г., дата окончания 28.03.2026 г."
49803,"ЕАЭС № KZ.1900193.13.12.03079, дата выдачи 28.03.2023 г., дата окончания 28.03.2026 г."
49804,"ЕАЭС № KZ.1900193.13.12.03080, дата выдачи 28.03.2023 г., дата окончания 28.03.2026 г."
49805,"ЕАЭС № KZ.1900193.24.01.30449, дата выдачи 02.04.2021 г., дата окончания 02.04.2026 г."
49806,"ЕАЭС № KZ.1900193.24.01.30450, дата выдачи 02.04.2021 г., дата окончания 02.04.2026 г."
49807,"ЕАЭС № KZ.1900193.13.12.00756, дата выдачи 02.03.2022 г., дата окончания 01.03.2027 г."
49808,"ЕАЭС № KZ.1900193.13.12.00779, дата выдачи 05.03.2022 г., дата окончания 04.03.2027 г."
49811,"ЕАЭС № KZ.1900193.13.12.00780, дата выдачи 05.03.2022 г., дата окончания 04.03.2027 г."
49812,"ЕАЭС № KZ 7500430.13.12.01074, дата выдачи 25.09.2024 г., дата окончания 25.09.2027 г."
49829,ЕАЭС KZ 1910317.13.12.00548 от 29.02.2024
49830,KZ.1110033.24.01.01014
49832,д/с  KZ  3510396.13.12.00322  08.09.2023-04.09.2027
49833,ЕАЭС KZ  3510396.01.01.00317 08.09.2023-05.09.2025
49835,ЕАЭС KZ  3510396.01.01.00315 08.09.2023-05.09.2025
49836,ЕАЭС KZ  3510396.01.01.00141 08.09.2023-01.08.2025
49837,ЕАЭС KZ  3510396.01.01.00314 08.09.2023-05.09.2025
49838,Товары военного назначения не входят в единый перечень продукции подлежащей обязательной сертификации  ТР  ТС 017/2011  Письмо № СИО-05-10/1711 от 16.08.2022г
49846,KZ  3510396.01.01.00143  09.09.2023-01.08.2025
49847,KZ  3510396.01.01.00142  08.09.2023-01.08.2025
49848,Товары военного назначения не входят в единый перечень продукции подлежащей обязательной сертификации  ТР  ТС 017/2011  Письмо № СИО-05-10/1465 от 16.08.2022г
49850,Товары военного назначения не входят в единый перечень продукции подлежащей обязательной сертификации  ТР  ТС 017/2011  Письмо № СИО-05-10/1581 от 02.09.2020
49851,ЕАЭС  KZ 7500361.01.01.06264  20.09.2023-05.05.2026
49852,ЕАЭС KZ  3510396.13.12.00340    17.11.2023-16.11.2028
49853,ЕАЭС KZ  3510396.13.12.00344    17.11.2023-16.11.2028
49854,KZ  3510396.01.01.00138  08.09.2023-01.08.2025
49860,ЕАЭС KZ  3510396.01.01.00316    08.09.2023-05.09.2025
49861,ЕАЭС KZ  3510396.01.01.00333    17.11.2023-17.11.2026
49862,ЕАЭС KZ  3510396.01.01.00334    17.11.2023-17.11.2026
49863,ЕАЭС KZ  3510396.13.12.00342  17.11.2023  -16.11.2028
49864,ЕАЭС KZ  3510396.13.12.00343    17.11.2023-16.11.2028
49865,товар не входит в единный  перечень продукции подлежащей обязательной обязательной сертификации.Письмо №99 от 17.11.2023г
49866,ЕАЭС KZ  3510396.01.01.00337    17.11.2023-17.11.2026
49867,ЕАЭС KZ  3510396.01.01.00338    17.11.2023-17.11.2026
49868,Товары военного назначения не входят в единый перечень продукции подлежащей обязательной сертификации  ТР  ТС 017/2011  Письмо № СИО-05-10/1711 от 08.09.2023г
49871,ЕАЭС KZ  3510396.13.12.00341    17.11.2023-16.11.2028
49872,KZ  3510396.01.01.00319  08.09.2023-04.09.2027
49873,KZ 3510396. 01.01.00159
49874,ROCC RU C-KZ C 312.B.00052/20  8.11.2020-17.11.2023
49875,ЕАЭС KZ  3510396.01.01.00322 22.09.2023-30.12.2025
49876,ЕАЭС KZ3510396.13.12.00320   08.09.2023-13.04.2027
49877,ROCC RU C-KZ.C312. B.00076/22
49878,ЕАЭС KZ 7500361.01.01.06302 22.09.2023-05.05.2026
49879,ЕАЭС KZ 7500361.01.01.06301 22.09.2023-05.05.2026
49880,ЕАЭС KG417/01.06. Д.0009807  18.03.2020-17.03.2025
49881,ROCC RU.C312.Н17911
49882,KZ3510396.01.01.00136 от 08.09.2023-01.08.2025
49886,с/с ROCC RU  C 312.Н.18021 от 18.07.2023 -17.07.2026
49887,KZ3510396.01.01.00137 от 08.09.2023-01.08.2025
49888,KZ3510396.01.01.00140 от 08.09.2023-01.08.2025
49889,"Письмо о необязательной сертификации продукции 
№ KZ/1727/24 ОТ 24.05.2024г"
49890,"д/с ЕАЭС KZ7500651.12.12.20136
от 24.05.2024 по срок не установлен"
49891,С/с KZ3510396.01.01.00157
49893,Свидетельство о соответствии транспортного средства с внесенными в его конструкцию изменениями требованиями безопасности KZ 12 № 0061793 от 12.07.2023г. Письмо № 04–22/277 от 31.08.2023г. от АО «Национальный центр экспертизы и сертификации» Акмолинский филиал.
49894,Свидетельство о соответствии транспортного средства с внесенными в его конструкцию изменениями требованиями безопасности KZ 12 № 0061792 от 12.07.2023г. Письмо № 04–22/277 от 31.08.2023г. от АО «Национальный центр экспертизы и сертификации» Акмолинский филиал.
50672,KZ 7500651.13.12.24671
50673,KZ.7500651.01.01.02987
49895,Свидетельство о соответствии транспортного средства с внесенными в его конструкцию изменениями требованиями безопасности KZ 12 № 0061790 от 12.07.2023г. Письмо № 04–22/277 от 31.08.2023г. от АО «Национальный центр экспертизы и сертификации» Акмолинский филиал.
49896,Свидетельство о соответствии транспортного средства с внесенными в его конструкцию изменениями требованиями безопасности  KZ 12 № 0061791 от 12.07.2023г. Письмо № 04–22/277 от 31.08.2023г. от АО «Национальный центр экспертизы и сертификации» Акмолинский филиал.
49897,Свидетельство о соответствии транспортного средства с внесенными в его конструкцию изменениями требованиями безопасности KZ 12 №0063566 от 31.08.2023г. Письмо №04-23/403 от 05.12.2023г от АО «Национальный центр экспертизы и сертификации» Акмолинский филиал
49898,Свидетельство о соответствии транспортного средства с внесенными в его конструкцию изменениями требованиями безопасности KZ 12 №0063043 от 16.08.2023г. Письмо №04-23/403 от 05.12.2023г от АО «Национальный центр экспертизы и сертификации» Акмолинский филиал
49899,№ ЕАЭС KZ 7500533.13.12.04053 от 21.08.2024
49900,ЕАЭС KZ 7500533.13.12.04588 от 18.04.2024
49901,Декларация о соответствии ЕАЭС № ЕАЭС KZ 7500430.13.12.01155 от 04.10.2024
49902,Декларация о соответствии ЕАЭС № ЕАЭС KZ 7500430.13.12.01158 от 04.10.2024
49903,Декларация о соответствии ЕАЭС № ЕАЭС KZ 7500430.13.12.01156 от 04.10.2024
49904,Декларация о соответствии ЕАЭС № ЕАЭС KZ 7500430.13.12.01157 от 04.10.2024
49905,Декларация о соответствии ЕАЭС N RU Д-KZ.РА05.В.10526/24 от 14.06.2024
49906,Декларация о соответствии ЕАЭС N RU Д-KZ.PA05.B.10453/24 от 14.06.2024
49907,"Сертификат
KZ 7100934.01.01.02497
18.09.23 – 18.09.24"
49908,"Сертификат
KZ 5510317.01.01.00514
31.01.23 – 31.01.24"
49909,"Сертификат
KZ 5510317.01.01.00512
31.01.23 – 31.01.24"
49910,"Сертификат
KZ 5510317.01.01.00515
31.01.23 – 31.01.24"
49912,"Сертификат
KZ 5510317.01.01.00679
21.08.23 – 21.08.24"
49913,"Сертификат
KZ 5510317.01.01.00532
28.02.23 – 28.02.24"
49914,"Сертификат
KZ 5510317.01.01.00531
28.02.23 – 28.02.24"
49915,"Сертификат
KZ 5510317.01.01.00513
31.01.23 – 31.01.24"
49916,"Сертификат
KZ 7100934.01.01.02546
25.09.23 – 25.09.24"
49917,"Сертификат
KZ 7100934.01.01.02498
18.09.23 – 18.09.24"
49918,"Декларация
KZ 5510317.13.12.01224
07.03.23 – 07.03.24"
49919,"Декларация
KZ 5510317.13.12.01313
18.04.23 – 18.04.24"
49920,Информационное письмо № 231122-05
49932,№ ЕАЭС KZ 3910317.01.01.00122
49933,№ ЕАЭС KZ 3910317.13.12.01324
49935,№ ЕАЭС KZ 3910317.13.12.01321
49936,№ ЕАЭС KZ 3910317.01.01.00123
49938,№ ЕАЭС KZ 3910317.13.12.01320
49939,№ЕАЭС KZ 3910317.13.12.01477
49940,№ЕАЭС KZ 3910317.13.12.01319
49941,№ЕАЭС KZ 3910317.13.12.01369
49942,№ ЕАЭС KZ 3910317.01.01.00120
49943,№ ЕАЭС KZ 3910317.01.01.00130
49944,№ ЕАЭС KZ 3910317.13.12.01322
49945,№ ЕАЭС KZ 3910317.13.12.01528
49946,№ ЕАЭС KZ 3910317.01.01.00374
49947,№ ЕАЭС KZ 3910317.01.01.00373
49948,№ ЕАЭС KZ 3910317.13.12.01316
49965,Декларация о соответствии № ЕАЭС KZ 3910317.13.12.02668
49969,№ ЕАЭС KZ 7500651.13.12.24159
49999,№ ЕАЭС KZ 7500651.13.12.24157
50008,№ ЕАЭС KZ 7500651.01.01.10608
50020,"Свидетельство о соответствии предприятия требованиям Российского морского регистра судоходства №22.44.01.00326.143, выдано 04 августа 2022 года, дата окончания – 04 августа 2027 года. Орган выдачи:  «Российский Морской Регистр Судоходства»."
50046,№ ЕАЭС KZ 7500651.13.12.25347
50059,"№ ЕАЭС KZ 7500651.13.12.24693
с 04.12.2024 г. до 04.12.2027 г."
50062,Сертификат соответствия №ТС RU C-KZ.HA10.B.02123
50063,Декларация о соответствии KZ.7100749.24.01.10013 от 17.06.2021г.
50064,Декларация о соответствии KZ.7100749.24.01.10008 от 17.06.2021г.
50065,Декларация о соответствии KZ.7100749.24.01.10009 от 17.06.2021г.
50066,Декларация о соответствии KZ.7100749.24.01.10010 от 17.06.2021г.
50067,"Декларация о соответствии KZ.7100749.24.01.10012
от 17.06.2021г."
50068,Сертификат соответствия №ЕАЭС RU C-KZ.АЖ38.В.00128/19
50073,Декларация о соответствии ЕАЭС ЕАЭС KG417/036.Д.0000826 от 27.10.2021г.
50084,Декларация о соответствии ЕАЭС KG 417/033.Д.0010624 от 13.03.2023г.
50091,Информационное письмо №041223-03 от 04.12.2023 ТОО Фирма Торговая Палата
50092,Декларация о соответствии  ЕАЭС KZ 7500533.13.12.00903
50094,ЕАЭС КZ 7100317.13.12.05280
50103,ЕАЭС KZ 7100317.13.12.05279
50134,KZ 5110317.13.12.00701
50143,Сертификат соответствия KZ.3110317.01.01.00404
50144,Сертификат соответствия KZ.3110317.01.01.00403
50675,KZ.7500651.01.01.02988
50145,Сертификат соответствия ЕАЭС KZ 7500401.01.01. 02284
50146,Сертификат соответствия ЕАЭС KZ 7500401. 01.01.02287 с 01.03.2023 г по 01.03.2026 г.
50147,Сертификат соответствия ЕАЭС KZ 7500401. 01.01.02278 с 01.03.2023 г по 01.03.2026 г.
50148,Сертификат соответствия ЕАЭС KZ 7500401. 01.01.02280 с 01.03.2023 г по 01.03.2026 г.
50149,Сертификат соответствия ЕАЭС KZ 7500401. 01.01.02283 с 01.03.2023 г по 01.03.2026 г.
50150,Сертификат соответствия ЕАЭС KZ 7500401. 01.01.02288 с 01.03.2023 г по 01.03.2026 г.
50151,Сертификат соответствия ЕАЭС KZ 7500401. 01.01.02282 с 01.03.2023 г по 01.03.2026 г.
50152,Сертификат соответствия ЕАЭС KZ 7500401. 01.01.02277 с 01.03.2023 г по 01.03.2026 г.
50153,Сертификат соответствия ЕАЭС KZ 3110317.01.01.00093
50154,Сертификат соответствия ЕАЭС KZ 7500401. 01.01.02279
50155,Сертификат соответствия ЕАЭС KZ 7500401. 01.01.02281
50156,Сертификат соответствия ЕАЭС KZ 7500401. 01.01.02289
50157,Сертификат соответствия ЕАЭС KZ 7500401. 01.01.03450
50163,Сертификат соответствия ЕАЭС KZ 7500401. 01.01.03451
50167,Сертификат соответствия ЕАЭС KZ 7500401. 01.01.03452
50170,Сертификат соответствия ЕАЭС KZ 7500401. 01.01.03453
50171,Декларация о соответствии ЕАЭС KZ 7500401.13.12.03567
50178,Декларация о соответствии ЕАЭС KZ 7500401.13.12.03568
50182,Декларация о соответствии ЕАЭС KZ 7500401.13.12.03569
50183,Декларация о соответствии ЕАЭС KZ 7500401.13.12.03566
50189,Декларация о соответствии ЕАЭС KZ ЕАЭС KZ 7500401.13.12.03914
50190,письмо АО «Национальный центр экспертизы и стандартизации» Жамбылский филиал № 06П-3/415 от 07.10.24г.
50191,ЕАЭС KZ.7500533.01.01.00293
50195,№ЕАЭС KZ5110317.13.12.00301 от 13.12.2021г по 13.12.2022 г
50201,№ЕАЭС KZ5110317.01.01.00035 от 13.12.2021г по 13.12.2022 г
50216,№ЕАЭС KZ5110317.01.01.00036 от 13.12.2021г по 13.12.2022 г
50219,№ЕАЭС KZ5110317.13.12.00300 от 13.12.2021г по 13.12.2022 г
50255,№ЕАЭС KZ5110317.13.12.00668 от 22.10.2022 по 22.10.2023 г
50256,№ЕАЭС KZ5110317.13.12.00668 от 22.10.2022 по 22.10.2023 г.
50294,№ЕАЭС KZ5110317.13.12.00667 от 22.10.2022 по 22.10.2023 г.
50302,№ЕАЭС KZ5110317.01.01.00062 от 22.10.2022 по 22.10.2023 г.
50307,№ЕАЭС KZ5110317.01.01.00061 от 22.10.2022 по 22.10.2023 г.
50362,№ЕАЭС KZ3110317.13.12.00115 от 23.09.2022 по 23.09.2023 г.
50367,"ЕАЭС KZ 3110317.13.12.00267
С 27.09.2023 г. по 27.09.2024 г"
50414,Декларация о соответствии №ЕАЭС KZ 7500802.13.12.02091 от 25.07.2024г до 25.07.2027г.
50422,Декларация о соответствии №ЕАЭС KZ 7500802.13.12.02091 от 25.07.2024г до 25.07.2027г
50429,Декларация о соответствии №ЕАЭС KZ 7500802.13.12.02091 от 25.07.2024г. до 25.07.2027г
50528,Исх.№0046/2024 –ОПС от 09.01.2024г.
50529,Информационное письмо №1081/11 от 05.09.2024г.
50546,Информационное письмо Исх. №0082/2025-ОПС от 10.01.2025г.
50550,"Письмо Нацэкс
365/11
от 13.03.2024 г."
50561,Декларация о соответствии №ЕАЭС KZ 7500533.13.12.05150 от 16.10.2024г по 15.10.2025г.
50563,Сертификат о соответствии №ЕАЭС KZ 7500430.01.01.000087 от 21.10.2024г по 21.10.2025г.
50564,"Сертификат о соответствии №ЕАЭС KG417/044.KZ.02.00581 от 04.11.2024г по 03.11.2027г.
Отказное письмо №05-01/01-1658 от 07.11.2024г.  Отказное письмо ПФ АО «НацЭкС» №05-01-09/44 от 20.01.2025г.
Отказное письмо ОПС «ОТАН-СЕКЬЮРИТИ» №9 от 17.01.2025г.
Отказное письмо ТОО «Ғылыми Зерттеу Орталығы «АЛМАТЫ-СТАНДАРТ» №19 от 20.01.2025г."
50565,"ЕАЭС KZ 7500651.01.01.10255 
06.10.2024-05.10.2029"
50566,ЕАЭС KZ 7500651.01.01.10255
50567,ЕАЭС KZ 7500651.01.01.10256
50568,"ЕАЭС KZ 7500651.01.01.10256 
06.10.2024-05.10.2029"
50569,"ЕАЭС KZ 7500651.13.12.23413 
05.10.2024-05.10.2027"
50570,"ЕАЭС KZ 7500651.01.01.10259 
06.10.2024-05.10.2029"
50571,"ЕАЭС KZ 7500651.01.01.10258 
06.10.2024-05.10.29"
50572,"ЕАЭС KZ 7500651.13.12.23414 
05.10.2024-04.10.2029"
50574,"ЕАЭС KZ 7500651.13.12.23415 
05.10.2024-04.10.2029"
50575,"ЕАЭС KZ 7500651.13.12.23416 
05.10.2024-04.10.2029"
50576,ЕАЭС KZ 7500651.13.12.04305
50577,"ЕАЭС KZ 7500651.13.12.23417 
05.10.2024-05.10.2027"
50579,"ЕАЭС KZ 7500651.13.12.23418 
05.10.2024-05.10.2027"
50580,"ЕАЭС KZ 7500651.01.01.10260 
06.10.2024-06.10.2027"
50581,"ЕАЭС KZ 7500361.13.12.20060 
21.06.2024-19.06.2029"
50582,"ЕАЭС KZ 7500361.01.01.08152 
25.06.2024-24.06.2029"
50584,"ЕАЭС KZ 7500651.13.12.23419 
05.10.2024-05.10.2027"
50586,"ЕАЭС KZ 7500651.13.12.23420 
05.10.2024-05.10.2027"
50587,"ЕАЭС KZ 7500651.13.12.23421 
05.10.2024-04.10.2029"
50588,"ЕАЭС KZ 7500651.13.12.23422 
05.10.2024-05.10.2027"
50590,ЕАЭС KG417/032.Д.0002941
50663,Сертификат соответствия № KZ.7500317.01.01.02360
50667,KZ.7500651.01.01.02984
50668,KZ 7500651.13.12.24669
50669,KZ 7500651.13.12.24670
50670,KZ.7500651.01.01.02985
50671,KZ.7500651.01.01.02986
50676,KZ 7500651.13.12.24672
50677,KZ.7500651.01.01.02989
50681,KZ 7500651.13.12.24673
50682,KZ.7500651.01.01.02980
50683,KZ 7500651.13.12.24680
50684,KZ.7500651.01.01.02981
50685,KZ.7500651.01.01.02982
50686,KZ.7500651.01.01.02983
50687,KZ 7500651.13.12.24679
50688,KZ 7500651.13.12.24678
50689,"Декларация о соответствии
ЕАЭС KZ 3510317.13.12.02078"
50690,"Декларация о соответствии
ЕАЭС KZ 3510317.13.12.02079"
50691,"Сертификат  соответствии
ЕАЭС KZ 3510317.05.01.01904"
50692,"Декларация о соответствии
ЕАЭС KZ 3510317.13.12.02047"
50693,"Сертификат  соответствии
ЕАЭС KZ 3510317.05.01.01902"
50694,Информационное письмо №2-3/106 от 24.01.2024г.
50717,Информационное письмо №2-3/878 от 09.09.2024г.
50720,"Сертификат соответствия
№ KZ.7500669.01.01.01967"
50723,Декларация о соответствии ЕАЭС KZ 3110309.13.12.02981 от 17.01.2025
50724,Декларация о соответствии ЕАЭС KZ 3110309.13.12.02983 от 17.01.2025
50725,Декларация о соответствии ЕАЭС KZ 3110309.13.12.02984 от 17.01.2025
50726,Декларация о соответствии ЕАЭС KZ 3110309.13.12.02982 от 17.01.2025
50727,Декларация о соответствии ЕАЭС KZ 3110309.13.12.02980 от 17.01.2025
50728,Декларация о соответствии ЕАЭС KZ 3110309.13.12.02986 от 17.01.2025
50729,Декларация о соответствии ЕАЭС KZ 3110309.13.12.02985 от 17.01.2025
50730,№ ЕАЭС KZ 3510317.01.01.01173
50731,№ ЕАЭС KZ 3510317.01.01.01177
50732,№ ЕАЭС KZ 3510317.01.01.01175
50733,№ ЕАЭС KZ 3510317.01.01.01174
50734,№ ЕАЭС KZ 3510317.01.01.01176
50744,KG 417/035.Д.0017363 от 23.10.2023 г. по 23.10.2028г
50747,Декларация о соответствии № ЕАЭС KZ 3110317.13.12.00452 от 18.09.2024г. по 18.09.2025г.
50757,Декларация о соответствии № ЕАЭС KZ 3110317.13.12.00452от 18.09.2024г. по 18.09.2025г.
50767,0103333 от 16.11.2023
50773,"KZ.5510317.01.01.00480, 09.12.2022 года по 09.12.2023 года"
50774,"KZ.5510317.01.01.00484,
09.12.2022 года по 
01.09.2023 года"
50775,"KZ.5510317.01.01.00481,
09.12.2022 года по 09.12.2023 года"
50776,"KZ.5510317.01.01.00486,
09.12.022 года по 09.12.2023 года"
50777,"KZ.5510317.01.01.00482,
09.12.2022 года по 
09.12.2023 года"
50778,"KZ.5510317.01.01.00518,
08.02.2023 года по 13.12.2023 года"
50779,"KZ.5510317.13.12.01087,
27.12.2022 года по 27.12.2023 года"
50780,"KZ.5510317.01.01.00485,
09.12.2022  года по 09.12.2023 года"
50781,Письмо исх. № 163 от 03.12.2024г
50785,ЕАЭС KZ 7500937.01.01.00869
50803,Сертификат Соответствия № ЕАЭС KZ7500196.05.01.02855 срок действия 06.12.2024 по 05.12.2029
50804,Сертификат Соответствия № ЕАЭС KZ7500196.05.01.02856 срок действия 06.12.2024 по 05.12.2029
50805,Сертификат Соответствия № ЕАЭС KZ7500196.05.01.02857 срок действия 06.12.2024 по 05.12.2029
50806,№ ТС KZ E-KZ.0317.00150.P3; 13.05.2024 - 12.05.2027
50807,№ TC KZ E-KZ.0317.00098.П1.P1; 29.09.2023 - 25.03.2026
50808,№ TC KZ E-KZ.0317.00099; 27.03.2020 - бессрочно
50809,№ TC KZ E-KZ.0317.00277;24.10.2023 - 23.10.2026
50810,№ TC KZ E-KZ.0317.00097.P1; 19.07.2022 - 18.07.2025
50811,№ ТС KZ E-KZ 0317.00244; 03.02.2023 -бессрочно
50812,№ ТС KZ E-KZ 0317.00259; 31.05.2023-бессрочно
50813,№ ТС KZ E-KZ 0317.00348; 15.04.2024-бессрочно
50814,№ TC KZ E-KZ.0317.00207; 28.03.2022-бессрочно
50815,№ TC KZ E-KZ.0317.00229.Р1; 11.12.2023-15.08.2026
50816,№ TC KZ E-KZ.0317.00243.Р1; 29.12.2023-28.12.2026
50817,№ TC KZ E-KZ.0317.00349; 28.05.2024-бессрочно
50818,№ TC KZ E-KZ.0317.00283; 23.10.2023-22.10.2026
50819,№ ТС KZ E-KZ.0317.00140.P1; 05.12.2023-04.12.2026
50821,№ ТС KZ E-KZ.0317.00165; 11.08.2021-бессрочно
50822,№ ТС RU E-KZ.АБ.58.00012.Р5; 11.11.2023-10.11.2026
50825,№ ТС RU E-KZ. АБ58.00467.Р6; 16.02.2024-17.01.2027
50830,№ ТС RU E-KZ.АБ58.00013.П2; 29.12.2022-28.12.2025
50831,№ ТС RU Е-KZ.0317.00115.P3; 26.06.2023-25.06.2026
50832,№ ТС KZ Е-KZ.0317.00158.P2; 26.06.2023-25.06.2026
50833,ТС RU Е-KZ.АБ58.00957; 17.08.2020-бессрочно
50834,№ ТС RU E-KZ. MT25.00117.Р2; 07.07.2022-06.07.2025
50836,№ ТС RU Е-KZ.АБ58.00982.Р2; 23.08.2023-22.08.2026
50839,№ ТС RU Е-KZ.АБ58.01118.P1; 29.03.2024-28.03.2027
50843,№ ТС RU Е-KZ.АБ58.00556.П1P1; 20.06.2023-19.06.2026
50849,№ ТС RU Е-KZ.АБ58.01108.Р2; 28.01.2022-20.12.2024
50854,№ ТС RU Е-KZ.0317.00306.Р1; 06.05.2024-05.05.2027
50855,№ ТС RU Е-KZ.АБ58.01313; 25.04.2024-24.04.2027
50862,№TC RU K-KZ.АБ58.00467.Р6; 16.02.2024-17.01.2027
50866,№ТС RU Е-RU.ГА06.00344.Р3И1; 20.06.2020-бессрочно
50868,№TC RU E-RU.MT02.00286. P14; 09.12.2022-08.12.2025
50869,№TC RU E-RU.MT02.00285. P12; 09.12.2022-08.12.2025
50870,№TC RU E-RU.MT02.00245. P16И1; 25.03.2022-24.02.2025
50871,№TC KZ A-CN.0840.09433; 01.07.2020-01.07.2025
50872,№ TC KZ E-KZ.0317.00188; 01.02.2022-31.01.2025
50873,№ TC KZ E-KZ.0317.00191.Р1; 19.02.2024-13.03.2025
50874,№ TC KZ E-KZ.0317.00200.P2; 24.10.2023-11.05.2025
50875,№ TC KZ E-KZ.0317.00213.Р2; 19.12.2023-07.04.2025
50877,№ TC KZ E-KZ.0317.00203; 29.03.2022-28.03.2025
50878,№ TC KZ E-KZ.0317.00204.Р1; 07.04.2023-03.04.2025
50879,№ TC KZ E-KZ.0317.00212.P1; 03.02.2023-20.04.2025
50880,№ TC KZ E-KZ.0317.00211.P1; 17.06.2024-11.04.2025
50881,№ TC KZ E-KZ.0317.00246; 12.05.2023-11.05.2026
50888,№ TC KZ E-KZ.0317.00255; 30.05.2023-29.05.2026
50890,№ TC KZ E-KZ.0317.00268; 31.07.2023-30.07.2026
50893,№ TC KZ E-KZ.0401.00069; 31.10.2022-30.10.2025
50894,№ TC KZ E-KZ.0317.00272; 24.11.2023-23.11.2026
50895,№ TC KZ E-KZ.0317.00344.Р1; 02.09.2024-01.09.2027
50896,№ TC KZ E-KZ.0317.00271.P1; 22.11.2023-21.11.2026
50897,№ TC KZ E-KZ.0317.00337; 08.04.2024-07.04.2025
50898,№TC KZ E-KZ.0317.00215; 30.05.2022-29.05.2025
50899,№ TC KZ E-KZ.0317.00242.P2.И1; 05.02.2024-18.01.2027
50902,№ TC KZ E-KZ.0317.00334; 12.03.2024-11.03.2025
50903,№ TC KZ E-KZ.0317.00264.P1; 11.01.2024-10.01.2027
50904,№ TC KZ E-KZ.0317.00265.P1; 11.01.2024-10.01.2027
50906,№ TC KZ E-KZ.0317.00361; 07.08.2024-06.08.2027
50907,№ TC KZ E-KZ.0317.00331; 11.03.2024-10.03.2025
50908,№ TC KZ E-KZ.0317.00363.Р1; 21.10.2024-04.07.2025
50909,№ TC KZ E-KZ.0317.00377; 28.10.2024-27.10.2027
50910,№ TC KZ E-KZ.0317.00325.P1; 29.03.2024-28.03.2027
50911,№ TC KZ E-KZ.0317.00336; 08.04.2024-07.04.2027
50912,№ TC KZ E-KZ.0317.00332.P1; 06.05.2024-05.05.2027
50913,№ TC KZ E-KZ.0317.00359; 22.05.2024-21.05.2027
50933,KZ 5510317.13.12.01345 от 27.04.2023 г. по  27.04.2024 г.
50958,KZ 5510317.13.12.01351 от 28.04.2023 г. по 28.04.2024 г.
50967,не подлежит обязательной оценки согласно п.4 ТР ТС 017
50999,"СЕРТИФИКАТ СООТВЕТСТВИЯ
№ KZ.7500651.01.01.02564"
51001,"СЕРТИФИКАТ СООТВЕТСТВИЯ
№ KZ.7500651.01.01.02565"
51002,"СЕРТИФИКАТ СООТВЕТСТВИЯ
№ KZ.7500651.01.01.02566"
51003,"СЕРТИФИКАТ СООТВЕТСТВИЯ
№ KZ.7500651.01.01.02568"
51004,"ЕВРАЗИЙСКИЙ ЭКОНОМИЧЕСКИЙ СОЮЗ
ДЕКЛАРАЦИЯ О СООТВЕТСТВИИ
№ ЕАЭС KZ 7500651.13.12.19903"
51005,"ЕВРАЗИЙСКИЙ ЭКОНОМИЧЕСКИЙ СОЮЗ
ДЕКЛАРАЦИЯ О СООТВЕТСТВИИ
№ ЕАЭС KZ 7500651.13.12.19908"
51006,"ЕВРАЗИЙСКИЙ ЭКОНОМИЧЕСКИЙ СОЮЗ
ДЕКЛАРАЦИЯ О СООТВЕТСТВИИ
№ ЕАЭС KZ 7500651.13.12.19910"
51007,"ЕВРАЗИЙСКИЙ ЭКОНОМИЧЕСКИЙ СОЮЗ
ДЕКЛАРАЦИЯ О СООТВЕТСТВИИ
№ ЕАЭС KZ 7500651.13.12.19913 от 04.05.2024 г. до 03.05.2029г."
51008,"ЕВРАЗИЙСКИЙ ЭКОНОМИЧЕСКИЙ СОЮЗ
ДЕКЛАРАЦИЯ О СООТВЕТСТВИИ
№ ЕАЭС KZ 7500651.13.12.19914 от 04.05.2024 г. до 04.05.2027г."
51009,"ЕВРАЗИЙСКИЙ ЭКОНОМИЧЕСКИЙ СОЮЗ
ДЕКЛАРАЦИЯ О СООТВЕТСТВИИ
№ ЕАЭС KZ 7500651.13.12.19915 от 04.05.2024 г. до 03.05.2029г."
51010,"ЕВРАЗИЙСКИЙ ЭКОНОМИЧЕСКИЙ СОЮЗ
ДЕКЛАРАЦИЯ О СООТВЕТСТВИИ
№ ЕАЭС KZ 7500651.13.12.19916 от 04.05.2024 г. до 04.05.2027г."
51011,"ЕВРАЗИЙСКИЙ ЭКОНОМИЧЕСКИЙ СОЮЗ
ДЕКЛАРАЦИЯ О СООТВЕТСТВИИ
№ ЕАЭС KZ 7500651.13.12.19917 от 04.05.2024 г. до 03.05.2029г."
51013,"ЕВРАЗИЙСКИЙ ЭКОНОМИЧЕСКИЙ СОЮЗ
ДЕКЛАРАЦИЯ О СООТВЕТСТВИИ
№ ЕАЭС KZ 7500651.13.12.19920 от 04.05.2024 г. до 03.05.2029г."
51014,"ЕВРАЗИЙСКИЙ ЭКОНОМИЧЕСКИЙ СОЮЗ
ДЕКЛАРАЦИЯ О СООТВЕТСТВИИ
№ ЕАЭС KZ 7500651.13.12.19921 от 04.05.2024 г. до 03.05.2029г."
51015,"ЕВРАЗИЙСКИЙ ЭКОНОМИЧЕСКИЙ СОЮЗ
ДЕКЛАРАЦИЯ О СООТВЕТСТВИИ
№ ЕАЭС KZ 7500651.13.12.19932 от 04.05.2024 г. до 05.05.2029г."
51016,"ЕВРАЗИЙСКИЙ ЭКОНОМИЧЕСКИЙ СОЮЗ
ДЕКЛАРАЦИЯ О СООТВЕТСТВИИ
№ ЕАЭС KZ 7500986.13.12.12060 от 10.05.2024 г. до 10.05.2027г."
51018,"ЕВРАЗИЙСКИЙ ЭКОНОМИЧЕСКИЙ СОЮЗ
ДЕКЛАРАЦИЯ О СООТВЕТСТВИИ
№ ЕАЭС KZ 7500986.13.12.12061 от 10.05.2024 г. до 10.05.2027г."
51019,"ЕВРАЗИЙСКИЙ ЭКОНОМИЧЕСКИЙ СОЮЗ
Сертификат соответствия
№ ЕАЭС KZ 7500986.01.01.10420 от 10.05.2024 г. до 10.05.2027г."
51022,"ЕВРАЗИЙСКИЙ ЭКОНОМИЧЕСКИЙ СОЮЗ
Сертификат соответствия
№ ЕАЭС KZ 7500986.01.01.10419 от 10.05.2024 г. до 10.05.2027г."
51023,"ЕВРАЗИЙСКИЙ ЭКОНОМИЧЕСКИЙ СОЮЗ
Сертификат соответствия
№ ЕАЭС KZ 7500651.01.01.08810 от 10.05.2024 г. до 09.05.2029г."
51024,"ЕВРАЗИЙСКИЙ ЭКОНОМИЧЕСКИЙ СОЮЗ
Сертификат соответствия
№ ЕАЭС KZ 7500651.01.01.08796 от 04.05.2024 г. до 03.05.2029г."
51026,"ЕВРАЗИЙСКИЙ ЭКОНОМИЧЕСКИЙ СОЮЗ
Сертификат соответствия
№ ЕАЭС KZ 7500651.01.01.08794 от 04.05.2024 г. до 03.05.2029г."
51027,"ЕВРАЗИЙСКИЙ ЭКОНОМИЧЕСКИЙ СОЮЗ
Сертификат соответствия
№ ЕАЭС KZ 7500651.01.01.08809 от 10.05.2024 г. до 09.05.2029г."
51028,"ЕВРАЗИЙСКИЙ ЭКОНОМИЧЕСКИЙ СОЮЗ
Сертификат соответствия
№ ЕАЭС KZ 7500651.01.01.08793 от 04.05.2024 г. до 03.05.2029г."
51030,"ЕВРАЗИЙСКИЙ ЭКОНОМИЧЕСКИЙ СОЮЗ
Сертификат соответствия
№ ЕАЭС KZ 7500651.01.01.08808 от 10.05.2024 г. до 09.05.2029г."
51031,"ЕВРАЗИЙСКИЙ ЭКОНОМИЧЕСКИЙ СОЮЗ
Сертификат соответствия
№ ЕАЭС KZ 7500651.01.01.08795 от 04.05.2024 г. до 03.05.2029г."
51033,"ЕВРАЗИЙСКИЙ ЭКОНОМИЧЕСКИЙ СОЮЗ
ДЕКЛАРАЦИЯ О СООТВЕТСТВИИ
№ ЕАЭС KZ 7500651.13.12.20066 от 17.05.2024 г. до 17.05.2027г."
51246,"KZ.7500361.24.01.05544, 02.03.2021 г., 26.11.2025 г."
51249,"KZ.7500361.24.01.05555, 28.04.2021 г., 27.04.2024 г."
51034,Не подлежит подтверждению соответствия в виде обязательной декларирования или обязательной сертификации письмо исх. № 14 от 17.01.2025 г.
51035,"ЕВРАЗИЙСКИЙ ЭКОНОМИЧЕСКИЙ СОЮЗ
ДЕКЛАРАЦИЯ О СООТВЕТСТВИИ
№ ЕАЭС KZ  7500651.13.12.25386
 от 17.01.2025 г. до 17.01.2028г."
51042,"ЕВРАЗИЙСКИЙ ЭКОНОМИЧЕСКИЙ СОЮЗ
ДЕКЛАРАЦИЯ О СООТВЕТСТВИИ
№ ЕАЭС KZ 7500651.13.12.25385
 от 17.01.2025 г. до 17.01.2028г."
51054,"СЕРТИФИКАТ СООТВЕТСТВИЯ
№ ЕАЭС KZ.7500651.01.01.11190 от 17.01.2024 г. по 17.01.2028 г."
51055,"ЕВРАЗИЙСКИЙ ЭКОНОМИЧЕСКИЙ СОЮЗ
ДЕКЛАРАЦИЯ О СООТВЕТСТВИИ
№  ЕАЭС KZ 7500651.13.12.25384
 от 17.01.2025 г. до 17.01.2028г."
51056,"СЕРТИФИКАТ СООТВЕТСТВИЯ
№ ЕАЭС KZ.7500651.01.01.11189 от 17.01.2024 г. по 17.01.2028 г."
51057,"СЕРТИФИКАТ СООТВЕТСТВИЯ
№ ЕАЭС KZ.7500651.01.01.11188 от 17.01.2024 г. по 16.01.2030 г."
51058,"ЕВРАЗИЙСКИЙ ЭКОНОМИЧЕСКИЙ СОЮЗ
ДЕКЛАРАЦИЯ О СООТВЕТСТВИИ
№  ЕАЭС KZ 7500651.13.12.25387
 от 17.01.2025 г. до 17.01.2028г."
51059,"ЕВРАЗИЙСКИЙ ЭКОНОМИЧЕСКИЙ СОЮЗ
ДЕКЛАРАЦИЯ О СООТВЕТСТВИИ
№ ЕАЭС KZ 7500651.13.12.25388
 от 17.01.2025 г. до 17.01.2028г."
51060,"ЕВРАЗИЙСКИЙ ЭКОНОМИЧЕСКИЙ СОЮЗ
ДЕКЛАРАЦИЯ О СООТВЕТСТВИИ
№ ЕАЭС KZ 7500651.13.12.25389
 от 17.01.2025 г. до 16.01.2030г."
51061,"ЕВРАЗИЙСКИЙ ЭКОНОМИЧЕСКИЙ СОЮЗ
ДЕКЛАРАЦИЯ О СООТВЕТСТВИИ
№ ЕАЭС KZ 7500651.13.12.25390
 от 17.01.2025 г. до 17.01.2028г."
51062,"СЕРТИФИКАТ СООТВЕТСТВИЯ
№ ЕАЭС KZ.7500651.01.01.11187 от 17.01.2024 г. по 16.01.2030 г."
51063,"ЕВРАЗИЙСКИЙ ЭКОНОМИЧЕСКИЙ СОЮЗ
ДЕКЛАРАЦИЯ О СООТВЕТСТВИИ
№ ЕАЭС KZ 7500651.13.12.25460
 от 20.01.2025 г. до 20.01.2028г."
51064,"ЕВРАЗИЙСКИЙ ЭКОНОМИЧЕСКИЙ СОЮЗ
ДЕКЛАРАЦИЯ О СООТВЕТСТВИИ
№ ЕАЭС KZ 7500651.13.12.25459
 от 20.01.2025 г. до 20.01.2028г."
51065,"ЕВРАЗИЙСКИЙ ЭКОНОМИЧЕСКИЙ СОЮЗ
ДЕКЛАРАЦИЯ О СООТВЕТСТВИИ
№ ЕАЭС KZ 7500651.13.12.25357
 от 17.01.2025 г. до 17.01.2028г."
51066,"ЕВРАЗИЙСКИЙ ЭКОНОМИЧЕСКИЙ СОЮЗ
ДЕКЛАРАЦИЯ О СООТВЕТСТВИИ
№ ЕАЭС KZ 7500651.13.12.25355
 от 17.01.2025 г. до 17.01.2028г."
51067,"ЕВРАЗИЙСКИЙ ЭКОНОМИЧЕСКИЙ СОЮЗ
ДЕКЛАРАЦИЯ О СООТВЕТСТВИИ
№ ЕАЭС KZ 7500651.13.12.25354
 от 17.01.2025 г. до 17.01.2028г."
51068,"ЕВРАЗИЙСКИЙ ЭКОНОМИЧЕСКИЙ СОЮЗ
ДЕКЛАРАЦИЯ О СООТВЕТСТВИИ
№ ЕАЭС KZ 7500651.13.12.25356
 от 17.01.2025 г. до 17.01.2028г."
51070,"СЕРТИФИКАТ СООТВЕТСТВИЯ
№ ЕАЭС KZ.7500651.01.01.11191 от 17.01.2024 г. по 17.01.2028 г."
51071,№ ЕАЭС KZ 7500986.01.01.14028 от 14.01.2025 по 14.01.2026
51072,№ ЕАЭС KZ 7500986.01.01.14031 от 14.01.2025 по 14.01.2026
51073,№ ЕАЭС KZ 7500986.01.01.14030 от 14.01.2025 по 14.01.2026
51074,№ ЕАЭС KZ 7500986.01.01.14029 от 14.01.2025 по 14.01.2026
51075,KZ.7500669.01.01.01047
51076,KZ.7500669.01.01.01046  13.03.2023 – 31.01.2026 г
51077,KZ.7500669.01.01.01045  13.03.2023 – 31.01.2026 г
51078,KZ.7500669.01.01.01044   13.03.2023 - 31.01.2026 г
51079,KZ.7500669.01.01.01053 13.03.2023 – 31.01.2026 г
51080,KZ.7500669.01.01.01049 13.03.2023 – 31.01.2026 г
51081,KZ.7500669.01.01.01077  28.03.2023 – 31.01.2026 г
51082,KZ.7500169.22.01.00662  30.12.2020-30.12.2025 г
51085,KZ.7500669.01.01.01048  13.03.2023-31.01.2026 г
51086,KZ.7500169.22.01.00673  02.04.2021-02.04.2026 г
51087,KZ.7500669.01.01.01050 13.03.2023-31.01.2026 г
51088,EAЭС KZ 7500651.13.12.17916 с 14 .02.2024 г по 14.02.2027 г.
51091,"Отказное письмо , т.к. товар не подлежит обязательной оценке соответствия"
51093,"ЕАЭС KZ.7500361.01.01.01044 от 22.12.2021 г. (действителен до 21.12.2026 г.)
ЕАЭС KZ 7500361.01.01.09089 от 01.11.2024 г. (действителен до 31.10.2029 г.)
KZ.7500361.01.01.07959 от 01.11.2024 (действителен до 01.11.2025 г.)"
51095,"Декларация о соответствии, № ЕАЭС KZ 7500533.13.12.02458 от 01.06.2024 г."
51100,Декларация о соответствии ЕАЭС KZ 7100841.13.12.06099 сроком действия от 07.08.2024 до 06.08.2029 г.
51102,Сертификат соответствия KZ.7100841.01.01.03800 сроком от  01.07.2024  действия до 30.05.2027 г.
51106,№ KZ 7100841.01.01.01937 от 14.08.2023г. до 13.08.2024г.
51107,№ KZ 7100841.01.01.01936 от 14.08.2023г. до 13.08.2024г.  № KZ 7100841.01.01.01938 от 14.08.2023г. до 13.08.2024г.
51108,ЕАЭС KZ 7500651.13.12.24736 от 06.12.2024 г. до 06.12.2027 г.
51113,Декларация соответствии № ЕАЭС KZ 7100841.13.12.05957 от 30.07.2024г. действителен до 29.07.2025г.
51116,Декларация соответствии № ЕАЭС KZ 7500533.13.12.03698 от 29.07.2024г. действителен до 28.07.2025г.
51119,Сертификат соответствия № KZ.7100841.01.01.05322 от 12.12.2024г. действителен до 11.12.2025г.
51136,"KZ.7500361.01.01.01316, 11 июля 2022 г., 09 февраля 2025 г."
51179,"KZ.7500361.01.01.01895, 09 декабря 2022 г., 09 февраля 2025 г."
51190,"KZ.7500361.01.01.01894, 9 декабря 2022 г., 9 февраля 2025 г."
51211,"KZ.7500361.01.01.01521, 1 сентября 2022 г., 9 февраля 2025 г."
51223,"KZ.KZ.7500361.01.01.01894, 9 декабря 2022 г., 9 февраля 2025 г."
51236,"KZ.7500361.24.01.05542, 02.03.2021 г., 26.11.2025 г."
51238,"KZ.7500361.24.01.05557, 14.05.2021 г., 13.05.2026 г."
51244,"KZ.7500361.24.01.05543, 02.03.2021 г., 26.11.2025 г."
51251,"KZ.7500361.24.01.05545, 02.03.2021 г., 26.11.2025 г."
51253,"KZ.7500361.24.01.05376, 02.03.2021 г., 22.01.2026 г."
51255,"KZ.7500361.24.01.05541, 02.03.2021 г., 06.11.2025 г."
51256,"KZ.7500361.24.01.05556, 14.05.2021 г., 13.05.2026 г."
51257,"KZ.7500361.24.01.05546, 02.03.2021 г., 08.12.2025 г."
51260,"KZ.7500361.13.12.11464, 26.04.2022 г., 26.04.2025 г."
51261,"KZ.7500361.24.01.05377, 02.03.2021 г., 22.01.2026 г."
51264,"KZ.7500361.24.01.05378, 02.03.2021 г., 22.01.2026 г."
51265,"KZ.7500361.13.12.10290, 06.12.2021 г., 05.12.2026 г."
51266,"KZ.7500361.24.01.05093, 15.03.2021 г., 25.03.2023 г."
51270,"KZ.7500361.24.01.05554, 28.04.2021 г., 27.04.2024 г."
51271,"KZ.7500361.24.01.05092, 15.03.2021 г., 19.03.2023 г."
51272,"KZ.7500361.24.01.05379, 02.03.2021 г., 17.08.2023 г."
51276,"KZ.7500361.01.01.01521, 1 сентября 2022 г., 9 февраля 2025 г"
51277,"KZ.7700.02.01.00764782, 23.06.2021 г., 25.01.2026 г."
51278,"KZ.7500361.01.01.03102, 18.05.2023г. , 09.02.2025г."
51281,"KZ.7500361.01.01.05645  03.04.2024г. , 09.02.2025г."
51282,"KZ.7500361.01.01.06081  10.05.2024г. , 09.02.2025г."
51288,"KZ.7500361.01.01.06974  09.07.2024г. ,  09.02.2025г."
51296,"№ KZ.7500361.01.01.03102   18.05.2023г. ,  09.02.2025г."
51301,"KZ.7700.02.01.00850364 от 11.05.2022, до 02.02.2025"
51313,"KZ.7700.02.01.00856968 от 26.05.2022г., до 02.02.2025г."
51314,"KZ.7700.02.01.00858963 от 31.05.2022г., до 02.02.2025г."
51321,"KZ.7700.02.01.00854417 от 20.05.2022г., до 08.02.2025г."
51366,"KZ.7700.02.01.00856028 от 25.05.2022г., до 02.02.2025г."
51369,"KZ.7700.02.01.00856680 от 25.05.2022г., до 21.02.2025г."
51372,KZ.7700.02.01.00988029 от 30.05.2023 - бессрочно
51373,KZ.7700.02.01.00987435 от 26.05.2023 - бессрочно
51374,KZ.7700.02.01.00987978 от 29.05.2023 - бессрочно
51375,KZ.7700.02.01.00988066 от 30.05.2023 - бессрочно
51376,KZ.7700.02.01.00988117 от 30.05.2023 - бессрочно
51377,KZ.7700.02.01.00988413 от 30.05.2023 - бессрочно
51378,KZ.7700.02.01.00988220 от 30.05.2023 - бессрочно
51379,KZ.7700.02.01.00987830 от 30.05.2023 - бессрочно
51381,KZ.7700.02.01.00916963 от 15.11.2022 - бессрочно
51382,KZ.7700.02.01.01188451 от 24.10.2024 - бессрочно
51383,KZ.7700.02.01.00921077 от 25.11.2022 - бессрочно
51384,KZ.7700.02.01.01188402 от 24.10.2024 - бессрочно
51385,KZ.7700.02.01.00921581 от 28.11.2022 - бессрочно
51386,KZ.7700.02.01.01188438 от 24.10.2024 - бессрочно
51387,KZ.7700.02.01.01188373 от 24.10.2024 - бессрочно
51388,KZ.7700.02.01.01188647 от 24.10.2024 - бессрочно
51389,KZ.7700.02.01.01188360 от 24.10.2024 - бессрочно
51390,KZ.7700.02.01.01188762 от 24.10.2024 - бессрочно
51395,ЕАЭС KZ 3910317.01.01.00635 15.09.23г по 14.09.2028г
51397,"ЕАЭС KZ 3910317.13.12.02441, 06.09.2023г по 05.09.2028г"
51412,сертификат соответствия №ЕАЭС 7500533.01.01.02746 от 12.07.2024г. сроком действия до 11.07.2025г.
51413,№22-2/1112 от 10.09.2024
51421,"СС № KZ.
7500551.01.01.02536
от 23.12.2024
по 23.12.2025"
51434,EAЭС ЕАЭС KZ 7100990.01.01.00026 от 27.10.2021г. по 26.10.2026г.
51435,ЕАЭС ЕАЭС KZ 7100990.01.01.00090 от 21.10.2022г. по 20.10.2027
51436,EAЭС ЕАЭС KZ 7100990.01.01.00099 от 09.12.2022г. по 08.12.2027г.
51437,ЕАЭС KZ 7100990.01.01.00208 от 25.06.2024 г. по 24.06.2029 г.
51440,ЕАЭС KZ 7100990.01.01.00140 от 07.09.2023 г. по 06.09.2028 г.
51441,ЕАЭС KZ 7100990.01.01.00147 от 11.10.2023 г. по 10.10.2028 г.
51442,ЕАЭС KZ 7100990.01.01.00215 от 26.07.2024 г. по 25.07.2029 г.
51443,ЕАЭС KZ 7100990.01.01.00216 от 26.07.2024 г. по 25.07.2029 г.
51444,KZ.5510317.01.01.00839 Дата выдачи: 01.04.2024 г. Дата окончания: 08.02.2027
51446,KZ.5510317.01.01.00840 Дата выдачи: 01.04.2024 г. Дата окончания: 08.02.2027; KZ.5510317.01.01.00878 Дата выдачи: 05.06.2024 г. Дата окончания: 08.02.2027; KZ.7100841.01.01.03918 Дата выдачи: 15.07.2024 г. Дата окончания: 08.02.2027
51447,KZ.5510317.01.01.00841 Дата выдачи: 01.04.2024 г. Дата окончания: 08.02.2027
51448,KZ.5510317.01.01.00841 Дата выдачи: 01.04.2024 г. Дата окончания: 08.02.2027; KZ.5510317.01.01.00879 Дата выдачи: 05.06.2024 г. Дата окончания: 08.02.2027; KZ.7100841.01.01.03916 Дата выдачи: 15.07.2024 г. Дата окончания: 08.02.2027
51450,KZ.5510317.01.01.00841 Дата выдачи: 01.04.2024 г. Дата окончания: 08.02.2027; KZ.5510317.01.01.00879 Дата выдачи: 05.06.2024 г. Дата окончания: 08.02.2027; KZ.7100841.01.01.03917 Дата выдачи: 15.07.2024 г. Дата окончания: 08.02.2027
51465,Декларация о соответствии ЕАЭС № ЕАЭС KZ 7100841.13.12.08807 20.12.2024 г. по 19.12.2025 г.
51466,№ ЕАЭС KZ 3510317.01.01.01170 от 06.12.2024 год до 06.12.2025
51472,№ ЕАЭС KZ 7500317.13.12.06393 от 09.04.2024г до 09.04.2025г
51474,"№ ЕАЭС KZ 3910317.13.12.02679
с 29.11.2023 до 28.11.2026 г."
51483,ЕАЭС KZ 7500533.13.12.05950 от 29.11.2024 г. до 28.11.2027г.
51484,Письмо исх.№ KZ/4690/24 от 25.11.2024 г.
51488,ЕАЭС KZ 7500533.13.12.05957 от
51489,29.11.2024 г. до 28.11.2027 г.
51490,Письмо исх. № KZ/4690/24 от 25.11.2024 г.
51497,Письмо исх.№ 22-2/1495 от 15.11.2024г.
51499,Письмо исх. № KZ/4688/24 от 25.11.2024г.
51512,Сертификат соответствия № KZ.7500551.01.01.00824 от 11.07.2022-04.07.2025г.
51514,Письмо Исх. №140/2025-ОПС от 14.02.2025
51517,Сертификат соответствия № KZ.7500551.01.01.00823 от 11.07.2022-04.07.2025г.
51519,Сертификат соответствия № KZ.7500551.01.01.00825 от 11.07.2022-04.07.2025г.
51520,Сертификат соответствия № KZ.7500551.01.01.00825 от 11.07.2022-04.07.2025г
51526,ЕАЭС KZ 7100841.01.01.0105319
51606,Декларация о соответствии ЕАЭС KZ 2710317.13.12.02571  с  20.01.2023  по  19.01.2026
51607,Декларация о соответствии ЕАЭС KZ 2710317.13.12.02571   с  20.01.2023  по  19.01.2026
51744,Декларация о соответствии ЕАЭС KZ 7100841.13.12.01690  с 06.02.2023  по  06.02.2026
51825,Декларация о соответстви     ЕАЭС KZ 7500533.13.12.01558 с 09.04.2024  по  08.04.2027
51826,Справка  ЗКФ АО «НаЦЭкС» №7/944 от 09.08.2024г.
51827,"Декларация о соответствии № ЕАЭС KZ 7500651.13.12.24790 
С 11.12.24г. по 10.12.29г."
51828,"Декларация о соответствии № ЕАЭС KZ 7500651.13.12.24791 
С 11.12.24г. по 11.12.27г."
51830,"Декларация о соответствии № ЕАЭС KZ 7500651.13.12.24820 
С 12.12.24г. по 12.12.27г."
51831,"Сертификат соответствия № ЕАЭС KZ 7500651.01.01.10911 
С 11.12.24г. по 11.12.27г."
51832,"Декларация о соответствии № ЕАЭС KZ 7500651.13.12.24821 
С 12.12.24г. по 12.12.27г."
51833,"Декларация о соответствии № ЕАЭС KZ 7500651.13.12.24822 
С 12.12.24г. по 12.12.27г."
51834,"Декларация о соответствии № ЕАЭС KZ 7500651.13.12.24823 
С 12.12.24г. по 12.12.27г."
51835,"Декларация о соответствии № ЕАЭС KZ 7500651.13.12.24824 
С 12.12.24г. по 12.12.27г."
51836,"Декларация о соответствии № ЕАЭС KZ 7500651.13.12.24825 
С 12.12.24г. по 12.12.27г."
51838,"Сертификат соответствия № ЕАЭС KZ 7500651.01.01.10912 
С 11.12.24г. по 11.12.27г."
51839,"Сертификат соответствия № KZ 7500651.01.01.03001 
С 11.12.24г. по 11.12.25г."
51840,"Декларация о соответствии № ЕАЭС KZ 7500651.13.12.24826 
С 12.12.24г. по 12.12.27г."
51842,"Сертификат соответствия № KZ 7500651.01.01.03002 
С 11.12.24г. по 11.12.25г."
51843,"Сертификат Соответствия EАЭС KZ.7500802.01.01.01251
 серия KZ №0277512 срок действия с 26.11.2024 г. по 26.11.2025 г"
51844,Сертификат Соответствия EАЭС KZ.7500802.01.01.01250 серия KZ №0277511 срок действия с 26.11.2024 г. по 26.11.2025 г.
51845,Письмо от органа по сертификации ТОО «ТДА Сервис» исх. №5915/2024-ОПС от 20.11.2024  что продукция не подлежит обязательной сертификации
51854,ЕАЭС KZ 2710317.13.12.02282 с 18.10.2022  по 01.10.2023
51855,ЕАЭС KZ 2710317.13.12.01342 с 09.02.2022 по 01.02.2023
51856,ЕАЭС KZ 2710317.13.12.02371 с 09.11.2022 срок не установлен
51857,ЕАЭС KZ 2710317.13.12.01459 с 15.03.2022 по 01.03.2023
51858,ЕАЭС KZ 2710317.13.12.01343 с 09.02.2022 по 01.02.2023
51859,ЕАЭС KZ 2710317.13.12.01589 с 27.04.2022 по 01.04.2023
51860,ЕАЭС KZ 2710317.13.12.01329 с 03.02.2022 по 01.01.2023
51865,ЕАЭС KZ 2710317.13.12.01460 с 15.03.2022 по 01.03.2023
51879,ЕАЭС KZ 7100841.13.12.08469 с 27.11.2024 по 27.11.2025
51880,ЕАЭС KZ 7100841.13.12.08790 с 19.12.2024 по 18.12.2025
51881,"№ KZ.7500430.01.01.00004 от ""22"" декабря 2023 г. до ""20"" декабря 2026 г."
51882,"№ KZ.7500430.01.01.00003 от ""22"" декабря 2023 г. до ""20"" декабря 2026 г."
51883,"№ KZ.7500430.01.01.00026 от ""22"" декабря 2023 г. до ""20"" декабря 2028 г."
51884,№ЕАЭС KZ 7500986.01.01.14004 от 05.01.2025 по 05.01.2026гг.
51886,№ЕАЭС KZ 7500986.01.01.14005 от 05.01.2025 по 05.01.2026гг.
51888,№ЕАЭС KZ 7500986.01.01.14006 от 05.01.2025 по 05.01.2026гг.
51889,№ЕАЭС KZ 7500986.01.01.14007 от 05.01.2025 по 05.01.2026гг.
51890,№ЕАЭС KZ 7500986.01.01.14008 от 05.01.2025 по 05.01.2026гг.
51921,Декларация о соответствии ЕАЭС №  ЕАЭС KZ 7500401.13.12.04310 от 29.08.2024г. по 28.08.2025г.
52010,Декларация о соответствии ЕАЭС №  ЕАЭС KZ 7500401.13.12.04309 от 29.08.2024г. по 28.08.2025г.
52019,Декларация о соответствии ЕАЭС №  ЕАЭС KZ 7500401.13.12.04541 от 04.10.2024г. по 03.10.2025г.
52035,Информационное письмо Исх.KZ/3678/24 от 30.09.2024г.
52038,Отказное письмо №1459/03 от 13.12.2024г. от АФ АО «НацЭкс»
52039,"№ ЕАЭС KZ 7500651.13.12.22391
от 04.09.2024 г. до 04.09.2027 г."
52072,"№ ЕАЭС KZ 7500651.13.12.22384
от 04.09.2024 г. до 04.09.2027 г."
52075,"№ ЕАЭС KZ 7500651.01.01.10693
от 19.11.2024 г. до 19.11.2027 г."
52083,"№РОСС RU C-KZ. C312. B.00068/21, 15.09.2021-14.09.2024"
52084,№РОСС RU C-KZ. C312. B00077/22 03.10.2022-02.10.2025
52085,"№РОСС RU. C312. H07574
09.03.2023-08.03.2026"
52087,"№РОСС KZ. HB61.H16274, 23.11.2020-22.11.2023"
52088,"№04ИДЮ101.KZ.C01663
12.11.2021-11.11.2024"
52089,"№РОСС RU C-KZ. C312. B.00055/20, 04.12.2020-03.12.2023"
52092,Сертификат соотвествия РОСС RU.С-KZ.CЗ12.В. 00054/20 от 04.12.2022 выдано ООО Центр СБО
52093,"Сертификат соотвествия
РОСС RU.СЗ12.Н18115 от 21.11.2023 выдано  ООО Центр СБО"
52094,"Сертификат соотвествия
РОСС RU.СЗ12.Н17825 от 20.05.2022 выдано ООО Центр СБО"
52526,"Сертификат 
№ KZ. 7500651.01.01.26487
17.02.2025г.
17.02.2026г."
52095,"Сертификат соотвествия
РОСС RU.СЗ12.Н18192 от 03.05.2024 выдано ООО Центр СБО"
52096,"Декларация о соответствии ЕАЭС № KZ.7100317.13.12.03177 от
07.04.2023 г. до 28.02.2026 г."
52097,"Декларация о соответствии ЕАЭС № KZ.7100317.13.12.03178 от
07.04.2023 г. до 28.02.2026 г."
52098,"Декларация о соответствии ЕАЭС № KZ.7100317.13.12.03179 от
07.02.2023 г. до 28.02.2026 г."
52099,"Декларация о соответствии ЕАЭС № KZ.7100317.13.12.03180 от
07.04.2023 г. до 28.02.2026 г."
52102,"Сертификат соответствии ЕАЭС № ЕАЭС KZ.7100317.01.01.01310 от
10.04.2023 г. до 28.02.2026 г."
52104,"Сертификат соответствии ЕАЭС № ЕАЭС KZ.7100317.01.01.01312 от
10.04.2023 г. до 28.02.2026 г."
52109,"Сертификат соответствии ЕАЭС № ЕАЭС KZ.7100317.01.01.01311 от
10.04.2023 г. до 28.02.2026 г."
52110,"Сертификат соответствии ЕАЭС № ЕАЭС KZ.7100317.01.01.01309 от
10.04.2023 г. до 28.02.2026 г."
52117,"Сертификат соответствии ЕАЭС № ЕАЭС KZ.7100317.01.01.01312 от
10.04.2023 г. до 28.02.2026 г.
Сертификат соответствии ЕАЭС № ЕАЭС KZ.7100317.01.01.01312 от
10.04.2023 г. до 28.02.2026 г."
52125,"KZ 7100317.13.
12.05278
от 29.11.2024 г. до 27.02.2026 г."
52126,"KZ 7100317.13.
12. 05278
от 29.11.2024 г. до 27.02.2026 г."
52129,"№ ЕАЭС KZ 7100317.01.01.01914
от 02.10.2024 г. до 28.02.2026 г."
52150,№ ЕАЭС KZ 7100317.01.01.01914
52161,"№ ЕАЭС KZ 7100317.01.01.01913
от 02.10.2024 г. до 28.02.2026 г."
52162,№ ЕАЭС KZ 7100317.01.01.01913
52163,"№ ЕАЭС KZ 7100317.13.12.05157
от 02.10.2024 г. до 28.02.2026 г."
52166,"№ ЕАЭС KZ 7100317.13.12.05158
от 02.10.2024 г. до 28.02.2026 г."
52170,"№ ЕАЭС KZ 7100317.13.12.05159
от 02.10.2024 г. до 28.02.2026 г"
52194,"№ ЕАЭС KZ 7100317.13.12.03950
от 09.11.2023 г. до 28.02.2026 г."
52196,письмо №05-01/01-139 от 29.01.2025 г.
52197,Декларация о соответствии ЕАЭС  № KZ 2710317.13.12.04053 от 26.04.2024 г. до 26.04.2027 г.
52198,Декларация о соответствии ЕАЭС № KZ 2710317.13.12.04053  от 26.04.2024 г. до 26.04.2027 г.
52199,Декларация о соответствии ЕАЭС  № KZ 2710317.13.12.04053  от 26.04.2024 г. до 26.04.2027 г.
52205,Сертификат соответствия №KZ.7100841.01.01.04275 от 22.08.2024г. со сроком действия до 01.07.2027г.
52220,Сертификат соответствия №KZ.7100841.01.01.04276 от 22.08.2024г. со сроком действия до 01.07.2027г.
52244,Сертификат соответствия №KZ.7100841.01.01.04277 от 22.08.2024г. со сроком действия до 01.07.2027г.
52311,Сертификат соответствия №KZ.7100841.01.01.04278 от 22.08.2024г. со сроком действия до 01.07.2027г.
52314,Сертификат соответствия №РОСС KZ.HE06.H26121 со сроком действия от 17.07.2024г. По 16.07.2027г.
52330,KZ.5510317.01.01.00901 с 15.07.2024 г. до 15.07.2025 г.
52332,"ЕАЭС KZ 7100841.01.01.05430 от 21.11.2024г., до 20.11.2025г.,"
52339,№ ЕАЭС ЕАЭС KZ 7500986.01.01.14202 от 29.01.2025 по 29.01.2026
52341,№ ЕАЭС ЕАЭС KZ 7500986.01.01 .14200 от 29.01.2025 по 29.01.2026
52346,№ ЕАЭС ЕАЭС КZ 7500986.01.01.14204 от 29.01.2025 по 29.01.2026
52348,№ ЕАЭС ЕАЭС KZ 7500986.01.01.14207 от 29.01.2025 по 29.01.2026;
52349,№ ЕАЭС ЕАЭС КZ 7500986.01.01.14205 от 29.01.2025 по 29.01.2026
52356,"Декларация о соответствии, № ЕАЭС KZ 7500229.13.12.00282 от 25.01.2024 г. по 24.01.2029 г."
52361,"письмо КФ АО ""НаЦЭкС"" № 22-2/1683 от 23.12.2024 год"
52367,ЕАЭС KZ 7100841.01.01.05433 от 21.11.2024г. до 20.11.2025г.
52371,KZ.3510317.01.01.03803 от16.10.2024-16.10.2025
52378,"ЕАЭС KZ 7500651.13.12.25967
12.02.2025 г. до 12.02.2028г."
52379,"ЕАЭС KZ 7500651.13.12.25968
12.02.2025 г. до 12.02.2028г."
52380,"ЕАЭС KZ 3510317.13.12.03460
от 03.062024г до 02.06.2025г"
52386,от 30.12.2024г. до 30.12.2027г.
52401,от 30.12.2024 г. до 30.12.2027г.
52454,№0278411 от 06.12.2024
52457,№0278363 от 01.12.2024
52458,№0278364 от 01.12.2024
52460,№0278410 от 06.12.2024
52461,Декларация о соответствии: ЕАЭС KZ 7500533.13.12.05526 от 07.11.2024г. до 06.11.2029
52463,"Сертификат соответствия №KZ.7500533.01.01.0228 от 20.01.2025г., до 20.01.2026г."
52473,ЕАЭС KZ 1910317.13.12.00647 от 28.06.2024г до 28.06.2027г
52479,ЕАЭС KZ 1910317.13.12.00653 от 28.06.2024г до 28.06.2027г
52480,ЕАЭС KZ 1910317.13.12.00655 от 28.06.2024г до 28.06.2027г
52485,ЕАЭС KZ 1910317.13.12.00649 от 28.06.2024г до 28.06.2027г
52496,ЕАЭС KZ 1910317.13.12.00650 от 28.06.2024г до 28.06.2027г
52499,ЕАЭС KZ 1910317.13.12.00654 от 28.06.2024г до 28.06.2027г
52509,ЕАЭС KZ 1910317.13.12.00651 от 28.06.2024г до 28.06.2027г
52514,ЕАЭС KZ 1910317.13.12.00648 от 28.06.2024г до 28.06.2027г
52515,Письмо №64 «12» февраля 2025г
52517,"Сертификат 
№ KZ.7500651.01.01.26486
17.02.2025г.
17.02.2026г."
52519,"Сертификат 
№ KZ.7500651.01.01.25991
10.02.2025г.
09.02.2026г."
52520,"Сертификат 
№ KZ.7500651.01.01.25994
11.02.2025г.
10.02.2026г."
52521,"Сертификат 
№ KZ.7500651.01.01.25995
11.02.2025г.
10.02.2026г."
52524,"Сертификат 
№ KZ.7500651.01.01.25997
11.02.2025г.
10.02.2026г."
52525,"Сертификат 
№ KZ. 7500651.01.01.26579
18.02.2025г.
18.02.2026г."
52529,"Сертификат 
№ KZ.7500651.01.01.26000
11.02.2025г.
10.02.2026г."
52532,"Сертификат 
№ KZ.7500651.01.01.26001
11.02.2025г.
10.02.2026г."
52533,"Сертификат 
№ KZ.7500651.01.01.26002
11.02.2025г.
10.02.2026г."
52535,"Сертификат 
№ KZ.7500651.01.01.26003
11.02.2025г.
10.02.2026г."
52536,"Сертификат 
№ KZ.7500651.01.01.26004
11.02.2025г.
10.02.2026г."
52537,"Сертификат 
№ № KZ.7500651.01.01.26156
12.02.2025г.
12.02.2026г."
52538,"Сертификат 
№ KZ.7500651.01.01.26005
11.02.2025г.
10.02.2026г."
52539,Письмо № «05» 03 февраля 2025г
52561,"№ ЕАЭС KZ.3110317.13.12.00454
с 24.09.2024 г. до 24.09.2025 г."
52566,"№ ЕАЭС KZ.3110317.13.12.00455
с 24.09.2024 г. до 24.09.2025 г."
52575,"№ ЕАЭС KZ.3110317.01.01.00210
с 24.09.2024 г. до 24.09.2025 г."
52577,"№ ЕАЭС KZ.3110317.01.01.00209
с 24.09.2024 г. до 24.09.2025 г."
52582,№  ЕАЭС KZ 6300317.13.12.00944 от 08.08.2023  по 08.08.2024
52594,Декларация о соответствии ЕАЭС № ЕАЭС KZ 6300317.13.12.01377 от 12.07.2024г. срок действия до 12.07.2025г.
52597,ЕАЭС KZ 7100841.01.01.05701 от 19.12.2024 г. до 18.12.2025 г.
52598,ЕАЭС KZ 7100841.01.01.05699 от 19.12.2024 г. до 18.12.2025 г.
52601,ЕАЭС KZ 7100841.01.01.05700 от 19.12.2024 г. до 18.12.2025 г.
52602,ЕАЭС KZ 7100841.01.01.05698 от 19.12.2024 г. до 18.12.2025 г.
52615,"POCC KZ.HB61.H31764 от 13.12.2021г. по 12.12.2024г.
POCC KZ.HB61.H31763 от 13.12.2021г. по 12.12.2024г.
POCC KZ.HB61.H31762 от 13.12.2021г. по 12.12.2024г.
11B-0139 от 11.02.2021 по 11.02.2024г."
52617,".POCC KZ.HB61.H31764 от 13.12.2021г. по 12.12.2024г.
POCC KZ.HB61.H31763 от 13.12.2021г. по 12.12.2024г.
POCC KZ.HB61.H31762 от 13.12.2021г. по 12.12.2024г.
11B-0139 от 11.02.2021 по 11.02.2024г."
52619,ЕАЭС KG417/031.Д.0032743 от 26.01.2023г.
52620,Информационное письмо №04/24-2091 от 05.04.2024
52621,Информационное письмо №07/24-2188 от 04.07.2024
52681,ЕАЭС N RU Д-KZ HX37.B.09414/20 выдан 01.10.2020г. действует по 30.09.2025г.
52691,Сертификат соответствия № EAЭС KZ7500986.01.01.08976 от 21.12.2023 действителен по 21.12.2024г
52692,Сертификат соответствия № EAЭС KZ7500986.01.01.09330 от 23.01.2024 действителен по 23.01.2027г
52693,Сертификат соответствия № EAЭС KZ7500986.01.01.09331 от 23.01.2024 действителен по 23.01.2027г
52694,№KZ.7500578.05.01.00080
52697,№KZ.7500578.05.01.00164
52703,№KZ.7500578.05.01.00028
52720,PK-BII-5-4488-21
52726,№KZ.7500578.05.01.00113
52737,№KZ.7500578.05.01.00019
52763,№KZ 7700.02.01.00727457
52764,№KZ 7700.02.01.00727461
52765,KZ7500578.13.12.02089
52775,KZ.7500669.01.01.00839
52778,KZ7500578.13.12.01552
52780,KZ7500578.13.12.01114
52782,KZ.7500578.05.01.00023
52787,KZ.7500578.05.01.00042
52791,KZ.7500578.05.01.00114
52812,KZ.7500669.01.01.01061
52821,KZ.7500669.01.01.01066
52839,KZ.7500578.05.01.00004
52845,"Декларация о соответствии, № ЕАЭС KZ 7500651.13.12.23302"
52860,"Декларация о соответствии, № ЕАЭС KZ 7500651.13.12.23303"
52867,"Декларация о соответствии, № ЕАЭС KZ 7500651.13.12.23304"
52887,"Сертификат соответствии, № KZ.7500533.01.01.01737"
52919,"справка-письмо №22-2/1641
от 13.12.2024г. о том что
товар не подлежит
обязательному
подтверждению"
52936,Справка о сертификации изделия НАЦЭКС05-01/01-1714
52942,ЕАЭС KZ 7100317.13.12.05412 от 31.01.2025г. до 30.01.2026 г.
52961,ЕАЭС KZ 1510317.13.12.01340 / 10.04.2024 - 10.04.2025
52962,ЕАЭС KZ 1510317.13.12.01342 / 10.04.2024 - 10.04.2025
52963,№ ЕАЭС KZ 7500995.01.01.02716 от 28.01.2025г. до 28.01.2026 г.
52964,№ ЕАЭС KZ 7500995.13.12.09827 от 28.01.2025г до 28.01.2026г.
52965,№ КZ.7500851.01.01.25393 от 30.01.2025г. до 29.01.2026г.
52966,№ KZ.7500851.01.01.25455 от 30.01.2025г до 30.01.2026г.
52971,№ KZ.7500851.01.01.25498 от 31.01.2025г.  до 31.01.2026г.
52972,№ KZ.7500851.01.01.25520 от 31.01.2025г. до 31.01.2026г.
52973,№ KZ.7500851.01.01.25499 от 31.01.2025г. до 31.01.2026г
52974,№ KZ.7500851.01.01.25501 от 31.01.2025г.  до 31.01.2026г
52977,№ KZ.7500851.01.01.25505 от 31.01.2025г. до 31.01.2026г.
52979,№ KZ.7500851.01.01.25506 от 31.01.2025г до 31.01.2026г.
52980,№ KZ.7500851.01.01.25508 от 31.01.2025г.  до 31.01.2026г.
52981,№ KZ.7500851.01.01.25512 от 31.01.2025г до 31.01.2026г.
52983,ЕАЭС KZ 7100990.01.01.00094 с 15.11.2022 по 14.11.2027
52984,Письмо ТОО КазЦСЖТ исх №17 от 10.02.2025
52985,Информационное письмо Исх.KZ/4655/24 - от 22.11.2024 г.
52987,ЕАЭС KZ.7100841.13.12.08583 от 04.12.2024 г. до 03.12.2029 г.
52988,Декларация о соответствии качества ЕАС KZ 1100317.13.12.05140 от 23.01.2025г по 22.01.2030г
52989,KZ 7500651.01.01.10974 от 23.12.2024-23.12.2027
52991,KZ 7500651.01.01.03038 от 23.12.2024-23.12.2025
52993,"KZ 
7500651.01.01.03041 от 23.12.2024-23.12.2025"
53003,KZ 7500651.13.12.25013 от 23.12.2024-23.12.2027
53009,KZ.7500651.01.01.03040 от 23.12.2024-23.12.2025
53019,KZ.7500651.01.01.03039 от 23.12.2024-23.12.2025
53021,KZ.7500651.01.01.03037 от 23.12.2024-23.12.2025
53027,№ KZ.7500551.13.12.386624 14.02.2025г. Действителен до 14.08.2025 г.
53028,№ KZ.7500551.13.12.386631 17.02.2025г. Действителен до 17.08.2025 г.
53043,KZ 7500651.24.01.01758
53044,KZ 7500651.22.01.01313 от 28.06.2019 до 31.05.2024
53045,KZ 7500651.22.01.01304 от 31.05.2019 до 31.05.2024
53047,KZ 7500651.22.01.01314 от 28.06.2019 до 31.05.2024
53049,KZ 7500651.22.01.01303 от 31.05.2019 до 31.05.2024
53050,KZ 7500651.22.01.01307 от 31.05.2019 до 31.05.2024
53051,KZ 7500651.22.01.01308 от 31.05.2019 до 31.05.2024
53054,KZ 7500651.22.01.01309 от 31.05.2019 до 31.05.2024
53056,KZ 7500651.22.01.01315 от 28.06.2019 до 31.05.2024
53057,KZ 7500651.24.01.01760 от 31.05.2019 до 31.05.2024
53058,KZ 7500651.24.01.01759 от 31.05.2019 до 31.05.2024
53062,KZ 7500651.01.01.02450
53069,"Не подлежит обязательной оценке (подтверждению) соответствия, письмо Исх.№ 4755/2024-ОПС от 11.09.2024 г."
53074,"KZ 7100841.13.12.03951
20.02.2024-19.02.2025"
53086,№ ЕАЭС KZ 7500802.01.01.01256 от 02.12.2024 до 02.12.2025 года
53090,"№ЕАЭС KZ 7100841.01.01.06256, срок действия 31.01.2025 по 30.01.2026г.,"
53104,"сертификат соответствия
№ KZ.3500317.01.01.25545
от 31.01.2025 г.
Действителен до 31.01.2026 г."
53105,"сертификат соответствия
№ KZ.3500317.01.01.25545
от 31.01.2025 г.
Действителен до 31.01.2026 г"
53108,"№ ЕАЭС KZ 7500651.13.12.24530
с 26.11.2024 г. до 26.11.2027 г."
53141,"№ ЕАЭС KZ 7500651.13.12.24529
с 26.11.2024 г. до 26.11.2027 г."
53151,"№ ЕАЭС KZ 7500651.01.01.10760
с 26.11.2024 г. до 26.11.2027 г."
53152,"№ ЕАЭС KZ 7500651.01.01.10759
с 26.11.2024 г. до 26.11.2027 г."
53153,"№ ЕАЭС KZ 7500651.01.01.10761
с 26.11.2024 г. до 26.11.2027 г."
53160,"Декларация соответствия 
№ ЕАЭС KZ 2710317.13.12.04072 от 04/05/2024-03/05/2025"
53162,"Декларация соответствия 
№ЕАЭС KZ 2710317.13.12.04071 от 04/05/2024-03/05/2025"
53163,"Декларация соответствия 
№ЕАЭС KZ 2710317.13.12.04072 от 04/05/2024-03/05/2025"
53164,"Сертификат соответствия № ЕАЭС KZ 3110317.01.01.00157 от 03.06.2022 по 20.04.2024 протокол испытаний № № 532 от 27.05.2022
СТ РК 2753-2015"
53165,"Сертификат соответствия № ЕАЭС KZ 3110317.01.01.00153 от 02.06.2022 по 20.04.2024 протокол испытаний № № 520-526 от 26.05.2022
 СТ РК 1140-2015, СТ РК 1250-2015"
53168,"Сертификат соответствия № ЕАЭС KZ 3110317.01.01.00158 от 03.06.2022 по 20.04.2024 протокол испытаний № № 535-537 от 30.05.2022
 СТ РК 1341-2015 СТ РК 1341-2015"
53169,Сертификат соответствия № ЕАЭС KZ 3110317.01.01.00135 от 06.05.2022 по 26.04.2025 протокол испытаний № № 517-518-519 от 05.05.2022 СТ РК 1341-2015
53170,"Сертификат соответствия № ЕАЭС KZ 3110317.01.01.00158 от 03.06.2022 по 20.04.2024 протокол испытаний № № 535-537 от 30.05.2022
 СТ РК 1341-2015ГОСТ 23712-85"
53171,"Декларация соответствия № ЕАЭС KZ 3110317.13.12.00047 от 03.06.2022 по 02.06.2027 протокол испытаний № 185/2-22 от 26.05.2022
ГОСТ 27575-87"
53172,Отказное письмо №74 от 01.11.22
53173,"Сертификат соответствия № ЕАЭС KZ 3110317.01.01.00156 от 03.06.2022 по 20.04.2024 протокол испытаний №  534   от 30.05.2022  
ГОСТ 21790-2005"
53175,"Сертификат соответствия № ЕАЭС KZ 3110317.01.01.00158 от 03.06.2022 по 20.04.2024 протокол испытаний № № 535-537 от 30.05.2022
 СТ РК 1341-2015"
53176,"Декларация соответствия № ЕАЭС KZ 3110317.13.12.00048 от 03.06.2022 по 02.06.2027 протокол испытаний № 13926 от 27.05.2022 
ГОСТ 28846-90"
53177,"Сертификат соответствия KZ 3110317.01.0100170 от 16.06.22г по 20.04.24г., протокол испытаний 195/2-22 от 16.06.22г."
53178,"Сертификат соответствия № ЕАЭС KZ 3110317.01.01.00012 от 03.06.2022 по 20.04.2024 протокол испытаний № 184/2-22 от 26.05.2022
ГОСТ 31307-2005"
53181,"Сертификат соответствия № ЕАЭС KZ 3110317.01.01.00153 от 02.06.2022 по 20.04.2024 протокол испытаний № № 520-526 от 26.05.2022
СТ РК 3292-2018"
53183,"Сертификат соответствия № ЕАЭС KZ 3110317.01.01.00153 от 02.06.2022 по 20.04.2024 протокол испытаний № № 520-526 от 26.05.2022
СТ РК 2741-2015"
53185,"Сертификат соответствия № ЕАЭС KZ 3110317.01.01.00135 от 06.05.2022 по 26.04.2025 протокол испытаний № № 517-518-519 от 05.05.2022
 СТ РК 1341-2015"
53186,"Сертификат соответствия № ЕАЭС KZ 3110317.01.01.00155 от 02.06.2022 по 20.04.2024 протокол испытаний № № 528-529 от 27.05.2022
 СТ РК 1340-2005"
53188,"Сертификат соответствия № ЕАЭС KZ 3110317.01.01.00154 от 02.06.2022 по 20.04.2024 протокол испытаний № № 530-531 от 27.05.2022 
СТ РК 1138-2015"
53190,"Сертификат соответствия № ЕАЭС KZ 3110317.01.01.00153 от 02.06.2022 по 20.04.2024 протокол испытаний № № 520-526 от 26.05.2022
СТ РК 3291-2018, СТ РК 3290-2018"
53192,"Декларация соответствия № ЕАЭС KZ 3110317.13.12.00052 от 10.06.2022 по 02.04.2024 протокол испытаний № 540 от 08.06.2022 
ГОСТ 26577-85"
53194,"Сертификат соответствия № ЕАЭС KZ  3110317.01.00014 Серия KZ №01665770 от 16.06.22г по 20.04.24г., протокол испытаний №201/2-22 от 16.06.22г., ГОСТ 9382-2014"
53195,Письмо отказной  № 74 от 01.11.2022 года
53213,Сертификат соответствия ЕАЭС KZ 7500651.01.0111384 от 05.02.2025 по 04.02. 2030.
53217,Сертификат соответствия ЕАЭС KZ 7500651.01.0111383 от 05.02.2025 по 04.02. 2030.
53219,Сертификат соответствия ЕАЭС KZ 7500651.01.01. 11411 от 05.02.2025 по 04.02. 2030.
53223,Сертификат соответствия ЕАЭС KZ 7500651.01.01. 11387 от 05.02.2025 по 04.02. 2030.
53225,Сертификат соответствия ЕАЭС KZ 7500651.01.01. 11412 от 05.02.2025 по 04.02. 2030.
53227,Сертификат соответствия ЕАЭС KZ 7500651.01.01. 11386 от 05.02.2025 по 04.02. 2030.
53229,Сертификат соответствия ЕАЭС KZ 7500651.01.0111385 от 05.02.2025 по 04.02. 2030.
53232,Сертификат соответствия ЕАЭС KZ 7500651.01.0111396 от 05.02.2025 по 04.02. 2030.
53237,Сертификат соответствия ЕАЭС KZ 7500651.01.01. 11398 от 05.02.2025 по 04.02. 2030.
53239,Сертификат соответствия ЕАЭС KZ 7500651.01.01. 11395 от 05.02.2025 по 04.02. 2030.
53241,Сертификат соответствия ЕАЭС KZ 7500651.01.01. 11399 от 05.02.2025 по 04.02. 2030.
53243,Сертификат соответствия ЕАЭС KZ 7500651.01.01. 11400 от 05.02.2025 по 04.02. 2030.
53245,"Декларация ЕАЭС KZ 7500651.13.12.25752
От 04.02.2025 до 03.02.2030"
53246,Сертификат соответствия ЕАЭС KZ 7500651.01.01. 11401 от 05.02.2025 по 04.02. 2030.
53248,Сертификат соответствия ЕАЭС KZ 7500651.01.01. 11402 от 05.02.2025 по 04.02. 2030.
53250,Сертификат соответствия ЕАЭС KZ 7500651.01.01. 11403 от 05.02.2025 по 04.02. 2030.
53254,"Декларация ЕАЭС KZ 7500651.13.12.25753
От 04.02.2025 до 03.02.2030"
53256,"Декларация ЕАЭС KZ 7500651.13.12.25754
От 04.02.2025 до 03.02.2030"
53258,Сертификат соответствия ЕАЭС KZ 7500651.01.01. 11404 от 05.02.2025 по 04.02. 2030.
53260,"Декларация ЕАЭС KZ 7500651.13.12.25755
От 04.02.2025 до 03.02.2030"
53262,Сертификат соответствия ЕАЭС KZ 7500651.01.01. 11405от 05.02.2025 по 04.02. 2030.
53265,"Декларация ЕАЭС KZ 7500651.13.12. 25756
От 04.02.2025 до 03.02.2030"
53266,Сертификат соответствия ЕАЭС KZ 7500651.01.01. 11394 от 05.02.2025 по 04.02. 2030.
53269,Сертификат соответствия ЕАЭС KZ 7500651.01.01. 11407 от 05.02.2025 по 04.02. 2030.
53271,"Декларация ЕАЭС KZ 7500651.13.12.25757
От 04.02.2025 до 04.02.2028"
53272,"Декларация ЕАЭС KZ 7500651.13.12.25758
От 04.02.2025 до 03.02.2030"
53273,Сертификат соответствия ЕАЭС KZ 7500651.01.01. 11406 от 05.02.2025 по 04.02. 2030.
53276,"Декларация ЕАЭС KZ 7500651.13.12.25759
От 04.02.2025 до 03.02.2030"
53277,"Декларация ЕАЭС KZ 7500651.13.12.25760
От 04.02.2025 до 03.02.2030"
53278,"Декларация ЕАЭС KZ 7500651.13.12.25761
От 04.02.2025 до 03.02.2030"
53279,"Декларация ЕАЭС KZ 7500651.13.12.25763
От 04.02.2025 до 03.02.2030"
53281,Сертификат соответствия ЕАЭС KZ 7500651.01.01. 11414 от 05.02.2025 по 04.02. 2030.
53282,"Декларация ЕАЭС KZ 7500651.13.12.25762
От 04.02.2025 до  03.02.2030"
53283,Сертификат соответствия ЕАЭС KZ 7500651.01.01. 11397 от 05.02.2025 по 04.02. 2030.
53285,Сертификат соответствия ЕАЭС KZ 7500651.01.01. 11390 от 05.02.2025 по 04.02. 2030.
53287,Сертификат соответствия ЕАЭС KZ 7500651.01.01. 11409 от 05.02.2025 по 04.02. 2030.
53289,"Декларация ЕАЭС KZ 7500651.13.12.25768
От 05.02.2025 до 05.02.2028"
53296,Сертификат соответствия ЕАЭС KZ 7500651.01.01. 11408 от 05.02.2025 по 04.02. 2030.
53297,"Декларация ЕАЭС KZ 7500651.13.12.25769
От 05.02.2025 до 04.02.2030"
53298,Сертификат соответствия ЕАЭС KZ 7500651.01.01. 11413 от 05.02.2025 по 04.02. 2030.
53303,Сертификат соответствия ЕАЭС KZ 7500651.01.01. 11410 от 05.02.2025 по 04.02. 2030.
53305,"Информационное письмо
№ 61 «11» февраля 2025 год"
53307,Сертификат соответствия № ЕАЭС ЕАЭС KZ 7500802.01.01.01268 Серия KZ № 0277519 с 17.01.2025 г. по 17.01.2026 г.
53311,Декларация о соответствии ЕАЭС № ЕАЭС KZ 7500802.13.12.02948 с 23.01.2025 г. по 23.01.2026 г.
53313,Декларация о соответствии ЕАЭС № ЕАЭС KZ 7500802.13.12.02951 с 28.01.2025 г. по 28.01.2026 г.
53317,Декларация о соответствии ЕАЭС KZ 3110309.13.12.03050 от 04.02.2025
53319,ЕАЭС KZ 5110317.13.12.01556 срок действия с 21.11.2024 по 20.11.2025 года
53321,ЕАЭС KZ 5110317.13.12.01557 срок действия с 21.11.2024 по 20.11.2025 года
53322,ЕАЭС KZ 5110317.01.01.00094 серия KZ №0225677 Срок действия с 21.11.2024 по 20.11.2025 года
53323,Декларация о соответствий № ЕАЭС KZ 7500986.13.12.15533 от 28.01.2025г. действительна по 28.01.2028г.
53335,Декларация ЕАЭС KZ №3110317.13.12.00315 от 29.01.2024г до 29.01.2027
53336,"Декларация ЕАЭС KZ 3110317.13.12.00316 от 29.01.2024г до 29.01.2027г.,"
53337,"Декларация ЕАЭС KZ 3110317.13.12.00317 от 29.01.2024г до 29.01.2027г.,"
53339,"Декларация ЕАЭС KZ 3110317.13.12.00318 от 29.01.2024г до 29.01.2027г.,"
53341,Декларация ЕАЭС KZ 3110317.13.12.00319 от 29.01.2024г до 29.01.2027г
53342,"Декларация ЕАЭС KZ 3110317.13.12.00319 от 29.01.2024г до 29.01.2027г.,"
53343,"Декларация № ЕАЭС KZ 3110317.13.12.00320 от 29.01.2024г до 29.01.2027г.,"
53345,"Декларация№ ЕАЭС KZ 3110317.13.12.00321от29.01.2024г до 29.01.2027г.,"
53346,"Декларация№ ЕАЭС KZ 3110317.13.12.00321 от 29.01.2024г до 29.01.2027г.,"
53348,"Декларация №ЕАЭС KZ 3110317.13.12.00322 от 29.01.2024г до 29.01.2027г.,"
53350,Декларация №ЕАЭС KZ 3110317.13.12.00323 от 29.01.2024г до 29.01.2027г
53351,"Декларация№ ЕАЭС KZ 3110317.13.12.00309 от 25.01.2024г до 24.01.2029г.,"
53352,"Декларация №ЕАЭС KZ 3110317.13.12.00310 от 25.01.2024г до 24.01.2029г.,"
53355,"Декларация №ЕАЭС KZ 3110317.13.12.00311 от 25.01.2024 г до 24.01.2029г.,"
53356,"Сертификат№ ЕАЭС ЕАЭС KZ 3110317.01.01.00165от29.01.2024г до 29.01.2027г.,"
53358,"Сертификат№ ЕАЭС ЕАЭС KZ 3110317.01.01.00165 от 29.01.2024г до 29.01.2027г.,"
53361,"Сертификат№ ЕАЭС ЕАЭС KZ 3110317.13.12.00162 от 29.01.2024г до 29.01.2027г.,"
53363,"Сертификат№ ЕАЭС ЕАЭС KZ 3110317.13.12.00164 от 29.01.2024г до 29.01.2027г.,"
53365,"Сертификат№ ЕАЭС ЕАЭС KZ 3110317.13.12.00163 от 29.01.2024г до 29.01.2027г.,"
53366,"Сертификат№ ЕАЭС ЕАЭС KZ 3110317.13.12.00161 от 29.01.2024г до 29.01.2027г.,"
53369,"Сертификат№ ЕАЭС ЕАЭС KZ 3110317.01.01.00160 от 29.01.2024г до 29.01.2027г.,"
53376,"Сертификат№ ЕАЭС ЕАЭС KZ 3110317.01.01.00159 от 29.01.2024г до 29.01.2027г.,"
53381,"Сертификат№ ЕАЭС ЕАЭС KZ 3110317.01.01.00158 от 29.01.2024г до 29.01.2027г.,"
53386,"Сертификат№ ЕАЭС ЕАЭС KZ 3110317.01.01.00157 от 29.01.2024г до 29.01.2027г.,"
53390,"Сертификат№ ЕАЭС ЕАЭС KZ 3110317.01.01.00156 от 29.01.2024г до 29.01.2027г.,"
53391,"Сертификат№ ЕАЭС ЕАЭС KZ 3110317.01.01.00155 от 29.01.2024г до 29.01.2027г.,"
53392,"Сертификат№ ЕАЭС ЕАЭС KZ 3110317.01.01.00153 от 29.01.2024г до 29.01.2027г.,"
53394,"Сертификат№ ЕАЭС ЕАЭС KZ., 3110317.01.01.00154 от 29.01.2024г до 29.01.2027г.,"
53395,"Сертификат№ KZ KZ.3110317.01.01.00706 от 30.01.2024г до 30.01.2025г.,"
53396,"Сертификат№ KZ KZ.3110317.01.01.00706 от 30.01.2024г до 30.01.2025г.,
Протокола испытаний № 975 от 16/01/2024г., испытательного центра Жамбылского филиала АО ""НаЦЭКС"""
53397,"Сертификат№ KZ KZ.3110317.01.01.00707 от 30.01.2024г до 30.01.2025г.,"
53398,Сертификат№ KZ KZ.3110317.01.01.00705 от 30.01.2024г до 30.01.2025г
53400,"Письмо20.03.2024 г№06П-3/132
№7 от 19.03.2024г"
53420,"Письмо29.08.2024 г №06П-3/355
№10от 29.08.2024г"
53421,Письмо№06П3/249 от 24.06.2024
53422,KZ.7500553.13.12.00047 от 25 сентября 2024 года
53423,ЕАЭС KZ 7100841.13.12.08904 от 26.12.2024 года
53424,EAЭС KZ 1900193.13.12.03679 от 01.06.2023 года по 01.12.2023 года.
53425,EAЭС KZ 1900193.13.12.03678 от 01.06.2023 года по 01.12.2023 года.
53426,"Письмо от ТОО ""ТДА СЕРВИС"" исх. №1546/2023-ОПС от 05.06.2023 г."
53434,Декларация соответствия №KZ 7500533.13.12.00047 от 25.09.2024г.
53435,Письмо отказное ООО «АПЕКС» от 15.02.2023г. № АИ22-2457
53436,Письмо отказное ТОО «KAZAUTOCERT» от 12.09.2024г. № KZ/3383/24
53445,Декларация соответствия №KZ 7500551.13.12.00163 от 18.09.2024г.
53446,Декларация соответствия ЕАЭС KZ 7500533.13.12.05003 от 09.10.2024 года.
53447,ЕАЭС KZ 1900193.13.12.02712 от 16.02.2023 г.
53448,ЕАЭС KZ 7100841.13.12.02241 от 05 мая 2023 года.
53460,№ЕАЭС KZ 7500986.01.01.13818
53463,№ЕАЭС KZ 7500986.01.01.13819
53464,№ЕАЭС KZ 7500986.01.01.13822
53465,№ЕАЭС KZ 7500986.01.01.13823
53468,№ЕАЭС KZ 7500986.01.01.13820
53472,№ЕАЭС KZ 7500986.01.01.13821
53478,№ЕАЭС KZ 7500986.01.01.14429 от 14.02.2024 г. по 14.02.2026г.
53493,ЕАЭС KZ 7500533.13.12.05168 от 17.10.2024 по 16.10.2027
53494,ЕАЭС KZ 7500533.13.12.05169 от 17.10.2024 по 16.10.2027
53495,EAЭС KZ 3110317.13.12.00096 Дата регистрации 27.08.2022 действительна до 03.06.2025
53496,EAЭС KZ 3110317.13.12.00094 Дата регистрации 27.08.2022 действительна до 03.06.2025
53497,EAЭС KZ 3110317.13.12.00093 Дата регистрации 27.08.2022 действительна до 03.06.2025
53498,EAЭС KZ 3110317.13.12.00092 Дата регистрации 27.08.2022 действительна до 03.06.2025
53499,EAЭС KZ 3110317.13.12.00097 Дата регистрации 27.08.2022 действительна до 03.06.2025
53500,EAЭС KZ 3110317.13.12.00098 Дата регистрации 27.08.2022 действительна до 03.06.2025
53501,EAЭС KZ 3110317.13.12.00099 Дата регистрации 27.08.2022 действительна до 03.06.2025
53502,EAЭС KZ 3110317.13.12.00100 Дата регистрации 27.08.2022 действительна до 03.06.2025
53503,EAЭС KZ 3110317.13.12.00305 Дата регистрации 08.01.2024 действительна до 03.06.2025
53504,EAЭС KZ 3110317.13.12.00303 Дата регистрации 08.01.2024 действительна до 03.06.2025
53505,EAЭС KZ 3110317.13.12.00304 Дата регистрации 08.01.2024 действительна до 03.06.2025
53506,EAЭС KZ 3110317.13.12.00301 Дата регистрации 08.01.2024 действительна до 03.06.2025
53507,EAЭС KZ 3110317.13.12.00302 Дата регистрации 08.01.2024 действительна до 03.06.2025
53508,EAЭС KZ 3110317.13.12.00090 Дата регистрации 27.08.2022 действительна до 03.06.2025
53509,EAЭС KZ 3110317.13.12.00091 Дата регистрации 27.08.2022 действительна до 03.06.2025
53510,EAЭС KZ 3110317.13.12.00037 Дата регистрации 19.04.2022 действительна до 19.04.2025
53927,"ЕАЭС КZ 3510317.13.12.02845
02.11.2023г до 01.11.2026г"
53511,Сертификат соответствия KZ 3110317.01.01.00222 Дата регистрации 05.08.2022 действительна до 03.06.2025
53512,EAЭС KZ 3110317.13.12.00101 Дата регистрации 06.09.2022 действительна до 03.06.2025
53513,EAЭС KZ 1510317.13.12.00682 Дата регистрации 06.09.2022 действительна до 06.09.2025
53514,EAЭС KZ 3110317.13.12.00168  Дата регистрации 09.02.2023 действительна до 03.06.2025
53515,EAЭС KZ 3110317.13.12.00087 Дата регистрации 10.08.2022 действительна до 03.06.2025
53516,EAЭС KZ 3110317.13.12.00086 Дата регистрации 10.08.2022 действительна до 03.06.2025
53517,Сертификат соответствия KZ 3110317.01.01.00250 Дата регистрации 06.09.2022 действительна до 03.06.2025
53518,письмо из НАЦЭКС исх № 09П-3/160 от 09.04.2024г
53519,письмо из НАЦЭКС исх № 06П-3/160 от 09.04.2024г
53520,EAЭС KZ 3110317.13.12.00095 Дата регистрации 27.08.2022 действительна до 03.06.2025
53521,"EAЭС KZ 1510317.13.12.01376 
Дата регистрации 23.05.2024 действительна до 23.05.2027"
53522,"EAЭС KZ 3110317.13.12.00444 
Дата регистрации 15.08.2024 действительна до 15.08.2026"
53523,"EAЭС KZ 3110317.13.12.00295 
Дата регистрации 05.12.2023 действительна до 03.06.2025"
53524,"EAЭС KZ 3110317.13.12.002954
Дата регистрации 05.12.2023 действительна до 03.06.2025"
53525,Номер: ЕАЭС KZ 3110317.13.12.00157 от 28.12.2022год. Окончание действия документа 28.12.2025 год
53527,Номер: ЕАЭС KZ 3110317.13.12.00156 от 28.12.2022год. Окончание действия документа 28.12.2025 год
53532,Номер: ЕАЭС KZ 3110317.13.12.00158 от 28.12.2022год. Окончание действия документа 28.12.2025 год
53538,№ ЕАЭС RU C-KZ.HA54.B.00280/24. Срок действия с 25.11.2024г. по 24.11.2029г.
53552,ЕАЭС KZ6328317.13.12.00447 от 17.01.2023 г. до 17.01.2024 г.
53571,Информационное письмо исх.KZ/3367/24 от 11.09.2024 г. о том что товар не подлежит декларированию и сертификации от ТОО «Kazautocert»
53577,Сертификат соответствие № ЕАЭС ЕАЭС KZ 7500995.01.01.02732 срок действия с 18.02.2025 г. по 18.02.2028 г.
53583,№ ЕАЭС KZ.7100990.22.01.00260; 15.09.2020г. по 14.09.2025г.
53584,ЕАЭС KZ.7100841.01.01.06419 от 13.02.2025г. до 12.02.2028г.
53587,ЕАЭС KZ.7100841.01.01.06416 от 13.02.2025г. до 12.02.2028г.
53590,№ ЕАЭС KZ 7500651.01.01.09731 от 21.08.2024 г. до 21.08.2027 г.
53591,№ ЕАЭС KZ 7500651.01.01.09732 от 21.08.2024 г. до 21.08.2027 г.
53601,"№ ЕАЭС KZ 7500651.13.12.21991
от 27.08.2024 г. до 27.08.2027 г."
53636,"№ ЕАЭС KZ 7500651.13.12.21992
от 27.08.2024 г. до 27.08.2027 г."
53701,ЕАЭС KZ 6328317.13.12.00926 от 03.09.2024 года до 02.09.2025 года
53703,ЕАЭС KZ 6328317.13.12.00925 от 03.09.2024 года до 02.09.2025 года
53707,ЕАЭС KZ 6328317.01.01.00028 от 03.09.2024 года до 02.09.2025 года
53708,ЕАЭС KZ 6328317.13.12.00927 от 03.09.2024 года до 02.09.2025 года
53715,ЕАЭС KZ 6328317.01.01.00027 от 03.09.2024 года до 02.09.2025 года
53727,ЕАЭС KZ 6328317.01.01.00026 от 03.09.2024 года до 02.09.2025 года
53734,ЕАЭС KZ 6328317.01.01.00029 от 03.09.2024 года до 02.09.2025 года
53735,01-48/ОПС-302 от 05.09.2024 года
53801,"ЕАЭС KZ 3110317.01.01.00045 , срок действия с 26.08.2022 до 12.08.2025"
53802,"ЕАЭС KZ 3110317.13.12.00088 , срок действия с 26.08.2022 до 12.08.2025"
53803,"ЕАЭС KZ 3110317.13.12.00089 , срок действия с 26.08.2022 до 12.08.2025"
53811,"ЕАЭС KZ 3110317.01.01.00044 , срок действия с 26.08.2022 до 12.08.2025"
53819,№ ЕАЭС KZ 3110317.13.12.00045 от 26.08.2022г до 12.08.2025г.
53821,№ ЕАЭС KZ 3110317.13.12.00088 от 26.08.2022г до 12.08.2025г.
53826,ЕАЭС KZ 7500986.01.01.09333 от 23.01.2024 по 23.01.2025г
53831,"Декларация ЕАЭС KZ 7500986.13.12.04935 от 03.02.2023до 03.02.2024
Протокол испытаний №LPD-245 от 03/02/2023г., ИЛ ТОО ""ТДА СЕРВИС"" (аттестат: KZ.T.02.1505); Схема декларирования 1д;"
53832,"Декларация ЕАЭС KZ 7500986.13.12.05012 от 10.02.2023 до 10.02.2024г.,
Протокол испытаний №LPD-229 от 03/02/2023г., ИЛ ТОО ""ТДА СЕРВИС"" (аттестат: KZ.T.02.1505); Схема декларирования 1д;"
53833,"Декларация ЕАЭС KZ 7500986.13.12.04936
от03.02.2023до 03.02.2024г.
Протокол испытаний №LPD-246 от 03/02/2023г., ИЛ ТОО ""ТДА СЕРВИС""( аттестат: KZ.T.02.1505); Схема декларирования 1д;"
53834,"Сертификат № ЕАЭСК KZ 7500986.01.01.04523
Протокол испытаний №LPC109 от 02.02.2023г., ИЛ ТОО ""ТДА СЕРВИС"" (аттестат: KZ.T.02.1505); Акт анализа производства от 12/01/2023г.; Схема сертификации 1с"
53835,"Сертификат № ЕАЭСК KZ 7500986.01.01.04527
Протокол испытаний №LPC-110 от 02.02.2023., ИЛ ТОО ""ТДА СЕРВИС"" (аттестат: KZ.T.02.1505); Акт анализа производства от 12/01/2023г.; Схема сертификации 1с"
53836,"Сертификат № ЕАЭСК KZ 7500986.01.01.04528
Протокол испытаний №LPC-111 от 02.02.2023г., ИЛ ТОО ""ТДА СЕРВИС"" (аттестат: KZ.T.02.1505); Акт анализа производства от 12/01/2023г.; Схема сертификации 1"
53837,"Декларация № ЕАЭС KZ 7500986.13.12.04957  от 06.02.2023 до 06.02.2024
Протокол испытаний №LPD-236 от 06/02/2023г., ИЛ ТОО ""ТДА СЕРВИС"" (аттестат: KZ.T.02.1505); Схема декларирования 1д;"
53928,"ЕАЭС КZ 3510317.13.12.03726
04.10.2024г до 03.10.2027г"
53838,"Декларация ЕАЭС KZ 7500986.13.12.04928 от 03.02.2023 до 03.02.2024 
Протокол испытаний №LPD-262 от 03/02/2023г., ИЛ ТОО ""ТДА СЕРВИС"" (аттестат: KZ.T.02.1505); Схема декларирования 1д;"
53839,"Декларация № ЕАЭС KZ 7500986.13.12.04927 от 03.02.2023до 03.02.2024
Протокол испытаний №LPD-261 от 03/02/2023г., ИЛ ТОО ""ТДА СЕРВИС"" (аттестат: KZ.T.02.1505); Схема декларирования 1д;"
53840,"Сертификат № ЕАЭСК KZ 7500986.01.01.04525 от 03.02.2023 до 03.02.2024г.
Протокол испытаний №LPC-114 от 02.02.2023г., ИЛ ТОО ""ТДА СЕРВИС"" (аттестат: KZ.T.02.1505); Акт анализа производства от 12/01/2023г.; Схема сертификации 1с;"
53841,"Сертификат № ЕАЭСК KZ 7500986.01.01.04526 от 03.02.2023 до 03.02.2024г.
Протокол испытаний №LPC-115 от 02.02.2023г., ИЛ ТОО ""ТДА СЕРВИС"" (аттестат: KZ.T.02.1505); Акт анализа производства от 12/01/2023г.; Схема сертификации 1с;"
53842,"Сертификат № ЕАЭСК KZ 7500986.01.01.04529 от 03.02.2023 до 03.02.2024г.
Протокол испытаний №LPC-112 от 02.02.2023г ИЛ ТОО ""ТДА СЕРВИС"" (аттестат: KZ.T.02.1505); Акт анализа производства от 12/01/2023г.; Схема сертификации 1с;"
53843,"Декларация ЕАЭС KZ 7500986.13.12.04930 от
03.02.2023 до 03.02.2024
Протокол испытаний №LPD-264 от 03/02/2023г., ИЛ ТОО ""ТДА СЕРВИС"" (аттестат: KZ.T.02.1505); Схема декларирования 1д;"
53845,"Декларация ЕАЭС KZ 7500986.13.12.04929 от 03.02.2023 до 03.02.2024
Протокол испытаний №LPD-263 от 03/02/2023г., ИЛ ТОО ""ТДА СЕРВИС"" (аттестат: KZ.T.02.1505); Схема декларирования 1д;"
53846,"Декларация ЕАЭС KZ 7500986.13.12.04931 от 03.02.2023 до 03.02.2024
Протокол испытаний №LPD-265 от 03/02/2023г., ИЛ ТОО ""ТДА СЕРВИС"" (аттестат: KZ.T.02.1505); Схема декларирования 1д;"
53847,"Декларация ЕАЭС KZ 7500986.13.12.04932 от 03.02.2023 до 03.02.2024
Протокол испытаний №LPD-266 от 03/02/2023г., ИЛ ТОО ""ТДА СЕРВИС"" (аттестат: KZ.T.02.1505); Схема декларирования 1д;"
53848,"Декларация ЕАЭС KZ 7500986.13.12.04933 от 03.02.2023 до 03.02.2024
Протокол испытаний №LPD-243 от 03/02/2023г., ИЛ ТОО ""ТДА СЕРВИС"" (аттестат: KZ.T.02.1505); Схема декларирования 1д;"
53849,"Декларация ЕАЭС KZ 7500986.13.12.04937 от 03.02.2023до 03.02.2024
Протокол испытаний №LPD-247 от 03/02/2023г., ИЛ ТОО ""ТДА СЕРВИС"" (аттестат: KZ.T.02.1505); Схема декларирования 1д;"
53850,"Декларация ЕАЭС KZ 7500986.13.12.04934
от 03.02.2023до03.02.2024.
 Протокол испытаний №LPD-244 от 03/02/2023г., ИЛ ТОО ""ТДА СЕРВИС"" (аттестат: KZ.T.02.1505); Схема декларирования 1д;"
53851,"Декларация ЕАЭС KZ 7500986.13.12.04938 от 03.02.2023 до 03.02.2024
Протокол испытаний №LPD-248 от 03/02/2023г., ИЛ ТОО ""ТДА СЕРВИС"" (аттестат: KZ.T.02.1505); Схема декларирования 1д;"
53853,"Сертификат № ЕАЭСК KZ 7500986.01.01.04524 от 03.02.2023 до 03.02.2024г.
Протокол испытаний №LPC-113 от 02.02.2023г ИЛ ТОО ""ТДА СЕРВИС"" (аттестат: KZ.T.02.1505); Акт анализа производства от 12/01/2023г.; Схема сертификации 1с;"
53854,"Декларация № ЕАЭС KZ 7500986.13.12.04957 от 06.02.2023 до 06.02.2024
Протокол испытаний №LPD-236 от 06/02/2023г., ИЛ ТОО ""ТДА СЕРВИС"" (аттестат: KZ.T.02.1505); Схема декларирования 1д;"
53855,Письмо №1 от 04.02.2023
53864,ЕАЭС KZ 7500651.01.01.09782 от 23.08.2024г. по 23.08.2027г.
53865,ЕАЭС KZ 7500651.01.01.09783 от 23.08.2024 г. по 23.08.2027г.
53866,ЕАЭС KZ 7500651.13.12.21922 от 23.08.2024 г. по 23.08.2027г.
53868,ЕАЭС KZ 7500651.13.12.21923 от 23.08.2024
53869,ЕАЭС KZ 7500651.13.12.21924 от 23.08.2024
53870,ЕАЭС KZ 7500651.13.12.21925 от 23.08.2024 г. по 23.08.2027г.
53873,ЕАЭС KZ 7500651.13.12.21927 от 23.08.2024
53874,ЕАЭС KZ 7500651.13.12.21926 от 23.08.2024
53875,ЕАЭС KZ 7500651.01.01.09782 от 23.08.2024
53876,ЕАЭС KZ 7500651.13.12.21928 от 23.08.2024г. по 23.08.2027г.
53877,ЕАЭС KZ 7500651.13.12.21930 от 23.08.2024 г. по 23.08.2027г.
53878,ЕАЭС KZ 7500651.13.12.21928 от 23.08.2024 г. по 23.08.2027г.
53880,ЕАЭС KZ 7500651.13.12.21929 от 23.08.2024 г. по 23.08.2027г.
53881,ЕАЭС KZ 7500651.13.12.21931 от 23.08.2024 г. по 23.08.2027г.
53882,ЕАЭС KZ 7500651.13.12.21986 от 27.08.2024
53892,"ЕАЭС КZ 3510317.13.12.02266
08.06.2023г до 07.06.2026г"
53893,"ЕАЭС КZ 3510317.13.12.01616
09.12.2022г до 09.12.2025г"
53895,"ЕАЭС КZ 3510317.13.12.03595
15.08.2024г до 14.08.2027г"
53896,"ЕАЭС КZ 3510317.13.12.01615
09.12.2022г до 09.12.2025г"
53898,"ЕАЭС КZ 3510317.13.12.03750
18.10.2024г до 17.10.2027г"
53899,"ЕАЭС КZ 3510317.13.12.03438
24.05.2024г до 23.05.2027г"
53900,"ЕАЭС КZ 3510317.13.12.01926
15.03.2023г до 15.03.2026г"
53901,"ЕАЭС КZ 3510317.13.12.02435
02.08.2023г до 01.08.2026г"
53903,"ЕАЭС КZ 3510317.13.12.03437
24.05.2024г до 23.05.2027г"
53904,"ЕАЭС КZ 3510317.13.12.03356
05.04.2024г до 04.04.2027г"
53908,"ЕАЭС КZ 3510317.13.12.03588
09.08.2024г до 08.08.2027г"
53909,"ЕАЭС КZ 3510317.13.12.00848
19.05.2022г до 19.05.2025г"
53916,"ЕАЭС КZ 3510317.13.12.02847
02.11.2023г до 01.11.2026г"
53919,"ЕАЭС КZ 3510317.13.12.03326
28.03.2024г до 27.03.2027г"
53920,"ЕАЭС КZ 3510317.13.12.02267
08.06.2023г до 07.06.2026г"
53921,"ЕАЭС КZ 3510317.13.12.01994
31.03.2023г до 31.03.2026г"
53922,"ЕАЭС КZ 3510317.13.12.02846
02.11.2023г до 01.11.2026г"
53924,"ЕАЭС КZ 3510317.13.12.02631
13.09.2023г до 12.09.2026г"
53930,"ЕАЭС КZ 3510317.13.12.02731
09.10.2023г до 08.10.2026г"
53934,"ЕАЭС КZ 3510317.13.12.03710
25.09.2024г до 24.09.2027г"
53937,"ЕАЭС КZ 3510317.13.12.03881
06.12.2024г до 05.12.2027г"
53938,"ЕАЭС КZ 3510317.13.12.03327
29.03.2024г до 28.03.2027г"
53940,"ЕАЭС КZ 3510317.13.12.02929
15.11.2023г до 14.11.2026г"
53941,"ЕАЭС КZ 3510317.13.12.02930
15.11.2023г до 14.11.2026г"
53943,"ЕАЭС КZ 3510317.13.12.03158
22.12.2023г до 21.12.2026г"
53945,"ЕАЭС КZ 3510317.13.12.03157
22.12.2023г до 21.12.2026г"
53947,"ЕАЭС КZ 3510317.13.12.03187
11.01.2024г до 10.01.2027г"
53950,Декларация о соответствии № ЕАЭС KZ 7500533.13.12.01280 от 16.02.2024 г. по 15.02.2029 г.
53951,Информационное письмо исх № KZ/4623/24 от 21.11.2024 г. выданное ТОО «KAZAUTOCERT»
53953,Декларация о соответствии ЕАЭС №ЕАЭС KZ.7500669.13.12.00007 со сроком от 27.04.2023г. по 27.04.2026г.
53963,Декларация о соответствии ЕАЭС №ЕАЭС KZ.7500669.13.12.00005 со сроком от 27.04.2023г. по 27.04.2026г.
53973,Декларация о соответствии  ЕАЭС №ЕАЭС KZ.7500669.13.12.00006 со сроком от 27.04.2023г. по 27.04.2026г.
53983,KZ.7700.02.01.01197498 от 20.11.2024 г. до 01.10.2026 г.
53984,KZ.7700.02.01.01140101 от 20.06.2024 до 01.11.2026 г.
53985,KZ.7700.02.01.01169991 от 04.09.2024 г. до 01.12.2026 г.
53986,KZ.7700.02.01.01202454 от 05.12.2024 г. до 01.05.2027 г.
53987,KZ.7700.02.01.01201609 от 03.12.2024 г. до 01.05.2027 г.
53988,KZ.7700.02.01.01203154 от 06.12.2024 г. до 01.11.2028 г.
53989,KZ.7700.02.01.01221692 от 24.01.2025 г. до 01.01.2028 г.
53990,KZ.7700.02.01.01129184 от 27.05.2024 г. до 01.10.2026 г.
53991,KZ.7700.02.01.01204906 от 11.12.2024 г. до 01.04.2027 г.
53992,KZ.7700.02.01.01206001 от 13.12.2024 г. до 01.06.2027 г.
53993,KZ.7700.02.01.01210788 от 23.12.2024 г. до 01.06.2027 г.
53994,KZ.7700.02.01.01180884 от 07.10.2024 г. до 01.03.2027 г.
53995,KZ.7700.02.01.01210734 от 23.12.2024 г. до 01.11.2027 г.
53996,KZ.7700.02.01.01107647 от 03.04.2024 г. до 01.08.2026 г.
53997,KZ.7700.02.01.01178668 от 01.10.2024 г. до 01.09.2027 г.
53998,"ЕАЭС KG417/032.Д.0005940   30.11.2023
28.11.2026"
54002,"ЕАЭС KG417/038.Д.0006106   07.04.2023
06.04.2026"
54005,"ЕАЭС KG417/032.Д.0005902  29.11.2023
27.11.2026"
54006,"ЕАЭС KG417/038.Д.0005012  08.02.2023
08.02.2026"
54007,"ЕАЭС KG417/038.Д.0006110   07.04.2023
06.04.2026"
54010,"ЕАЭС KG417/038.Д.0006108 07.04.2023
06.04.2026"
54012,"ЕАЭС KG417/022.Д.0015842  21.04.2022
20.04.2025"
54018,"ЕАЭС KG417/024.Д.0023913   27.07.2023
26.07.2026"
54020,"ЕАЭС KG417/020.Д.0004551 10.11.2022
10.11.2025"
54021,"ЕАЭС KG417/024.Д.0023914 27.07.2023
26.07.2026"
54023,"ЕАЭС KG417/032.Д.0003944  18.05.2023
17.05.2026"
54025,Декларация соответствия №EAЭС KZ 7500317.13.12.04475 от 14.06.2023-17.05.2026
54026,"Информационное письмо ТОО «KAZAUTOCERT» Исх. KZ/1674/24 от 23.05.2024г.,"
54029,ЕАЭС KZ 7500937.01.01.00868
54046,№ ЕАЭС KZ 7500986.01.01.03231 от 03.11.2022 по 03.11.2023
54049,ЕАЭС KZ7500986.01.01.08819 от 06.12.2023
54052,ЕАЭС KZ7500802.01.01.00783 от 02.11.2023
54060,ЕАЭС KZ7500986.01.01.08932 от 15.12.2023
54063,ЕАЭС KZ 7100841.01.01.04231от 05.08.2024 до 04.08.2025
54065,ЕАЭС KZ7500986.13.12.11634 с 05.04.2024 по 05.04.2027г.
54066,ЕАЭС KZ7500986713712711635 с 05.04.2024 по 05.04.2027г.
54067,ЕАЭС KZ.7500995.13.12.08545  с 09.04.2024 по 09.04.2025г.
54068,ЕАЭС KZ.7500986.13.12.11633 с 05.04.2024 по 05.04.2027г.
54069,ЕАЭС KZ7500995.01.02551 с 09.04.2024 по 09.04.2025г.
54070,"ЕАЭС KZ7500986.13.12.11630 с
с 05.04.2024 по 05.04.2027г."
54071,Информационное письмо №2941-24 от 13.08.2024 г.
54072,Информационное письмо №3714-24 от 02.10.2024 г.
54073,Информационное письмо №KZ/662/25 от 13.02.2025г.
54090,KZ.7500551.01.01.00920 срок действия с 19.08.2022 по 26.04.2025
54095,"ЕАЭС KZ
7100841.13.12.02134 срок
действия с 18.04.2023 по
18.04.2026"
54114,"ЕАЭС KG417/026.Д.0000636, срок действия с 13.09.2021 по 12.09.2024"
54115,ЕАЭС KZ 7500525.13.12.00129 срок действия с 22.07.2022 по 21.07.2027
54116,ЕАЭС KZ 7100841.01.01.01000 срок действия с 16.01.2023 по 16.01.2026
54120,ЕАЭС KZ 7100841.13.12.01572 срок действия 18.01.2023 по 18.01.2026
54122,Не подллежит обязательной сертификации
54123,"ЕАЭС KZ
7500196.13.12.02
160 срок действия от 10.04.2023
по 10.04.2026"
54140,ЕАЭС KZ 7500986.01.01.08361 срок действия с 01.11.2023 по 01.11.2024
54142,"Не подлежит
обязательному
подтверждению
соответсвия"
54143,"ЕАЭС KZ
7100841.13.12.03
682 срок
действия с
27.12.2023 по
26.12.2026"
54146,"ЕАЭС KZ
7500533.13.12
.01672 срок
действия с
16.04.2024 по
15.04.2029"
54147,"ЕАЭС KZ
7500986.01.01.10
781 от 07.06.2024
по 07.06.2027"
54149,ЕАЭС KZ 7500533.13.12.07929 срок действия с 27.02.2025 по 26.02.2030
54165,KZ 3510396.01.01.00176 15.09..2022-14.09.2027
54169,KZ 3510396.13.12.00149 29.06.2022-28.07.2027
54177,KZ 3510396.01.01.00105 20.06.2022-29.06.2027
54182,KZ 3510396.01.01.00167 14.09.2022-13.09.2027
54183,KZ 3510396.01.01.00108 30.06.2022-29.06.2027
54187,KZ 3510396.13.12.00148 29.06.2022-28.06.2027
54190,KZ 3510396.01.01.00106 30.06.2022-29.07.2027
54191,KZ 3510396.01.01.00168 14.09.2022-13.09.2027
54194,KZ. 3510396.13.12.00149 29.06.2022-28.07.2027
54196,KZ 3510396.01.01.00172 14.09.2022-13.09.2027
54198,KZ 3510396.01.01.00174 14.09.2022-13.09.2027
54201,"KZ 3510396.13.12.00147
29.06.2022-28.06.2027"
54203,"KZ 3510396.13.12.00149
29.06.2022-28.06.2027"
54205,"KZ 3510396.01.01.00246
24.12.2022-29.12.2027"
54209,"KZ 3510396.01.01.00107
30.06.2022-29.06.2027"
54214,"KZ 3510396.01.01.00105
30.06.2022-29.06.2027"
54215,"KZ 3510396.13.12.00150
29.06.2022-28.06.2027"
54225,"KZ 3510396.13.12.00148
29.06.2022-28.06.2027"
54245,"KZ 3510396.01.01.00153
03.10.2023-03.10.2024"
54298,"не подлежит сертификации              ЗРК ""О техническом регулировании"""
54303,№1050/2025 от 12.02.2025г
54324,"ЕАЭС KZ3510317.01.01.01200
05.02.2025-04.02.2028"
54325,"ЕАЭС KZ3510317.01.01.01204
05.02.2025-04.02.2028"
54326,"ЕАЭС KZ3510317.01.01.01202
05.02.2025-04.02.2028"
54330,"ЕАЭС KZ3510317.01.01.01201
05.02.2025-04.02.2028"
54333,"ЕАЭС KZ3510317.01.01.01203
05.02.2025-04.02.2028"
54334,"ЕАЭС KZ3510317.01.01.01205
05.02.2025-04.02.2028"
54335,"ЕАЭС KZ3510317.13.12.03949
05.02.2025-04.02.2028"
54338,сертификат соответствия KZ.5110317.01.01.20116 со сроком действия от 14.10.2020г. по 14.10.2023г
54343,сертификат соответствия KZ.5110317.01.01.20114 со сроком действия от 14.10.2020г. по 14.10.2023г
54345,сертификат соответствия KZ.5110563.01.01.20385 со сроком действия от 27.11.2020г. по 14.10.2023г
54351,сертификат соответствияKZ.5110563.01.01.20385 со сроком действия от 27.11.2020г. по 14.10.2023г
54359,сертификат соответствия KZ.5110317.01.01.20115 со сроком действия от 14.11.2020г. по 14.11.2023г
54361,сертификат соответствия KZ.5110317.01.01.20123 со сроком действия от 16.11.2020г. по 16.11.2023г
54379,сертификат соответствия KZ.5110317.01.01.20142 со сроком действия от 28.12.2020г. по 14.10.2023г
54388,сертификат соответствия KZ5110317.01.01.20143 со сроком действия от 28.12.2020г. по 14.10.2023г
54395,сертификат соответствия KZ.5110317.01.01.00273 со сроком действия от 22.09.2022г. по 22.09.2023г
54405,сертификат соответствия KZ.5110317.01.01.20117 со сроком действия от 14.10.2020г. до 14. 10. 2023
54406,"Регистрационный номер декларации о соответствии: ЕАЭС N RU Д-KZ.РА10.В.62670/24 
Дата регистрации декларации о соответствии: 18.11.2024 года
Декларация о соответствии действительна с даты регистрации по 17.11.2029 года
включительно"
54408,ЕАЭС KZ 7500986.01.01.13038 с 29.10.2024 до 29.10.2025 года
54413,ЕАЭС KZ 7500986.01.01.09642 с 19.02.2024  до 19.02.2027
54427,Декларация о соответствии от 17.01.2025. Срок выдачи до 03.04.2026.
54443,"Декларация о соответствии ЕАЭС KZ 7500986.13.12.06696
 10.05.2023-10.05.2026"
55093,письмо № 21-9-13-16/34-ЮЛ-П-00131 от 28.11.2019г
55108,справка № 04-23/15 от 14.03.2022г
55116,Справка № 02-03/62 от 10.12.2019г
55136,письмо № 1236/2023-ОПС от 03.05.2023 года.
55197,справка № 04-23/005 от 26.01.2022г
55206,справка № 04-23/042 от 29.11.2022г
55243,"Декларация о соответствии ЕАЭС KZ 7500986.13.12.06697
 10.05.2023-10.05.2026"
55331,письмо № 05-03/62 от 10.12.2019 г.
55335,справка № 04-23/037 от 27.10.2021г
55340,справка № 04-23/27 от 02.06.2022г
55380,письмо № 04-23/27 от 02.06.2022 г.
55436,справка № 02-03/62 от 10.12.2019 года.
55440,письмо № 04-23/10 18.04.2023 г.
55473,Декларация о соответствии ЕАЭС KZ 7500986.13.12.06696
55537,ЕАЭС KZ 7500995.01.01.01668 от 28.12.2022 г до 28.12.2025г.
55538,ЕАЭС KZ 7500995.01.01.01667 от 28.12.2022 г до 28.12.2025г
55539,ЕАЭС KZ 7500995.01.01.01666 от 28.12.2022 г до 28.12.2025г
55540,ЕАЭС KZ 7500995.13.12.05343 от 28.12.2022 г до 28.12.2025г
55541,ЕАЭС KZ 7500995.13.12.05345 от 28.12.2022 г до 28.12.2025г
55542,ЕАЭС KZ 7500995.13.12.05344 от 28.12.2022 г до 28.12.2025г
55543,Декларация о соответствии № ЕАЭС KZ 7500986.13.12.09300 от 23.10.2023г. действителен до23.10.2024г.
55545,Декларация о соответствии № ЕАЭС KZ 7500986.13.12.09301 от 23.10.2023г. действителен до23.10.2024г.
55546,Декларация о соответствии № ЕАЭС KZ 7500986.13.12.09302 от 23.10.2023г. действителен до23.10.2024г.
55547,Декларация о соответствии № ЕАЭС KZ 7500986.13.12.09303 от 23.10.2023г. действителен до23.10.2024г.
55548,Декларация о соответствии № ЕАЭС KZ 7500986.13.12.09304 от 23.10.2023г. действителен до23.10.2024г.
55549,Декларация о соответствии № ЕАЭС KZ 7500986.13.12.09305 от 23.10.2023г. действителен до23.10.2024г.
55550,Декларация о соответствии № ЕАЭС KZ 7500986.13.12.09306 от 23.10.2023г. действителен до23.10.2024г.
55552,ЕАЭС KZ 7500651.13.12.24982 от 19.12.2024 г. до  18.12.2029 г.
55553,ЕАЭС KZ 7500651.13.12.24983 19.12.2024г. до 18.12.2029 г.
55554,ЕАЭС KZ 7500651.13.12.24990 20.12.2024 г. до 19.12.2029 г.
55555,ЕАЭС KZ 7500651.13.12.24993  20.12.2024г. до 19.12.2029 г.
55556,ЕАЭС KZ 7500651.13.12.24995  от 20.12.2024 до 19.12.2029 г.
55557,"№ ЕАЭС KZ 7500651.01.01.10968                       от 20.12.2024г. до 19.12.2029г.
"""
55558,"№ ЕАЭС KZ 7500651.01.01.10968                            от 20.12.2024г. до 19.12.2029г.
"""
55559,"№ ЕАЭС KZ 7500651.01.01.10969                        от 20.12.2024г.до 19.12.2029г.
"""
55560,"№ ЕАЭС KZ 7500651.01.01.10969                         от 20.12.2024г. до 19.12.2029г.
"""
55561,"№ ЕАЭС KZ 7500651.01.01.10967                           от 20.12.2024г.  до 19.12.2029г.
"""
55562,"№ ЕАЭС KZ 7500651.01.01.10967                        от 20.12.2024г.  до 19.12.2029г.
"""
55563,"№ ЕАЭС KZ 7500651.01.01.10965                          от 20.12.2024г. до 19.12.2029г.
"""
55564,"№ ЕАЭС KZ 7500651.01.01.10964                         от 20.12.2024г. до 19.12.2029г.
"""
55565,"№ ЕАЭС KZ 7500651.01.01.10970                         от 20.12.2024г.  до 19.12.2029г.
"""
55566,"№ ЕАЭС KZ 7500651.01.01.10963                          от 20.12.2024г.  до 19.12.2029г.
"""
55568,"№ ЕАЭС KZ 7500651.01.01.10962                          от 20.12.2024г. до 19.12.2029г.
"""
55569,"№ ЕАЭС KZ 7500651.01.01.10962                           от 20.12.2024г. до 19.12.2029г.
"""
55570,"№ ЕАЭС KZ 7500651.01.01.10966                          от 20.12.2024г. до 19.12.2029г.
"""
55571,№EAЭС KZ 7500651.13.12.07795 от 30.09.2022г. до 30.09.2025г.
55573,"№EAЭС KZ 7500651.13.12.08609 от 14.11.2022г., по 30.09.2025г."
55574,№EAЭС KZ 7500651.13.12.07794 от 30.09.2022г. до 30.09.2025г.
55576,№EAЭС KZ 7500651.13.12.07797 от 30.09.2022г. до 29.09.2027г.
55577,№EAЭС KZ 7500651.13.12.07797                                                                                                                                         от 30.09.2022г. до 29.09.2027г.
55578,№EAЭС KZ 7500651.13.12.07798 от 30.09.2022г. до 29.09.2027г.
55580,№EAЭС KZ 7500651.13.12.07796 от 30.09.2022г. до 29.09.2027г.
55582,№EAЭС KZ 7500651.01.01.03383 от 30.09.2022г. до 30.09.2025г.
55583,№EAЭС KZ 7500651.01.01.03363 от 30.09.2022г. до 30.09.2025г.
55585,№EAЭС KZ 7500651.01.01.03364 от 30.09.2022г. до 30.09.2025г.
55587,№EAЭС KZ 7500651.01.01.03365 от 30.09.2022г. до 30.09.2025г.
55591,№EAЭС KZ 7500651.01.01.03366 от 30.09.2022г. до 30.09.2025г.
55593,№EAЭС KZ 7500651.01.01.03379 от 30.09.2022г. до 30.09.2025г.
55596,№EAЭС KZ 7500651.01.01.03380 от 30.09.2022г. до 30.09.2025г.
55597,№EAЭС KZ 7500651.01.01.03367 от 30.09.2022г. до 30.09.2025г.
55598,№EAЭС KZ 7500651.01.01.03381 от 30.09.2022г. до 30.09.2025г.
55599,№EAЭС KZ 7500651.01.01.03368 от 30.09.2022г. до 30.09.2025г.
55600,№EAЭС KZ 7500651.01.01.03369 от 30.09.2022г. до 30.09.2025г.
55601,№EAЭС KZ 7500651.01.01.03370 от 30.09.2022г. до 30.09.2025г.
55603,№EAЭС KZ 7500651.01.01.03371 от 30.09.2022г. до 30.09.2025г.
55604,№EAЭС KZ 7500651.01.01.03382 от 30.09.2022г. до 30.09.2025г.
55605,№EAЭС KZ 7500651.01.01.03376 от 30.09.2022г. до 30.09.2025г.
55606,"№EAЭС KZ 7500651.01.01.03797 от 14.11.2022г., по 14.11.2025г."
55608,"№EAЭС KZ 7500651.01.01.03798 от 14.11.2022г., по 14.11.2025г."
55610,№EAЭС KZ 7500651.01.01.03378 от 30.09.2022г. до 30.09.2025г.
55622,№ЕАЭС KZ7500651.01.01.05474 от 04.05.2023 до 04.05.2026г
55624,№ЕАЭС KZ7500651.01.01.01558 от 25.04.2023 до 25.04.2024г
55625,№ЕАЭС KZ7500651.13.12.12135 от 05.05.2023 до 05.05.2026г
55626,№ЕАЭС KZ7500651.13.12.12136 от 04.05.2023 до 04.05.2026г
55627,№ЕАЭС KZ7500651.13.12.12137 от 04.05.2023 до 04.05.2028г
55631,№ЕАЭС KZ7500651.13.12.12138 от 04.05.2023 до 04.05.2026г
55632,№ЕАЭС KZ7500651.13.12.12139 от 05.05.2023 до 04.05.2028г
55633,№ЕАЭС KZ7500651.13.12.12140 от 05.05.2023 до 05.05.2026г
55634,№ЕАЭС KZ7500651.13.12.12141 от 05.05.2023 до 05.05.2026г
55635,№ЕАЭС KZ7500651.13.12.12143 от 05.05.2023 до 05.05.2026г
55637,№ЕАЭС KZ7500651.13.12.12144 от 05.05.2023 до 05.05.2026г
55639,Информационное письмо №141222-05 от 14.12.2022 действителен до 14.12.2023
55643,Письмо касательно обязательного подтверждения соответствия продукции исх. №2760/2022 –ОПС от 9.12.2022 действителен до 9.12.2023
55649,Декларация соответствия ЕАЭС KZ 7100841.12.12.01350 от 19.12.2022 действителен до 19.12.2023
55653,Информационное письмо №240523–04 от 24.05.2023
55655,Декларация Соответствия № ЕАЭС 7500533.13.12.00814 дата выдачи 04.10.2023 действителен до 03.10.2028
55656,Информационное письмо №KZ/3114/23 дата выдачи 03.10.2023г. действителен до 03.10.2024
55657,Информационное письмо №12/23-2142 от 08.12.2023
55658,Информационное письмо №0088/2024-ОПС от 11.01.2024
55659,Информационное письмо №12/23-2143 от 12.12.2023
55660,Информационное письмо №04/24-2111 от 23.04.2024
55661,Декларация соответствия ЕАЭС KZ7500196.13.12.05151 от 28.06.2024
55662,Декларация соответствия ЕАЭС KZ7500196.13.12.05152 от 28.06.2024
55663,Декларация Соответствия № ЕАЭС 7500533.13.12.06499
55664,Письмо №02/25-2498 от 19.02.2025г.
55668,"Сертификат соответствия №ЕАЭС ЕАЭС KZ 7500986.01.01.14428 от 14.02.2025г., со сроком действия по 14.02.2028г."
55693,"ЕАЭС KZ 7500986.13.12.15777
14.02.2025"
55694,ЕАЭС KZ 7500986.13.12.15777 14.02.2025
55695,№ КZ.5510317.13.12.00028 от 31.07.2024г до 06.03.2027г.
55696,№ КZ.5510317.13.12.00029 от 31.07.2024г до 06.03.2027г.
55697,№ КZ.5510317.13.12.00030 от 31.07.2024г до 06.03.2027г.
55698,№ КZ.5510317.01.01.00918 от 26.07.2024г до 06.03.2027г.
55700,№ КZ.5510317.01.01.00917 от 26.07.2024г до 06.03.2027г.
55704,№ КZ.5510317.01.01.00916 от 26.07.2024г до 06.03.2027г.
55706,№ КZ.5510317.01.01.00915 от 26.07.2024г до 06.03.2027г.
55710,№ КZ.5510317.01.01.00920 от 29.07.2024г до 06.03.2027г
55714,№ КZ.5510317.01.01.00919 от 26.07.2024г до 06.03.2027г.
55725,"KZ.7500361.01.01.01398
02.03.2022-01.03.2027"
55726,"KZ.7500361.01.01.01399
02.03.2022-01.03.2027"
55727,"KZ.7500361.13.12.10942
23.02.2022-22.02.2027"
55729,"KZ.7500361.01.01.01396
02.03.2022-01.03.2027"
55730,"KZ.7500361.13.12.10941
23.02.2022-22.02.2027"
55731,"KZ.7500361.13.12.10941
23.02.2022-22.02.2027
KZ.7500361.13.12.10941
23.02.2022-22.02.2027"
55734,"KZ.7500361.13.12.10938
23.02.2022-22.02.2027"
55735,"KZ.7500361.13.12.10940
23.02.2022-22.02.2027"
55736,"KZ.7500361.13.12.10937
23.02.2022-22.02.2027"
55737,"KZ.7500361.01.01.01397
02.03.2022-01.03.2027"
55738,"KZ.7500361.13.12.10939
23.02.2022-22.02.2027"
55748,"Сертификат ЕАЭС
№
KZ.7500651.01.01.11683
От 05.03.2025г до 05.03.2026г"
55749,"Сертификат
№KZ.7500651.01.01.28348
От 05.03.2025г до 05.03.2026г"
55750,"Сертификат
№KZ.7500651.01.01.28349
От 05.03.2025г до 05.03.2026г"
55751,Письмо№SS2503–174 от «03» марта 2025г
55753,"Сертификат
№KZ.7500651.01.01.28347
От 05.03.2025г до 05.03.2026г"
55756,"Сертификат соответствия Евразийского экономического союза  ЕАЭС KZ 7500986.01.01.08623, срок действия с 21 ноября 2023 года по 21 ноября 2026 года"
55757,"Сертификат соответствия Евразийского экономического союза  ЕАЭС KZ 7500986.01.01.08622, срок действия с 21 ноября 2023 года по 21 ноября 2026 года"
55760,"Сертификат соответствия Евразийского экономического союза  ЕАЭС KZ 7500986.01.01.08625, срок действия с 21 ноября 2023 года по 21 ноября 2026 года"
55761,"Сертификат соответствия Евразийского экономического союза  ЕАЭС KZ 7500986.01.01.08624, срок действия с 21 ноября 2023 года по 21 ноября 2026 года"
55763,"Сертификат соответствия Евразийского экономического союза ЕАЭС KZ 7500937.01.01.00844, срок действия с 11 июля 2024 г. по 10 июля 2025 г. включительно"
55768,"Сертификат соответствия Евразийского экономического союза ЕАЭС KZ 7500937.01.01.00843, срок действия с 11 июля 2024 г. по 11 июля 2025 г. включительно"
55769,"Сертификат соответствия Евразийского экономического союза ЕАЭС KZ 7500937.01.01.00845, срок действия с 15 июля 2024 г. по 14 июля 2025 г. включительно"
55771,"Сертификат соответствия Евразийского экономического союза ЕАЭС KZ 7500937.01.01.00846, срок действия с 18 июля 2024 г. по 17 июля 2025 г. включительно"
55773,"Сертификат соответствия государственной системы технического регулирования РК (15408-3-2017) № KZ.7500186.05.01.2749 , срок действия с 25 февраля 2025 г. по 25 февраля 2028 г. включительно"
55774,"Сертификат соответствия государственной системы технического регулирования РК (15408-3-2017) № КZ.7500186.00.01.00074, срок действия с  22 ноября 2023 г. по 22 ноября 2026 г. включительно"
55775,"Сертификат соответствия                       № KZ.7500995.01.01.01958, сроком от 05.06.2024  действия до 05.06.2025 г."
55776,"Сертификат соответствия                       № KZ.7500995.01.01.01958,  сроком от  05.06.2024  действия до 05.06.2025 г."
55777,"Декларация о соответствии   ЕАЭС KZ 7500995.13.12.09301
сроком действия от 03.06.2024 до 03.06.2025
включительно"
55778,"Декларация о соответствии ЕАЭС KZ 7500995.13.12.09301
сроком действия от 03.06.2024 до 03.06.2025
включительно"
55781,"Сертификат соответствия  №
KZ.7500995.01.01.01959  сроком от 05.06.2024 действия до 05.06.2025"
55782,"Сертификат соответствия  №
KZ.7500995.01.01.01959 сроком от 05.06.2024 действия до 05.06.2025"
55785,"Сертификат соответствия  №
KZ.7500995.01.01.01959 сроком от 05.06.2024 действия  до 05.06.2025"
55789,"Сертификат соответствия  №
KZ.7500995.01.01.01959 сроком  от 05.06.2024 действия  до 05.06.2025"
55804,"Декларация о соответствии ЕАЭС №ЕАЭС KZ 7100841.13.12.08811 от 20.12.2024г., со сроком по 19.12.2025г."
55808,"№ ЕАЭС KZ 7500651.13.12.25566
с 27.01.2025 г. до 27.01.2028 г."
55831,"№ ЕАЭС KZ 7500651.13.12.25565
с 27.01.2025 г. до 27.01.2028 г."
55847,Сертификат соответствия KZ.7500317.01.01.00160 от 25.07.2024г. Действителен до 25.07.2025г.
55848,Сертификат соответствия KZ.7500317.01.01.00157 от 25.07.2024г. Действителен до 25.07.2025г.
55849,Сертификат соответствия KZ.7500317.01.01.00158 от 25.07.2024г. Действителен до 25.07.2025г.
55850,Декларация о соответствии KZ.7500317.13.12.07096 от 26.07.2024 г. Действителен до 26.07.2025г.
55852,"Письмо о необязательной оценке соответствия № 1498/10 от 25.12.2024г., выданное АО ""Национальный Центр Экспертизы и Сертификации"" Алматинский Филиал"
55853,Декларация о соответствии KZ.7500317.13.12.07097 от 26.07.2024 г. Действителен до 26.07.2025г
55854,Декларация о соответствии KZ.7500317.13.12.07931 от 02.12.2024 г. Действителен до 02.12.2025г
55855,Декларация о соответствии KZ.7500317.13.12.07929 от 02.12.2024 г. Действителен до 02.12.2025г
55856,Декларация о соответствии KZ.7500317.13.12.07930 от 02.12.2024 г. Действителен до 02.12.2025г
55859,Сертификат соответствия KZ.7500317.01.01.00177 от 25.12.2024г. Действителен до 25.12.2025г.
55860,Сертификат соответствия KZ.7500317.01.01.00176 от 25.12.2024г. Действителен до 25.12.2025г.
55862,Сертификат соответствия KZ.7500317.01.01.00175 от 25.12.2024г. Действителен до 25.12.2025г.
55863,Сертификат соответствия KZ.7500317.01.01.00178 от 25.12.2024г. Действителен до 25.12.2025г.
55865,KZ.1110053.01.01.00294 от 12.08.24г. до 12.08.2025г.
55873,KZ.1110053.01.01.00297 от 16.09.2024г. до 16.09.2025г.
55875,KZ.1110053.01.01.00293 от 12.08.2024г. до 12.08.2025г.
55876,Не подлежит обязательной оценке соответствия (письмо подтверждение исх № KZ/322/25 от 24.01.2025
55877,Не подлежит обязательной оценке соответствия (письмо подтверждение исх № KZ/322/25 от 24.01.2025)
55904,"Декларация соответствия EAC № ЕАЭС KZ 7500851.13.12.08322 от 23.09.2024 г., срок действия до 23.09.2027 г."
55934,"Информационное письмо №144/11 от 13.02.2025г.
ОПС Алматинский филиал АО «Национальный
центр экспертизы и сертификации»"
55942,Информационное письмо Исх. 1538 от 05.05.2024 г ТОО “KAZAUTOCERT”
55944,"№ ЕАЭС KZ 7500651.13.12.23980
с 29.10.2024 г. по 29.10.2027 г."
55970,"№ ЕАЭС KZ 7500651.13.12.23952
с 29.10.2024 г. по 29.10.2027 г."
55973,"№ ЕАЭС KZ 7500651.01.01.10526
с 30.10.2024 г. по 30.10.2027 г."
55980,KZ.7500968.00.01.00006
55986,ЕАЭС KZ 7500317.13.12.08591 от 17.03.2025г. по 17.03.2026г.
55994,"Сертификат соответствия №РОСС RU.32766. 04ПГС0.ОС02.01451 выдано ООО ""Прогресс"" с 29.10.2024 г. по 28.10.2027 г."
55995,29.07.2024 до  29.07.2027   ЕАЭС KZ 7100934.13.12.01009
55996,29.07.2024 до  29.07.2027    ЕАЭС KZ 7100934.13.12.01009
55997,29.07.2024 до 29.07.2027     ЕАЭС KZ 7100934.13.12.01009
55998,12.06.2024 до 12.06.2027     ЕАЭС KZ 7100934.13.12.00976
55999,16.03.2023 до  16.03.2026   ЕАЭС KZ 7100934.13.12.00554
56000,16.03.2023 до  16.03.2026   ЕАЭС KZ  7100934.13.12.00557
56001,16.03.2023 до  16.03.2026    ЕАЭС KZ  7100934.13.12.00553
56002,08.10.2024 до  08.10.2027   ЕАЭС KZ 7100934.13.12.01040
56003,08.10.2024 до 08.10.2027     ЕАЭС KZ 7100934.13.12.01040
56005,08.10.2024 до  08.10.2027    ЕАЭС KZ 7100934.13.12.01040
56006,14.11.23 до  14.11.2026       ЕАЭС KZ  7100934.13.12.00792
56008,16.03.2023 до  16.03.2026    ЕАЭС KZ 7100934.13.12.00555
56009,16.03.2023 до  16.03.2026    ЕАЭС KZ 7100934.13.12.00556
56010,20.02.25 до 20.02.2028        ЕАЭС KZ 7100934.13.12.01130
56012,27.02.25 до 27.02.2028        ЕАЭС KZ 7100934.13.12.01137
56013,27.02.25 до 27.02.28     ЕАЭС KZ 7100934.13.12.01136
56016,27.02.25 до 27.02.28           ЕАЭС KZ 7100934.13.12.01135
56017,27.02.25 до  27.02.28    ЕАЭС KZ 7100934.13.12.01134
56018,09.06.2022 до 09.06.2025    ЕАЭС KZ 7100934.13.12.00317
56019,09.06.2022 до 09.06.2025    ЕАЭС KZ 7100934.13.12.00315
56020,09.06.2022 до 09.06.2025    ЕАЭС KZ 7100934.13.12.00316
56021,09.06.2022 до 09.06.2025    ЕАЭС KZ 7100934.13.12.00314
56022,27.12.2023 до 27.12.2026     ЕАЭС KZ 7100934.13.12.00834
56023,09.06.2022 до 09.06.2025     ЕАЭС KZ 7100934.13.12.00318
56024,09.06.2022 до 09.06.2025    ЕАЭС KZ 7100934.13.12.00319
56026,30.09.2022 до 30.09.2025     ЕАЭС KZ 7100934.13.12.00411
56027,07.12.2022 до 07.12.2025    ЕАЭС KZ 7100934.13.12.00452
56028,Информационное письмо исх. 1536/от 05.06.24г.
56030,"Письмо органа по
сертификации ТОО «ТДА СЕРВИС» № 0002/2025-ОПС от 5.01.2025 г. не
подлежит оценки соответствия"
56031,Письмо № 99 от 28.02.2025 г.
56037,EAЭС KZ 7500651.01.01.03621 с 31.10.2022 по 30.10.2027
56038,EAЭС KZ 7500651.01.01.03622 с 31.10.2022 по 30.10.2027
56039,EAЭС KZ 7500651.01.01.03623 с 31.10.2022 по 30.10.2027
56040,EAЭС KZ 7500651.01.01.03626 с 31.10.2022 по 30.10.2027
56041,EAЭС KZ 7500651.01.01.03627 с 31.10.2022 по 30.10.2025
56042,EAЭС KZ 7500651.22.01.00992 с 31.05.2021 по 31.05.2024
56044,EAЭС KZ 7500651.01.01.03624 с 31.10.2022 по 30.10.2027
56045,EAЭС KZ 7500651.13.12.08264 с 31.10.2022 по 30.10.2025
56047,EAЭС KZ 7500651.13.12.08263 с 31.10.2022 по 30.10.2027
56048,EAЭС KZ 7500651.01.01.03625 с 31.10.2022 по 30.10.2027
56049,EAЭС KZ 7500651.01.01.03647 с 02.11.2022 по 02.11.2025
56050,ЕАЭС KZ 4310317.01.01.00055 от 28.09.2023 г. до 25.09.2026г.
56051,ЕАЭС KZ 4310317.01.01.00055 от 28.09.2023 г. до 25.09.2026г
56052,ЕАЭС KZ 4310317.13.12.00460 от 28.09.2023г. до 25.09.2026г.
56054,ЕАЭС KZ 4310317.13.12.00456 от 28.09.2023г. до 25.09.2026 г.
56056,ЕАЭС KZ 4310317.01.01.00054 от 28.09.2023г. до 25.09.2026 г.
56057,ЕАЭС KZ 4310317.13.12.00458 от 28.09.2023г. до 25.09.2026 г.
56058,ЕАЭС KZ 4310317.13.12.00455 от 28.09.2023г. до  25.09.2026 г.
56059,ЕАЭС KZ 4310317.13.12.00457 от 28.09.2023г. до 25.09.2026г.
56061,ЕАЭС KZ 4310317.13.12.00697 от 23.09.2024г. до 25.09.2026 г.
56066,ЕАЭС KZ 4310317.13.12.00698 от 23.09.2023г.до 25.09.2026г.
56067,ЕАЭС KZ 4310317.01.01.00056 от 28.09.2023 г. до 25.09.2026г.
56069,Письмо исх.№ 6-6/637 от 04.10.2023г.
56070,ЕАЭС KZ 4310317.13.12.00453 от 28.09.2023 г до 25.09.2026 г.
56073,Письмо исх. №218 от 10.05.2023г.
56074,Письмо исх. № 6-6/76 от 27.01.2025 г.
56077,KZ.191017.01.01.00003 от 29.10.2021г.
56078,KZ.191017.01.01.00004 от 29.10.2021г.
56079,не подлежит обязательному подтверждению соответствия
56080,KZ.191017.01.01.00005 от 29.10.2021г.
56085,KZ.1910317.01.01.00266 с 16.09.2024г. до 10.09.2027г.
56087,"KZ 1910317.01.01.00260
с 16.08.2024г. до 16.08.2025г."
56088,KZ.1910317.13.12.00008 с 16.08.2024г. до16.08.2025г.
56091,KZ.1910317.01.01.00265 с 19.09.2024г. до 10.09.2027г.
56095,Письмо 01.09.2022 №СРБ-02/12-236
56099,KZ 7500533.13.12.00.172 с 17.12.2024г. до 10.09. 2027г.
56113,Письмо исх.126/10 от 23.01.2023г.
56115,KZ.7100841.01.01.26387 от 14.02.2025г. до10.09.2027г.
56125,ЕАС. KG417/046.KZ.02.03545 с 06.12.2024г до 05.12.2029г.
56126,ЕАС. KZ.7100841.01.01.06444 с 14.02.2025г. до 13.02.2028г.
56129,ЕАС. KG417/046.KZ.02.03544 с 06.12.2024г до 05.12.2029г.
56143,ЕАС. KG417/046. KZ.02.03548 с 06.12.2024г до 05.12.2029г.
56175,ЕАС. KG417/046. KZ.02.03545 с 06.12.2024г до 05.12.2029г.
56199,ЕАС. KG417/046. KZ.02.04243 с 27.01.2025г до 26.01.2030г.
56207,KZ № 0091975 22.04.2024-22.04.2027
56215,KZ 7100934.13.12.00950 22.04.2024-22.04.2027
56217,KZ № 0091977 05.09.2024-22.04.2027
56224,"KZ 7100934.13.12.00971
22.05.2024-22.05.2025"
56232,Письмо ТОО «Текс»№480 от 29.11.2022г.
